,Image_ID,Label,Cell_type,Area,Volume,Surface_area,Sphericity,Axis_major_length,Axis_minor_length
8,20260727_isolated_FBs_200_microL_001_C2_segmentation,9,spore,7.96622244058575,7.96622244058575,18.425489865749746,1.046887548002165,2.8517536352941715,1.99053770242309
10,20260727_isolated_FBs_200_microL_001_C2_segmentation,11,spore,7.70331080888325,7.70331080888325,20.076914967542137,0.9395186931379947,4.088700941488507,2.219733379228746
11,20260727_isolated_FBs_200_microL_001_C2_segmentation,12,spore,8.649792683012251,8.649792683012251,37.896257179419344,0.5377225767764151,5.144151515607776,2.1653909401201648
13,20260727_isolated_FBs_200_microL_001_C2_segmentation,14,spore,14.43384858046725,14.43384858046725,41.542018451662074,0.6901094273231421,5.294709842067535,2.070533092122925
14,20260727_isolated_FBs_200_microL_001_C2_segmentation,15,spore,6.730537771584,6.730537771584,15.678258762263553,1.0995613699945916,3.319428613801458,1.4548803409634354
16,20260727_isolated_FBs_200_microL_001_C2_segmentation,17,spore,5.5211442657525005,5.5211442657525005,11.219712416262466,1.346444519014466,2.985575142838017,0.9561401737093745
21,20260727_isolated_FBs_200_microL_001_C2_segmentation,22,spore,7.0197405664567505,7.0197405664567505,23.522460574108923,0.7537293318887893,2.673554230492828,2.2630661630939004
22,20260727_isolated_FBs_200_microL_001_C2_segmentation,23,spore,6.38875265037075,6.38875265037075,12.768133064510861,1.3040696087583832,2.924535692972895,1.3278116692082729
27,20260727_isolated_FBs_200_microL_001_C2_segmentation,28,spore,7.49298150352125,7.49298150352125,31.81507856142554,0.5820418755931055,5.162165559690372,1.8933965400048358
30,20260727_isolated_FBs_200_microL_001_C2_segmentation,31,spore,6.80941126109475,6.80941126109475,32.79733028076133,0.5297268758276749,5.086229925311544,1.904862484938577
34,20260727_isolated_FBs_200_microL_001_C2_segmentation,35,spore,6.204714508179,6.204714508179,12.46544507844158,1.309958499928799,2.729733838861464,1.8939534800692521
39,20260727_isolated_FBs_200_microL_001_C2_segmentation,40,spore,6.520208466222,6.520208466222,19.353433829602682,0.8721015936839026,5.181120293786529,1.541360077246653
41,20260727_isolated_FBs_200_microL_001_C2_segmentation,42,spore,6.07325869232775,6.07325869232775,13.187213683566215,1.2207093412722145,2.5487277952178573,2.0705665729999985
42,20260727_isolated_FBs_200_microL_001_C2_segmentation,43,spore,5.8366382237955,5.8366382237955,11.363274433912093,1.3796083440687177,3.0348119238278617,0.7228498657364816
44,20260727_isolated_FBs_200_microL_001_C2_segmentation,45,spore,6.2310056713492505,6.2310056713492505,15.173828413110368,1.0791812391220534,3.2049282191162636,1.4713491712854834
45,20260727_isolated_FBs_200_microL_001_C2_segmentation,46,spore,11.8310234266125,11.8310234266125,23.36122315741254,1.07482251673549,3.271992032086282,2.4932130312900287
50,20260727_isolated_FBs_200_microL_001_C2_segmentation,51,spore,5.49485310258225,5.49485310258225,23.203066240000105,0.6489971690506016,3.685980395031362,2.2624526027461043
51,20260727_isolated_FBs_200_microL_001_C2_segmentation,52,spore,6.2310056713492505,6.2310056713492505,19.29975184928798,0.8484726164854808,3.9331650862670595,1.5782531360183825
53,20260727_isolated_FBs_200_microL_001_C2_segmentation,54,spore,5.7314735711145,5.7314735711145,11.905543798789315,1.3009055010777077,2.6673406628558225,1.83199095271591
54,20260727_isolated_FBs_200_microL_001_C2_segmentation,55,spore,5.91551171330625,5.91551171330625,17.355136165378333,0.9114180911288751,3.5714590233464185,1.6427144556035995
55,20260727_isolated_FBs_200_microL_001_C2_segmentation,56,spore,8.518336867161,8.518336867161,23.246361454975577,0.8676921704826469,3.875147083727591,2.0574187997186644
56,20260727_isolated_FBs_200_microL_001_C2_segmentation,57,spore,7.17748754547825,7.17748754547825,16.117713780067273,1.1164235361804649,3.2108249633446255,2.096531571537625
57,20260727_isolated_FBs_200_microL_001_C2_segmentation,58,spore,9.49110990446025,9.49110990446025,28.52753911135897,0.7599140659084327,4.914833292666003,2.5604302146720515
61,20260727_isolated_FBs_200_microL_001_C2_segmentation,62,spore,6.96715824011625,6.96715824011625,16.48233288178499,1.0702926913034663,2.958604459801164,2.2034885724388893
62,20260727_isolated_FBs_200_microL_001_C2_segmentation,63,spore,7.0197405664567505,7.0197405664567505,15.773095634690128,1.1240386100183444,2.794258818459719,1.9620426673293874
64,20260727_isolated_FBs_200_microL_001_C2_segmentation,65,spore,7.23006987181875,7.23006987181875,14.144377247763122,1.2783858543104443,2.7149314367314425,1.9394155843506076
66,20260727_isolated_FBs_200_microL_001_C2_segmentation,67,spore,7.59814615620225,7.59814615620225,30.373400964866416,0.6153598121234738,5.822260874628285,1.594922590200412
70,20260727_isolated_FBs_200_microL_001_C2_segmentation,71,spore,6.12584101866825,6.12584101866825,26.1016059489694,0.6202889481145517,5.621067216052141,1.7898246450086877
73,20260727_isolated_FBs_200_microL_001_C2_segmentation,74,spore,6.44133497671125,6.44133497671125,24.36219774720194,0.6872027947819054,5.705106579759026,1.796116244699435
74,20260727_isolated_FBs_200_microL_001_C2_segmentation,75,spore,6.520208466222,6.520208466222,17.70068936620433,0.9535312516289722,3.2742460772164472,1.8141082701560773
75,20260727_isolated_FBs_200_microL_001_C2_segmentation,76,spore,9.780312699333,9.780312699333,29.80206563461093,0.7421179187077529,5.677224594518661,1.7691641276609489
78,20260727_isolated_FBs_200_microL_001_C2_segmentation,79,spore,5.573726592093,5.573726592093,11.510554339137492,1.3207430257488237,2.998768946549753,0.77719807677182
79,20260727_isolated_FBs_200_microL_001_C2_segmentation,80,spore,6.33617032403025,6.33617032403025,14.170907759093925,1.168524122157643,2.8928660351731272,1.9170652805976443
80,20260727_isolated_FBs_200_microL_001_C2_segmentation,81,spore,5.0741944918582504,5.0741944918582504,11.630390498202097,1.2278196158966872,4.5501418207652415,2.356080457693621e-08
83,20260727_isolated_FBs_200_microL_001_C2_segmentation,84,spore,5.678891244774,5.678891244774,13.723137007018805,1.1216906326919982,3.1261263630184306,1.109831321337491
85,20260727_isolated_FBs_200_microL_001_C2_segmentation,86,spore,5.5211442657525005,5.5211442657525005,19.909999176682298,0.7587504225257561,5.225151379177361,1.620981389650964
93,20260727_isolated_FBs_200_microL_001_C2_segmentation,94,spore,5.2582326340500005,5.2582326340500005,21.130191264636593,0.6920549198846881,3.973132526108143,1.5864757481512022
94,20260727_isolated_FBs_200_microL_001_C2_segmentation,95,spore,13.8291518275515,13.8291518275515,47.841458302113296,0.5823848626605781,3.872416450424413,2.682135347701118
97,20260727_isolated_FBs_200_microL_001_C2_segmentation,98,spore,6.625373118903,6.625373118903,25.729875286662377,0.6630098860873544,3.499477399696608,2.096432248047911
98,20260727_isolated_FBs_200_microL_001_C2_segmentation,99,spore,10.33242712590825,10.33242712590825,38.79470343527478,0.5913527064939769,5.181024800502508,2.328541901996364
100,20260727_isolated_FBs_200_microL_001_C2_segmentation,101,spore,5.2056503077095,5.2056503077095,12.84810651408169,1.1305635774236757,2.8331477688582787,1.7922640979963913
105,20260727_isolated_FBs_200_microL_001_C2_segmentation,106,spore,6.520208466222,6.520208466222,15.681896127595445,1.0762831451454358,2.720894017460434,1.9534149789452768
108,20260727_isolated_FBs_200_microL_001_C2_segmentation,109,spore,8.86012198837425,8.86012198837425,19.065315205870284,1.0860919687307338,3.3702193728505594,2.073462714125283
110,20260727_isolated_FBs_200_microL_001_C2_segmentation,111,spore,7.3089433613295,7.3089433613295,13.752374397556693,1.3243705098442828,2.81986607291998,2.033386671571419
111,20260727_isolated_FBs_200_microL_001_C2_segmentation,112,spore,6.099549855498,6.099549855498,12.166214782084932,1.3269681597735672,2.5913397918522123,2.028573370173257
120,20260727_isolated_FBs_200_microL_001_C2_segmentation,121,spore,7.80847546156425,7.80847546156425,17.37533018587132,1.095456722268668,2.9403047592013305,1.9408886648393853
121,20260727_isolated_FBs_200_microL_001_C2_segmentation,122,spore,5.442270776241751,5.442270776241751,12.45881021610723,1.200957535465716,2.843490250264059,1.7602793936542562
122,20260727_isolated_FBs_200_microL_001_C2_segmentation,123,spore,13.513657869508501,13.513657869508501,50.95973163381029,0.5384006868690595,8.9514834518464,2.043032958365359
123,20260727_isolated_FBs_200_microL_001_C2_segmentation,124,spore,6.17842334500875,6.17842334500875,12.362625914560265,1.3171194762979341,2.5692060822829728,1.9885328842692798
124,20260727_isolated_FBs_200_microL_001_C2_segmentation,125,spore,7.571854993032,7.571854993032,23.338107825438907,0.7990120726683698,4.6829181872739385,1.7622912225087886
131,20260727_isolated_FBs_200_microL_001_C2_segmentation,132,spore,7.36152568767,7.36152568767,26.692013488361212,0.6856166305345044,6.149729085733074,1.824557678223267
132,20260727_isolated_FBs_200_microL_001_C2_segmentation,133,spore,11.69956761076125,11.69956761076125,31.998273667434237,0.7788804152393186,4.887019342312632,2.1947955259914007
133,20260727_isolated_FBs_200_microL_001_C2_segmentation,134,spore,9.43852757811975,9.43852757811975,25.753387196487953,0.8386600065001379,4.080722925123312,2.0582586780570677
135,20260727_isolated_FBs_200_microL_001_C2_segmentation,136,spore,5.7314735711145,5.7314735711145,12.221975401729273,1.26722456166744,2.729616407461715,1.793754772380438
143,20260727_isolated_FBs_200_microL_001_C2_segmentation,144,spore,6.3624614872005,6.3624614872005,12.884878358022759,1.2887061842653031,2.8132613375353666,1.9361039424091133
146,20260727_isolated_FBs_200_microL_001_C2_segmentation,147,spore,5.49485310258225,5.49485310258225,22.31609301265335,0.6747921463902876,3.683561218948857,2.1161124101766298
147,20260727_isolated_FBs_200_microL_001_C2_segmentation,148,spore,10.6742122471215,10.6742122471215,27.098757784169358,0.8651510995857604,4.871805634533176,1.9438354455247155
150,20260727_isolated_FBs_200_microL_001_C2_segmentation,151,spore,5.3108149603905,5.3108149603905,9.745514602744052,1.5104979072288032,2.957119765828283,0.0
153,20260727_isolated_FBs_200_microL_001_C2_segmentation,154,spore,5.6263089184335,5.6263089184335,17.950621993258522,0.8522238267116743,2.8591141380289717,2.4039984200253888
158,20260727_isolated_FBs_200_microL_001_C2_segmentation,159,spore,13.592531359019251,13.592531359019251,45.21588184237798,0.6091534126983534,7.295284063647672,2.278054321186778
159,20260727_isolated_FBs_200_microL_001_C2_segmentation,160,spore,5.7314735711145,5.7314735711145,9.490611352834275,1.631927264257985,3.1586130193105664,0.0
162,20260727_isolated_FBs_200_microL_001_C2_segmentation,163,spore,10.12209782054625,10.12209782054625,30.95044080924507,0.7311351087976383,7.311537659430197,2.1195825502333383
168,20260727_isolated_FBs_200_microL_001_C2_segmentation,169,spore,7.23006987181875,7.23006987181875,17.34795451374203,1.042311459673669,2.9112859546059773,2.0199973942351073
171,20260727_isolated_FBs_200_microL_001_C2_segmentation,172,spore,9.017868967395751,9.017868967395751,32.258911936344184,0.6494868412491744,4.293995368812666,2.429670385474237
173,20260727_isolated_FBs_200_microL_001_C2_segmentation,174,spore,8.1502605827775,8.1502605827775,18.430417137373663,1.062665601381353,3.5944074669846047,2.013976573322953
176,20260727_isolated_FBs_200_microL_001_C2_segmentation,177,spore,6.44133497671125,6.44133497671125,20.388171222760523,0.8211511565204427,2.9514673362107184,2.1154863064925706
178,20260727_isolated_FBs_200_microL_001_C2_segmentation,179,spore,8.28171639862875,8.28171639862875,20.589561752242407,0.9614290888111849,5.29555208097854,1.674360762859573
184,20260727_isolated_FBs_200_microL_001_C2_segmentation,185,spore,7.256361034989,7.256361034989,21.84816353959141,0.8296248935515396,4.391207405290545,2.0431985595262843
187,20260727_isolated_FBs_200_microL_001_C2_segmentation,188,spore,5.5211442657525005,5.5211442657525005,17.0773069722213,0.8846078783012102,3.332081392145789,1.4688341644648752
188,20260727_isolated_FBs_200_microL_001_C2_segmentation,189,spore,7.07232289279725,7.07232289279725,18.178733662139912,0.9801560344162117,3.410778156810343,1.8696279207310287
189,20260727_isolated_FBs_200_microL_001_C2_segmentation,190,spore,6.940867076946001,6.940867076946001,15.03374223159347,1.170467905812296,3.173289648625329,2.0115453313285463
190,20260727_isolated_FBs_200_microL_001_C2_segmentation,191,spore,8.123969419607251,8.123969419607251,26.24220961567147,0.7447249619634407,5.917486196210852,1.9927951341737746
192,20260727_isolated_FBs_200_microL_001_C2_segmentation,193,spore,5.86292938696575,5.86292938696575,17.690168690616204,0.8888502370603811,3.165230346855814,1.4954683740796708
206,20260727_isolated_FBs_200_microL_001_C2_segmentation,207,spore,5.7840558974550005,5.7840558974550005,16.689100449812944,0.933697473008496,3.4523401342044933,1.562311330912786
207,20260727_isolated_FBs_200_microL_001_C2_segmentation,208,spore,5.23194147087975,5.23194147087975,27.55238228191873,0.5289730589142866,4.571582013392024,1.865925278482387
210,20260727_isolated_FBs_200_microL_001_C2_segmentation,211,spore,5.8366382237955,5.8366382237955,13.334133165665108,1.1756945899816873,2.910311951344304,1.7069208213366898
212,20260727_isolated_FBs_200_microL_001_C2_segmentation,213,spore,16.405685818236,16.405685818236,72.33709129896462,0.4316376734420317,7.775836584058779,2.4211294705200586
213,20260727_isolated_FBs_200_microL_001_C2_segmentation,214,spore,6.415043813541001,6.415043813541001,20.265654944394218,0.823865971281668,4.0054548071589,2.3165258125645454
216,20260727_isolated_FBs_200_microL_001_C2_segmentation,217,spore,5.7840558974550005,5.7840558974550005,13.457165537840876,1.1579385623932388,2.7595111419633747,1.9883712864957768
233,20260727_isolated_FBs_200_microL_001_C2_segmentation,234,spore,6.861993587435251,6.861993587435251,29.326943766540257,0.5954576191586856,4.201383819171016,1.6001202894822881
244,20260727_isolated_FBs_200_microL_001_C2_segmentation,245,spore,7.5192726666915,7.5192726666915,23.045165674718294,0.8054183356417268,3.285496626336461,1.8370613286029882
261,20260727_isolated_FBs_200_microL_001_C2_segmentation,262,spore,5.33710612356075,5.33710612356075,29.173855540127803,0.5062451264106419,4.391997655773367,1.6705860235342664
263,20260727_isolated_FBs_200_microL_001_C2_segmentation,264,spore,5.02161216551775,5.02161216551775,27.32373255663498,0.5190065958689432,3.8889063342741506,1.3593413018701632
278,20260727_isolated_FBs_200_microL_001_C2_segmentation,279,spore,8.6760838461825,8.6760838461825,36.005490737354904,0.5671064022940853,3.71460228027517,2.2268128311752995
300,20260727_isolated_FBs_200_microL_001_C2_segmentation,301,spore,5.5211442657525005,5.5211442657525005,25.970488490661545,0.5816879529712048,4.632445132377743,1.4623237180684983
318,20260727_isolated_FBs_200_microL_001_C2_segmentation,319,spore,7.44039917718075,7.44039917718075,36.55720177700389,0.5041680683461451,4.1514239705269835,1.9956923954088257
325,20260727_isolated_FBs_200_microL_001_C2_segmentation,326,spore,6.677955445243501,6.677955445243501,41.78918372676654,0.4103765925942385,3.9605137777501267,2.1275508173005364
340,20260727_isolated_FBs_200_microL_001_C2_segmentation,341,spore,5.60001775526325,5.60001775526325,24.94310142544968,0.611401651912261,2.905640390152537,1.9509173102610757
342,20260727_isolated_FBs_200_microL_001_C2_segmentation,343,spore,8.54462803033125,8.54462803033125,41.09214169285961,0.49187428891533574,7.311887172521371,1.89301519827818
403,20260727_isolated_FBs_200_microL_001_C2_segmentation,404,spore,5.705182407944251,5.705182407944251,23.931963377385784,0.6451868163443019,4.4077219327647,1.6748202902796543
407,20260727_isolated_FBs_200_microL_001_C2_segmentation,408,spore,7.17748754547825,7.17748754547825,33.50356734293614,0.5370829568476144,3.865612945693493,2.0206611909758214
410,20260727_isolated_FBs_200_microL_001_C2_segmentation,411,spore,8.097678256437,8.097678256437,32.10637940514607,0.6073883658346135,6.394951698059003,1.7698112052600052
415,20260727_isolated_FBs_200_microL_001_C2_segmentation,416,spore,5.81034706062525,5.81034706062525,21.971586044546918,0.7113621700487063,3.619847652880184,1.586127070560279
423,20260727_isolated_FBs_200_microL_001_C2_segmentation,424,spore,8.75495733569325,8.75495733569325,29.79022028143578,0.6895722337832823,4.697959569570006,1.7753658195926505
432,20260727_isolated_FBs_200_microL_001_C2_segmentation,433,spore,7.44039917718075,7.44039917718075,35.96659103173723,0.5124470592108289,7.0618873106752815,2.232991487179296
435,20260727_isolated_FBs_200_microL_001_C2_segmentation,436,spore,5.6263089184335,5.6263089184335,26.72275208607994,0.5724690225644208,5.526847092159008,1.488865447829048
436,20260727_isolated_FBs_200_microL_001_C2_segmentation,437,spore,7.96622244058575,7.96622244058575,33.958624510686604,0.5680270088743793,7.7417673245970855,1.5863984670683071
439,20260727_isolated_FBs_200_microL_001_C2_segmentation,440,spore,8.70237500935275,8.70237500935275,33.265557878330284,0.6150557876335906,5.6872705839754945,1.8111777444089219
440,20260727_isolated_FBs_200_microL_001_C2_segmentation,441,spore,6.677955445243501,6.677955445243501,24.87182356539133,0.6895072562732384,5.033971268884303,1.778604870229078
449,20260727_isolated_FBs_200_microL_001_C2_segmentation,450,spore,5.2582326340500005,5.2582326340500005,27.966864814994665,0.5228778026972776,3.536653633748029,1.814298728442398
463,20260727_isolated_FBs_200_microL_001_C2_segmentation,464,spore,6.65166428207325,6.65166428207325,21.55511509223013,0.7935129026974279,3.2342819749598997,1.9049789693322756
464,20260727_isolated_FBs_200_microL_001_C2_segmentation,465,spore,7.782184298394,7.782184298394,24.40684489281995,0.7781084966888451,3.1868973709559243,2.0114917623523145
466,20260727_isolated_FBs_200_microL_001_C2_segmentation,467,spore,7.782184298394,7.782184298394,26.549736306194344,0.715305537103926,3.0948768103961597,2.0236753982715467
475,20260727_isolated_FBs_200_microL_001_C2_segmentation,476,spore,7.17748754547825,7.17748754547825,28.394965242068302,0.6337107603438153,5.563997179206943,1.746741489469261
480,20260727_isolated_FBs_200_microL_001_C2_segmentation,481,spore,5.442270776241751,5.442270776241751,36.964803157053964,0.40477699687455093,7.922383924781581,1.7222178650737174
490,20260727_isolated_FBs_200_microL_001_C2_segmentation,491,spore,5.0741944918582504,5.0741944918582504,17.897391290647747,0.7978828513233088,3.036623906763935,1.6392973919560814
493,20260727_isolated_FBs_200_microL_001_C2_segmentation,494,spore,5.2582326340500005,5.2582326340500005,24.239573640671594,0.6032801170339007,5.891704866567507,1.462960843338018
497,20260727_isolated_FBs_200_microL_001_C2_segmentation,498,spore,6.940867076946001,6.940867076946001,22.206832307709554,0.7923918433078857,2.8199872231967573,2.0404947293468703
498,20260727_isolated_FBs_200_microL_001_C2_segmentation,499,spore,5.12677681819875,5.12677681819875,18.769564869226805,0.7660542526271187,3.126837273737775,1.6372925560083003
510,20260727_isolated_FBs_200_microL_001_C2_segmentation,511,spore,9.64885688348175,9.64885688348175,35.25317301729142,0.6217319062777549,6.658428003595312,1.7790881256151545
511,20260727_isolated_FBs_200_microL_001_C2_segmentation,512,spore,5.23194147087975,5.23194147087975,24.09777869296724,0.6048054520600189,5.425897071291844,1.571308376512021
521,20260727_isolated_FBs_200_microL_001_C2_segmentation,522,spore,5.1004856550285,5.1004856550285,18.662927327233582,0.7677951772492319,3.244501221534023,1.4211187835954262
523,20260727_isolated_FBs_200_microL_001_C2_segmentation,524,spore,5.442270776241751,5.442270776241751,19.32628296248412,0.7742048505145143,2.98578937161242,1.8234310032146526
525,20260727_isolated_FBs_200_microL_001_C2_segmentation,526,spore,5.2582326340500005,5.2582326340500005,19.73597605011018,0.7409439890719048,3.0161346054348033,1.5765997795674405
532,20260727_isolated_FBs_200_microL_001_C2_segmentation,533,spore,5.38968844990125,5.38968844990125,24.447086437951356,0.6080875673572673,6.497152356877442,1.4243200729629746
535,20260727_isolated_FBs_200_microL_001_C2_segmentation,536,spore,7.5192726666915,7.5192726666915,25.304528510630345,0.7335050315014583,3.9384641952756803,1.7005913996853557
539,20260727_isolated_FBs_200_microL_001_C2_segmentation,540,spore,7.4666903403510005,7.4666903403510005,29.426802234432557,0.6278074730681721,5.716916341971925,1.6018557236243098
546,20260727_isolated_FBs_200_microL_001_C2_segmentation,547,spore,5.3108149603905,5.3108149603905,19.756411499392136,0.7451039078005413,3.300043414833089,1.641107257427913
547,20260727_isolated_FBs_200_microL_001_C2_segmentation,548,spore,5.4159796130715,5.4159796130715,19.47619164025764,0.7657695607329419,3.5637093033016183,1.6683951689222754
557,20260727_isolated_FBs_200_microL_001_C2_segmentation,558,spore,11.883605752953,11.883605752953,35.368862290694295,0.7120249160736978,5.202849546802486,2.0022162912678554
568,20260727_isolated_FBs_200_microL_001_C2_segmentation,569,spore,8.2554252354585,8.2554252354585,31.131223456116004,0.6345232910696423,4.047750574759322,1.328337672148013
570,20260727_isolated_FBs_200_microL_001_C2_segmentation,571,spore,7.2826521981592505,7.2826521981592505,28.603515701839733,0.6352203771872305,5.864251709466658,1.8394792074575403
571,20260727_isolated_FBs_200_microL_001_C2_segmentation,572,spore,5.5211442657525005,5.5211442657525005,21.15576950254847,0.7140709434358018,4.110384672522726,1.3868090430644588
573,20260727_isolated_FBs_200_microL_001_C2_segmentation,574,spore,5.4159796130715,5.4159796130715,19.06691032950894,0.7822072092104289,2.8751364599669733,1.668786825961063
581,20260727_isolated_FBs_200_microL_001_C2_segmentation,582,spore,5.0741944918582504,5.0741944918582504,18.270993583949164,0.7815678730671657,3.4735550349715227,1.5150179701636164
586,20260727_isolated_FBs_200_microL_001_C2_segmentation,587,spore,5.573726592093,5.573726592093,19.460585784288057,0.7811935639775434,3.905979635472645,1.4359025404813088
588,20260727_isolated_FBs_200_microL_001_C2_segmentation,589,spore,5.75776473428475,5.75776473428475,22.357140896000143,0.6948703875890031,3.7552262527461213,1.7999426692447325
590,20260727_isolated_FBs_200_microL_001_C2_segmentation,591,spore,5.12677681819875,5.12677681819875,19.05501771250824,0.7545784110498788,3.357393035123335,1.641957419331266
591,20260727_isolated_FBs_200_microL_001_C2_segmentation,592,spore,5.02161216551775,5.02161216551775,17.563850279764168,0.80740823878413,3.4137165713771593,1.5962532710693118
595,20260727_isolated_FBs_200_microL_001_C2_segmentation,596,spore,5.02161216551775,5.02161216551775,21.674726753187244,0.6542734117082795,4.569586234715227,1.4472742744381077
599,20260727_isolated_FBs_200_microL_001_C2_segmentation,600,spore,6.5727907925625,6.5727907925625,22.361458364616517,0.7588405674022264,3.735750689237988,1.8268612580100887
602,20260727_isolated_FBs_200_microL_001_C2_segmentation,603,spore,6.59908195573275,6.59908195573275,23.687479614208485,0.7182698202555386,3.8239822023632675,1.720792564225875
606,20260727_isolated_FBs_200_microL_001_C2_segmentation,607,spore,5.5211442657525005,5.5211442657525005,23.176624972660314,0.6518084624321008,4.699076971540551,1.347957124546506
607,20260727_isolated_FBs_200_microL_001_C2_segmentation,608,spore,6.28358799768975,6.28358799768975,21.200369809643504,0.7767462326119942,2.8738395488372555,2.0257693032425492
609,20260727_isolated_FBs_200_microL_001_C2_segmentation,610,spore,5.54743542892275,5.54743542892275,18.930375527477672,0.8005461976458388,3.078188637064315,1.7710659835702514
613,20260727_isolated_FBs_200_microL_001_C2_segmentation,614,spore,6.835702424265,6.835702424265,24.139515159705788,0.7215686903136237,4.170560588671994,1.6281754160372652
626,20260727_isolated_FBs_200_microL_001_C2_segmentation,627,spore,6.940867076946001,6.940867076946001,28.324969208604756,0.6212367842924077,5.707122955217605,1.576387992493222
652,20260727_isolated_FBs_200_microL_001_C2_segmentation,653,spore,6.415043813541001,6.415043813541001,21.445846405579733,0.7785276075687321,3.0093386794564543,1.944901029943943
660,20260727_isolated_FBs_200_microL_001_C2_segmentation,661,spore,5.7314735711145,5.7314735711145,20.445117333288252,0.7575396691878818,3.2627260360853922,1.7409215491427816
663,20260727_isolated_FBs_200_microL_001_C2_segmentation,664,spore,6.02067636598725,6.02067636598725,21.847609399009627,0.732560881387877,3.8744479383181947,1.5852903774282223
665,20260727_isolated_FBs_200_microL_001_C2_segmentation,666,spore,9.4122364149495,9.4122364149495,26.90439410014597,0.8012895149975752,3.4674476677322414,2.0939645028899734
668,20260727_isolated_FBs_200_microL_001_C2_segmentation,669,spore,7.49298150352125,7.49298150352125,23.12553945074194,0.8007470717592283,3.3262622853383492,1.9953540396336937
716,20260727_isolated_FBs_200_microL_001_C2_segmentation,717,spore,12.908961116592751,12.908961116592751,40.99846013909314,0.6490987521483628,4.929113383946187,2.192873526832521
782,20260727_isolated_FBs_200_microL_001_C2_segmentation,53,vc,6.33617032403025,6.33617032403025,57.94564211866304,0.28576864357568055,4.854596832206691,3.047595242726606
808,20260727_isolated_FBs_200_microL_001_C2_segmentation,79,vc,6.65166428207325,6.65166428207325,20.23729616217225,0.8451851377648028,4.373293597819389,1.4570876247019149
964,20260727_isolated_FBs_200_microL_003_C2_segmentation,84,spore,19.63949888817675,19.63949888817675,82.82384075135816,0.42502619140134934,9.166555813304907,2.5551895437556817
982,20260727_isolated_FBs_200_microL_003_C2_segmentation,102,spore,23.21509707933075,23.21509707933075,90.03343734229766,0.43711324141649155,9.418358926891049,2.4411185622219467
988,20260727_isolated_FBs_200_microL_003_C2_segmentation,108,spore,20.21790447792225,20.21790447792225,81.59618610160697,0.4398504340742955,8.713332455463297,2.499039358153005
989,20260727_isolated_FBs_200_microL_003_C2_segmentation,109,spore,20.00757517256025,20.00757517256025,93.8767587922982,0.3796548999309762,7.604018137879505,2.6821206826458193
997,20260727_isolated_FBs_200_microL_003_C2_segmentation,117,spore,25.1869343170995,25.1869343170995,124.66654837888964,0.3333120864249201,10.663375432261951,3.4417337306547795
999,20260727_isolated_FBs_200_microL_003_C2_segmentation,119,spore,18.53527003502625,18.53527003502625,69.58467577031057,0.48674682594371876,6.104589508904133,2.761879765125326
1001,20260727_isolated_FBs_200_microL_003_C2_segmentation,121,spore,20.37565145694375,20.37565145694375,74.17738509602582,0.4863552486033417,8.295961664794744,2.6316849065316936
1004,20260727_isolated_FBs_200_microL_003_C2_segmentation,124,spore,13.38220205365725,13.38220205365725,50.30692381046826,0.5418446022334786,5.793830890877235,2.115070753851455
1008,20260727_isolated_FBs_200_microL_003_C2_segmentation,128,spore,18.06202909796175,18.06202909796175,67.06353958936964,0.4964117027209307,8.429476259341284,2.073166427666466
1009,20260727_isolated_FBs_200_microL_003_C2_segmentation,129,spore,23.21509707933075,23.21509707933075,81.63768422033661,0.4820666829101054,8.451133163224792,2.7284015718846537
1015,20260727_isolated_FBs_200_microL_003_C2_segmentation,135,spore,22.610400326415,22.610400326415,83.5833073807533,0.4626331407023297,8.682652320208923,2.5809954713447896
1020,20260727_isolated_FBs_200_microL_003_C2_segmentation,140,spore,14.27610160144575,14.27610160144575,40.08580523754322,0.7099589948027849,5.115493057372572,2.3776661643502424
1023,20260727_isolated_FBs_200_microL_003_C2_segmentation,143,spore,19.95499284621975,19.95499284621975,50.52633889341471,0.7041535040110373,5.110601692288168,2.6464606080859086
1024,20260727_isolated_FBs_200_microL_003_C2_segmentation,144,spore,17.457332345046,17.457332345046,46.80215245169134,0.6953501470385482,5.4335765798086415,2.4449265030764624
1025,20260727_isolated_FBs_200_microL_003_C2_segmentation,145,spore,16.537141634087252,16.537141634087252,51.817648086451044,0.6057778524414082,6.346308119886101,2.402407942413807
1026,20260727_isolated_FBs_200_microL_003_C2_segmentation,146,spore,18.324940729664252,18.324940729664252,46.90198154261534,0.7166734549236785,5.761756444240843,2.409640787571913
1027,20260727_isolated_FBs_200_microL_003_C2_segmentation,147,spore,23.68833801639525,23.68833801639525,73.47806361192131,0.5428537173436939,8.439200758449795,2.7787801053226655
1028,20260727_isolated_FBs_200_microL_003_C2_segmentation,148,spore,19.48175190915525,19.48175190915525,59.67115999238527,0.5867750642369163,5.422099203919792,2.7756452137565466
1029,20260727_isolated_FBs_200_microL_003_C2_segmentation,149,spore,15.48549510727725,15.48549510727725,44.31966040291436,0.6779085281263495,5.009617464551715,2.2282450465438237
1030,20260727_isolated_FBs_200_microL_003_C2_segmentation,150,spore,20.11273982524125,20.11273982524125,66.95300379097318,0.534188927956838,6.470265616812758,2.43324982976363
1031,20260727_isolated_FBs_200_microL_003_C2_segmentation,151,spore,13.776569501211,13.776569501211,76.84932671735837,0.36163582701894276,5.317786392399483,2.682069182197031
1032,20260727_isolated_FBs_200_microL_003_C2_segmentation,152,spore,13.69769601170025,13.69769601170025,47.235619361036804,0.5861105329224867,3.769541285508562,2.635912142843204
1035,20260727_isolated_FBs_200_microL_003_C2_segmentation,155,spore,13.802860664381251,13.802860664381251,45.42218759041812,0.61262607916673,4.741064699934877,2.345106176169449
1037,20260727_isolated_FBs_200_microL_003_C2_segmentation,157,spore,21.769083104967002,21.769083104967002,77.00748058106173,0.4896036359515196,9.665618678579175,2.3311869281636763
1038,20260727_isolated_FBs_200_microL_003_C2_segmentation,158,spore,10.4638829417595,10.4638829417595,74.25488697357575,0.3115690653705175,4.089003512207073,2.7306327807046262
1040,20260727_isolated_FBs_200_microL_003_C2_segmentation,160,spore,17.352167692365,17.352167692365,60.44262238009598,0.5362615387815657,6.0892082504822405,2.23209193677855
1041,20260727_isolated_FBs_200_microL_003_C2_segmentation,161,spore,19.455460745985,19.455460745985,53.637180257661804,0.6521976045643297,5.9680568585555065,2.4994221477755914
1043,20260727_isolated_FBs_200_microL_003_C2_segmentation,163,spore,19.455460745985,19.455460745985,79.97084843670582,0.43743490488686354,4.920610339895069,2.9549902963732624
1044,20260727_isolated_FBs_200_microL_003_C2_segmentation,164,spore,18.11461142430225,18.11461142430225,41.46236139387551,0.8044815839132028,3.9010905703799548,3.0046666396766066
1045,20260727_isolated_FBs_200_microL_003_C2_segmentation,165,spore,16.01131837068225,16.01131837068225,40.86884623484127,0.7516975635383828,4.629632821507737,2.4542104944293452
1046,20260727_isolated_FBs_200_microL_003_C2_segmentation,166,spore,23.00476777396875,23.00476777396875,94.59444478778087,0.4135205159413085,8.84063211795108,2.6532450682262794
1049,20260727_isolated_FBs_200_microL_003_C2_segmentation,169,spore,22.662982652755502,22.662982652755502,71.77122226145774,0.5396081408517432,8.487616024496619,2.4913654905902165
1050,20260727_isolated_FBs_200_microL_003_C2_segmentation,170,spore,23.5042998742035,23.5042998742035,82.58193438220934,0.4805043081836199,10.21245736173774,2.6243533095716653
1051,20260727_isolated_FBs_200_microL_003_C2_segmentation,171,spore,5.28452379722025,5.28452379722025,24.23440674517856,0.6054184293844556,3.1481432975753534,1.7922996075334712
1052,20260727_isolated_FBs_200_microL_003_C2_segmentation,172,spore,15.7221155758095,15.7221155758095,43.668260824550714,0.6950118646270173,4.731681157616439,2.625639561568928
1053,20260727_isolated_FBs_200_microL_003_C2_segmentation,173,spore,25.94937804903675,25.94937804903675,103.34536644562121,0.4101516066257726,10.122443298860613,2.4596462188051578
1054,20260727_isolated_FBs_200_microL_003_C2_segmentation,174,spore,17.32587652919475,17.32587652919475,51.91290403409474,0.6237428931474118,4.750331426222491,2.789467323465719
1055,20260727_isolated_FBs_200_microL_003_C2_segmentation,175,spore,19.9287016830495,19.9287016830495,71.25918012877821,0.49884157372835786,6.30515067531535,2.566288242856
1056,20260727_isolated_FBs_200_microL_003_C2_segmentation,176,spore,19.087384461601502,19.087384461601502,50.37392209707438,0.6856607758512663,5.580677331614131,2.4873150104099517
1057,20260727_isolated_FBs_200_microL_003_C2_segmentation,177,spore,19.27142260379325,19.27142260379325,49.30509376171298,0.705020132609947,5.680299181313712,2.4270944349977412
1058,20260727_isolated_FBs_200_microL_003_C2_segmentation,178,spore,19.7183723776875,19.7183723776875,48.89419738055037,0.7218952414192965,5.223361735098962,2.7297807712537274
1059,20260727_isolated_FBs_200_microL_003_C2_segmentation,179,spore,20.3493602937735,20.3493602937735,86.93170521639152,0.41464181797867794,8.752157011977783,2.1260138652180296
1060,20260727_isolated_FBs_200_microL_003_C2_segmentation,180,spore,16.379394655065752,16.379394655065752,42.644980065369865,0.7313884654138142,4.895589743635698,2.4347268900967403
1061,20260727_isolated_FBs_200_microL_003_C2_segmentation,181,spore,18.403814219175,18.403814219175,50.317455336508175,0.6699422205602777,4.9788517928558536,2.757046615742739
1064,20260727_isolated_FBs_200_microL_003_C2_segmentation,184,spore,16.931509081641,16.931509081641,47.56621282012792,0.6703721985714673,5.168961907702643,2.4839933040867512
1065,20260727_isolated_FBs_200_microL_003_C2_segmentation,185,spore,23.872376158587002,23.872376158587002,68.0958116926459,0.588790538956714,6.388353667102185,2.6871362101924436
1066,20260727_isolated_FBs_200_microL_003_C2_segmentation,186,spore,19.665790051347,19.665790051347,54.252619344304385,0.6494379739343537,6.016163106294886,2.5311391611740857
1067,20260727_isolated_FBs_200_microL_003_C2_segmentation,187,spore,19.84982819353875,19.84982819353875,76.69443657694008,0.4622654458013167,9.344843273262288,2.4596646955735597
1069,20260727_isolated_FBs_200_microL_003_C2_segmentation,189,spore,23.031058937139,23.031058937139,70.368541455352,0.556307411856299,7.245880268885246,2.545577818118336
1070,20260727_isolated_FBs_200_microL_003_C2_segmentation,190,spore,15.038545333383,15.038545333383,40.41243849987841,0.7290762548318691,4.28431902583528,2.666602981412686
1071,20260727_isolated_FBs_200_microL_003_C2_segmentation,191,spore,17.1944207133435,17.1944207133435,46.87623035182082,0.6872632855629924,4.506815587471872,2.7192532119226382
1073,20260727_isolated_FBs_200_microL_003_C2_segmentation,193,spore,18.9822198089205,18.9822198089205,52.148018008287906,0.6598992727236607,5.766499889208335,2.421848819341528
1074,20260727_isolated_FBs_200_microL_003_C2_segmentation,194,spore,14.249810438275501,14.249810438275501,39.32774581898974,0.7227550390037435,4.595582048001553,2.3727235542056517
1075,20260727_isolated_FBs_200_microL_003_C2_segmentation,195,spore,18.482687708685752,18.482687708685752,45.623867846169276,0.7409725297647218,5.667333025666815,2.5094785302647153
1076,20260727_isolated_FBs_200_microL_003_C2_segmentation,196,spore,16.74747093944925,16.74747093944925,47.82525349894638,0.66190094180596,3.688112125511708,3.027339897815284
1078,20260727_isolated_FBs_200_microL_003_C2_segmentation,198,spore,18.74559934038825,18.74559934038825,78.14723612279317,0.43668679090276824,5.894565765453579,2.439106284081668
1081,20260727_isolated_FBs_200_microL_003_C2_segmentation,201,spore,18.6667258508775,18.6667258508775,78.25787290656348,0.4348453710004585,5.585104035598916,2.418072370001997
1083,20260727_isolated_FBs_200_microL_003_C2_segmentation,203,spore,13.513657869508501,13.513657869508501,51.46846617575435,0.5330789229392511,8.149352266297814,2.2374730379276673
1084,20260727_isolated_FBs_200_microL_003_C2_segmentation,204,spore,7.59814615620225,7.59814615620225,23.66311207729232,0.789861039842982,2.750851561995315,2.2036023960674105
1085,20260727_isolated_FBs_200_microL_003_C2_segmentation,205,spore,14.828216028021,14.828216028021,39.63030333599825,0.7365168114514139,4.744846495177621,2.4090156901605377
1086,20260727_isolated_FBs_200_microL_003_C2_segmentation,206,spore,18.088320261132,18.088320261132,39.407960812411005,0.8456013241421587,4.777524112590681,2.6939945674561403
1087,20260727_isolated_FBs_200_microL_003_C2_segmentation,207,spore,14.565304396318501,14.565304396318501,38.09123032712452,0.7571911005464536,4.455190456519079,2.3901135165155334
1088,20260727_isolated_FBs_200_microL_003_C2_segmentation,208,spore,17.4047500187055,17.4047500187055,51.87851233366331,0.626049208321201,4.534588334789419,2.740837689630832
1089,20260727_isolated_FBs_200_microL_003_C2_segmentation,209,spore,14.43384858046725,14.43384858046725,38.682906608690075,0.7411164536711302,4.921541651914232,2.3729348499665393
1091,20260727_isolated_FBs_200_microL_003_C2_segmentation,211,spore,12.12022622148525,12.12022622148525,31.90188682124104,0.7998494278601463,3.634819774126046,2.461411827355904
1092,20260727_isolated_FBs_200_microL_003_C2_segmentation,212,spore,17.06296489749225,17.06296489749225,41.22829765697624,0.7774247926782961,4.717298848764582,2.5632075703440242
1093,20260727_isolated_FBs_200_microL_003_C2_segmentation,213,spore,16.6685974499385,16.6685974499385,42.88262792528249,0.7358717062144364,5.140128003061407,2.42796525259949
1094,20260727_isolated_FBs_200_microL_003_C2_segmentation,214,spore,19.42916958281475,19.42916958281475,58.0916891515004,0.6016440309453004,5.56135690380255,2.6744305908379444
1095,20260727_isolated_FBs_200_microL_003_C2_segmentation,215,spore,13.513657869508501,13.513657869508501,42.90316111377067,0.6395042650015829,6.2959925861923605,1.978880097930917
1096,20260727_isolated_FBs_200_microL_003_C2_segmentation,216,spore,14.80192486485075,14.80192486485075,53.23561988162514,0.5476384585066291,3.783289717308844,2.74557236056167
1097,20260727_isolated_FBs_200_microL_003_C2_segmentation,217,spore,15.6169509231285,15.6169509231285,39.84156247457231,0.7583655442220134,4.9806330249066,2.4047906492263027
1098,20260727_isolated_FBs_200_microL_003_C2_segmentation,218,spore,8.80753966203375,8.80753966203375,28.865370024549993,0.714512888574756,3.4413602965964114,2.166551418647193
1099,20260727_isolated_FBs_200_microL_003_C2_segmentation,219,spore,12.935252279763,12.935252279763,36.50783458421617,0.729930177849824,4.748718681514854,2.2468954999134287
1100,20260727_isolated_FBs_200_microL_003_C2_segmentation,220,spore,10.17468014688675,10.17468014688675,30.738795268550383,0.7387164879457129,4.174090732335463,2.274471495335751
1102,20260727_isolated_FBs_200_microL_003_C2_segmentation,222,spore,13.277037400976251,13.277037400976251,43.15139636385966,0.6283814986647427,6.05121648765478,2.085770266625642
1103,20260727_isolated_FBs_200_microL_003_C2_segmentation,223,spore,18.00944677162125,18.00944677162125,55.47561319606942,0.5989385421001997,5.045087959087201,2.7509969277642488
1104,20260727_isolated_FBs_200_microL_003_C2_segmentation,224,spore,15.06483649655325,15.06483649655325,35.513265402449115,0.8306214315107854,4.624385220320225,2.4486390905079274
1105,20260727_isolated_FBs_200_microL_003_C2_segmentation,225,spore,19.84982819353875,19.84982819353875,58.68273544729,0.604150226544309,7.707451262325214,2.166395311033086
1106,20260727_isolated_FBs_200_microL_003_C2_segmentation,226,spore,17.562496997727,17.562496997727,53.323644546020816,0.6127572734709631,4.51611464955213,2.839575060956286
1107,20260727_isolated_FBs_200_microL_003_C2_segmentation,227,spore,13.3033285641465,13.3033285641465,42.54544373641669,0.6381722934316265,3.964371104310035,2.5748271639874862
1108,20260727_isolated_FBs_200_microL_003_C2_segmentation,228,spore,11.06857969467525,11.06857969467525,37.76696481846749,0.6359651316377782,4.627958884771497,1.981583586222535
1109,20260727_isolated_FBs_200_microL_003_C2_segmentation,229,spore,17.588788160897252,17.588788160897252,46.54162947985877,0.702748324694122,4.553441278264933,2.643276207754278
1110,20260727_isolated_FBs_200_microL_003_C2_segmentation,230,spore,14.22351927510525,14.22351927510525,38.437736469063466,0.7385802609677193,4.367589064619318,2.5568161037741297
1111,20260727_isolated_FBs_200_microL_003_C2_segmentation,231,spore,7.23006987181875,7.23006987181875,27.155427796699605,0.6658695243890984,3.0722421679528638,2.1189289369138082
1112,20260727_isolated_FBs_200_microL_003_C2_segmentation,232,spore,14.328683927786251,14.328683927786251,45.3872795634207,0.6285707588003275,6.1563365390931875,2.242274652368144
1114,20260727_isolated_FBs_200_microL_003_C2_segmentation,234,spore,19.79724586719825,19.79724586719825,75.82018407997366,0.4667695044872652,9.392058335621554,2.4630693688754737
1115,20260727_isolated_FBs_200_microL_003_C2_segmentation,235,spore,21.42729798375375,21.42729798375375,75.31776431479622,0.4953341953049981,7.210618653607004,2.7583299834260777
1117,20260727_isolated_FBs_200_microL_003_C2_segmentation,237,spore,10.01693316786525,10.01693316786525,31.915767990717505,0.7041016184945887,3.793979492479662,2.185016412138915
1118,20260727_isolated_FBs_200_microL_003_C2_segmentation,238,spore,17.247003039684,17.247003039684,55.41938066135135,0.5825030670672281,4.001399639508339,2.7772814012935614
1119,20260727_isolated_FBs_200_microL_003_C2_segmentation,239,spore,22.00570357349925,22.00570357349925,92.63554177343075,0.4099491444277391,7.873628241751988,3.126239515841635
1121,20260727_isolated_FBs_200_microL_003_C2_segmentation,241,spore,20.270486804262752,20.270486804262752,60.264528180934846,0.5965751367247757,6.763588885619366,2.7411003184086873
1122,20260727_isolated_FBs_200_microL_003_C2_segmentation,242,spore,16.0376095338525,16.0376095338525,44.53637633083727,0.6905508594099822,4.271729701439242,2.6507103493856343
1123,20260727_isolated_FBs_200_microL_003_C2_segmentation,243,spore,11.252617836867,11.252617836867,30.550767222588917,0.7948729470942686,3.7389430150127536,2.3165834501953793
1124,20260727_isolated_FBs_200_microL_003_C2_segmentation,244,spore,10.595338757610751,10.595338757610751,39.12346611461849,0.5962888635885037,4.1895081094226745,2.2953761533648707
1125,20260727_isolated_FBs_200_microL_003_C2_segmentation,245,spore,15.669533249469001,15.669533249469001,44.70140515395639,0.677433999658424,5.672472854218168,2.1887054903254994
1126,20260727_isolated_FBs_200_microL_003_C2_segmentation,246,spore,17.95686444528075,17.95686444528075,56.28286694224816,0.5891984321249977,6.200213234004855,2.7379104476594636
1127,20260727_isolated_FBs_200_microL_003_C2_segmentation,247,spore,9.85918618884375,9.85918618884375,41.91959482030893,0.530429611031782,5.335016188356356,1.996048191575733
1128,20260727_isolated_FBs_200_microL_003_C2_segmentation,248,spore,24.319325932481252,24.319325932481252,67.22348715118918,0.6038523712034873,8.995050824780446,2.501072378456118
1129,20260727_isolated_FBs_200_microL_003_C2_segmentation,249,spore,12.64604948489025,12.64604948489025,33.305162223034074,0.7881505005833889,3.6078709618553364,2.4132956649727517
1130,20260727_isolated_FBs_200_microL_003_C2_segmentation,250,spore,18.6667258508775,18.6667258508775,60.175001356658,0.5655184546829445,7.29457767650012,2.283997857642512
1132,20260727_isolated_FBs_200_microL_003_C2_segmentation,252,spore,19.90241051987925,19.90241051987925,51.636255082794975,0.687806866203838,5.2635875654989,2.6898318534616266
1133,20260727_isolated_FBs_200_microL_003_C2_segmentation,253,spore,15.222583475574751,15.222583475574751,53.77750049508162,0.5523432966860994,4.7901492620313935,2.6849041289303566
1134,20260727_isolated_FBs_200_microL_003_C2_segmentation,254,spore,11.5155294685695,11.5155294685695,35.775332950103646,0.6893234414252932,5.104825855361692,2.130480347013404
1135,20260727_isolated_FBs_200_microL_003_C2_segmentation,255,spore,25.239516643440002,25.239516643440002,78.37655971353239,0.5309072023102714,8.331987922084076,2.853795952844351
1136,20260727_isolated_FBs_200_microL_003_C2_segmentation,256,spore,7.9399312774155,7.9399312774155,28.465113418170827,0.6761593142202889,2.8039885827859528,2.35092701370335
1139,20260727_isolated_FBs_200_microL_003_C2_segmentation,259,spore,21.8216654313075,21.8216654313075,63.80413269065869,0.5918712483777367,6.33370971128454,2.597056260441916
1141,20260727_isolated_FBs_200_microL_003_C2_segmentation,261,spore,17.27329420285425,17.27329420285425,36.83178639954059,0.8773605873834575,3.5958309138247633,3.0199579012830498
1143,20260727_isolated_FBs_200_microL_003_C2_segmentation,263,spore,20.32306913060325,20.32306913060325,60.76372594176303,0.5926968118516321,7.634290431069648,2.5509914935262
1144,20260727_isolated_FBs_200_microL_003_C2_segmentation,264,spore,9.80660386250325,9.80660386250325,35.46391513331664,0.6247551819908056,4.32133569965002,2.0281669445950725
1145,20260727_isolated_FBs_200_microL_003_C2_segmentation,265,spore,18.3512318928345,18.3512318928345,48.51340490995332,0.6935309547809663,5.525691420005585,2.4641899940905945
1147,20260727_isolated_FBs_200_microL_003_C2_segmentation,267,spore,13.881734153892001,13.881734153892001,35.61299456832457,0.7843407510820367,4.895115311135751,2.1989470659058474
1150,20260727_isolated_FBs_200_microL_003_C2_segmentation,270,spore,15.80098906532025,15.80098906532025,58.874722938054674,0.5172233186044738,5.188401358252452,2.5778581613521125
1161,20260727_isolated_FBs_200_microL_003_C2_segmentation,281,spore,12.462011342698501,12.462011342698501,33.71695480674791,0.7709529515898916,3.9410380692691303,2.366411893573071
1162,20260727_isolated_FBs_200_microL_003_C2_segmentation,282,spore,18.614143524537,18.614143524537,51.94477880282201,0.6538893470757303,5.799352310527045,2.4898363006507243
1163,20260727_isolated_FBs_200_microL_003_C2_segmentation,283,spore,13.67140484853,13.67140484853,47.602052010869514,0.5808543053540783,7.082846028298807,2.049441512554253
1164,20260727_isolated_FBs_200_microL_003_C2_segmentation,284,spore,11.252617836867,11.252617836867,32.363360132861345,0.7503540509550674,4.045806870714626,2.2666523749405907
1166,20260727_isolated_FBs_200_microL_003_C2_segmentation,286,spore,18.00944677162125,18.00944677162125,60.25719111526995,0.5514110809813105,7.370383294374651,2.6029497975039564
1167,20260727_isolated_FBs_200_microL_003_C2_segmentation,287,spore,5.91551171330625,5.91551171330625,30.08298272438585,0.5258050779090008,3.5164779121383147,1.657925386600268
1168,20260727_isolated_FBs_200_microL_003_C2_segmentation,288,spore,10.4638829417595,10.4638829417595,29.5420699745185,0.7831382754663416,3.606987651046139,2.22180286277312
1169,20260727_isolated_FBs_200_microL_003_C2_segmentation,289,spore,14.53901323314825,14.53901323314825,36.69162002467489,0.7851281069645121,4.189550907479284,2.5208097717535147
1170,20260727_isolated_FBs_200_microL_003_C2_segmentation,290,spore,12.540884832209251,12.540884832209251,38.64358367188496,0.6755002534297553,3.690468109380137,2.4792964147840117
1172,20260727_isolated_FBs_200_microL_003_C2_segmentation,292,spore,8.045095930096501,8.045095930096501,28.565637161428924,0.6797163140217457,3.204996496757408,2.1575123349074343
1173,20260727_isolated_FBs_200_microL_003_C2_segmentation,293,spore,11.7258587739315,11.7258587739315,32.13235416082509,0.7767918950787733,3.682315361687928,2.3648294816749393
1175,20260727_isolated_FBs_200_microL_003_C2_segmentation,295,spore,17.01038257115175,17.01038257115175,45.510324590451646,0.7028299267182571,5.474855837762721,2.4740296838405307
1176,20260727_isolated_FBs_200_microL_003_C2_segmentation,296,spore,11.96247924246375,11.96247924246375,40.22562862782235,0.6288234797026823,5.0458932723992564,2.0386129034782337
1177,20260727_isolated_FBs_200_microL_003_C2_segmentation,297,spore,10.595338757610751,10.595338757610751,38.051099482657065,0.6130936416111191,3.4692137529468425,2.4335860475486073
1178,20260727_isolated_FBs_200_microL_003_C2_segmentation,298,spore,9.543692230800751,9.543692230800751,27.545273159851014,0.789916752979551,3.545235176423405,2.194686279600131
1179,20260727_isolated_FBs_200_microL_003_C2_segmentation,299,spore,11.331491326377751,11.331491326377751,38.28238273015124,0.6372989615070422,4.215274692763629,2.2809736383699066
1180,20260727_isolated_FBs_200_microL_003_C2_segmentation,300,spore,13.22445507463575,13.22445507463575,37.070911556096775,0.7295180630843675,3.8162971179476894,2.551938936181221
1182,20260727_isolated_FBs_200_microL_003_C2_segmentation,302,spore,6.8882847506055,6.8882847506055,20.521656877997607,0.8531245319526619,2.4869166286353512,2.1893499149005193
1193,20260727_isolated_FBs_200_microL_003_C2_segmentation,313,spore,5.81034706062525,5.81034706062525,23.864069162947782,0.6549492888802086,2.9825449727591784,1.8286203878965697
1197,20260727_isolated_FBs_200_microL_003_C2_segmentation,317,spore,7.046031729627,7.046031729627,21.598107611076944,0.8229336482174863,2.691526583527357,1.9889573486309153
1198,20260727_isolated_FBs_200_microL_003_C2_segmentation,318,spore,5.38968844990125,5.38968844990125,24.27501915015805,0.6123978411333154,3.752751934022329,1.6422005474261008
1205,20260727_isolated_FBs_200_microL_003_C2_segmentation,325,spore,5.86292938696575,5.86292938696575,24.795941393760756,0.63413243258628,4.106121672318163,1.6211530554380793
1206,20260727_isolated_FBs_200_microL_003_C2_segmentation,326,spore,7.5192726666915,7.5192726666915,24.204707759022988,0.7668342525391708,3.7343512268227537,1.9192787581297648
1207,20260727_isolated_FBs_200_microL_003_C2_segmentation,327,spore,7.7296019720535005,7.7296019720535005,34.40570988602297,0.5494881808628336,3.036379735980507,2.2341086302983038
1209,20260727_isolated_FBs_200_microL_003_C2_segmentation,329,spore,5.968094039646751,5.968094039646751,19.731661264195626,0.8063883503692386,2.8622873956700245,1.8623262272227445
1211,20260727_isolated_FBs_200_microL_003_C2_segmentation,331,spore,6.730537771584,6.730537771584,25.952107526007765,0.6642700469119144,3.1270176467512756,1.9331388498918858
1218,20260727_isolated_FBs_200_microL_003_C2_segmentation,338,spore,5.047903328688,5.047903328688,23.591810003224865,0.6032030775997445,2.5028504789324413,2.004781671074314
1222,20260727_isolated_FBs_200_microL_003_C2_segmentation,342,spore,6.17842334500875,6.17842334500875,31.385731221468035,0.5188043973025288,3.7428241100171484,1.9283218512517948
1235,20260727_isolated_FBs_200_microL_003_C2_segmentation,355,spore,13.960607643402751,13.960607643402751,38.4018432276674,0.7301323680660069,3.983031072325073,2.4602791609030867
1238,20260727_isolated_FBs_200_microL_003_C2_segmentation,358,spore,5.153067981369,5.153067981369,18.453369980829876,0.7818420356679492,2.519856239412583,1.9429301864666877
1240,20260727_isolated_FBs_200_microL_003_C2_segmentation,360,spore,5.33710612356075,5.33710612356075,29.590432506996933,0.49911815862459963,2.772112116997442,2.017463670477558
1242,20260727_isolated_FBs_200_microL_003_C2_segmentation,362,spore,8.07138709326675,8.07138709326675,29.66598017857374,0.6559300681293218,3.690435707336529,2.0621127174674654
1412,20260727_isolated_FBs_200_microL_003_C2_segmentation,3,vc,21.979412410329,21.979412410329,157.94567611530758,0.2402446739995565,6.320381723257566,3.9747973129031102
1415,20260727_isolated_FBs_200_microL_003_C2_segmentation,6,vc,6.80941126109475,6.80941126109475,69.33155607977231,0.2505875864826422,6.334954662037967,2.4875051730601325
1424,20260727_isolated_FBs_200_microL_003_C2_segmentation,15,vc,5.994385202817,5.994385202817,48.57609511148806,0.3285170814927075,4.504542181105085,2.0644006225725415
1625,20260727_isolated_FBs_200_microL_004_C2_segmentation,85,spore,5.28452379722025,5.28452379722025,36.17294293848927,0.4056058279161629,3.6548344983577628,1.7551017621862737
1634,20260727_isolated_FBs_200_microL_004_C2_segmentation,94,spore,23.583173363714252,23.583173363714252,107.56842802407722,0.36971533526421546,12.535581009722732,2.1523731482933073
1638,20260727_isolated_FBs_200_microL_004_C2_segmentation,98,spore,5.28452379722025,5.28452379722025,27.763142349012067,0.5284688701404202,3.9659778260012915,1.8747812445260208
1654,20260727_isolated_FBs_200_microL_004_C2_segmentation,114,spore,9.569983393971,9.569983393971,45.50913108285797,0.478989915978444,3.715045087666495,2.28787033878668
1655,20260727_isolated_FBs_200_microL_004_C2_segmentation,115,spore,20.2441956410925,20.2441956410925,91.15240236110779,0.39407875501550393,8.379544151087773,2.64487130243743
1656,20260727_isolated_FBs_200_microL_004_C2_segmentation,116,spore,25.94937804903675,25.94937804903675,116.47340884423504,0.3639222763857379,13.400364991515726,2.6415647434794334
1666,20260727_isolated_FBs_200_microL_004_C2_segmentation,126,spore,19.2977137669635,19.2977137669635,72.3700207754016,0.4807611154599911,5.5194976680636305,2.7433757469406634
1667,20260727_isolated_FBs_200_microL_004_C2_segmentation,127,spore,15.4066216177665,15.4066216177665,63.6006592615266,0.47079024062861435,4.831423547947843,2.8060860909505947
1669,20260727_isolated_FBs_200_microL_004_C2_segmentation,129,spore,8.9915778042255,8.9915778042255,29.33228689057458,0.7129003120741184,3.9616076443606265,1.5798718752749765
1670,20260727_isolated_FBs_200_microL_004_C2_segmentation,130,spore,14.64417788582925,14.64417788582925,58.17452087191385,0.49757815625818075,3.820140538551849,2.921412570352934
1672,20260727_isolated_FBs_200_microL_004_C2_segmentation,132,spore,18.8770551562395,18.8770551562395,68.71721011195928,0.49893208747366813,6.364917206276184,2.53850314522264
1676,20260727_isolated_FBs_200_microL_004_C2_segmentation,136,spore,25.449845948802,25.449845948802,91.48609435412789,0.45735399349633776,12.051593185480378,2.3400115802948016
1679,20260727_isolated_FBs_200_microL_004_C2_segmentation,139,spore,17.772826303089,17.772826303089,69.20563513429008,0.47589776304072623,5.551604943927122,2.7339606486346115
1680,20260727_isolated_FBs_200_microL_004_C2_segmentation,140,spore,21.00663937302975,21.00663937302975,68.8908903550073,0.5344331391486689,6.021889257434322,2.594130727828052
1681,20260727_isolated_FBs_200_microL_004_C2_segmentation,141,spore,20.822601230838,20.822601230838,82.28550064307589,0.4448198200524841,7.8926916991413085,2.4695687961685344
1683,20260727_isolated_FBs_200_microL_004_C2_segmentation,143,spore,27.001024575846753,27.001024575846753,136.36896083994102,0.3191700190088065,12.30745761689427,2.5583930057862534
1684,20260727_isolated_FBs_200_microL_004_C2_segmentation,144,spore,19.376587256474252,19.376587256474252,56.612302639506225,0.6162517474088702,7.292976088655111,2.427879983799221
1686,20260727_isolated_FBs_200_microL_004_C2_segmentation,146,spore,25.6075929278235,25.6075929278235,94.97572020584673,0.4423683365990386,11.18694626194545,2.4263751072650677
1687,20260727_isolated_FBs_200_microL_004_C2_segmentation,147,spore,5.28452379722025,5.28452379722025,26.072103079139293,0.5627454150589535,4.549744602962626,1.5737459196956172
1688,20260727_isolated_FBs_200_microL_004_C2_segmentation,148,spore,25.47613711197225,25.47613711197225,122.32061428836971,0.34229996609914426,10.168563953124924,3.208947965130684
1689,20260727_isolated_FBs_200_microL_004_C2_segmentation,149,spore,24.030123137608502,24.030123137608502,78.99565007802005,0.5097825256487584,5.17160788377918,3.1625166450318867
1690,20260727_isolated_FBs_200_microL_004_C2_segmentation,150,spore,18.74559934038825,18.74559934038825,75.56763687641664,0.4515936606062315,7.331253328447811,2.7845338954869763
1698,20260727_isolated_FBs_200_microL_004_C2_segmentation,158,spore,15.669533249469001,15.669533249469001,54.14427922006105,0.559288111689858,7.698785843524684,2.068849021768526
1699,20260727_isolated_FBs_200_microL_004_C2_segmentation,159,spore,22.58410916324475,22.58410916324475,51.576718101172304,0.7491447324306544,4.90561012262673,2.868702991758999
1700,20260727_isolated_FBs_200_microL_004_C2_segmentation,160,spore,18.2460672401535,18.2460672401535,43.60421035181025,0.7686616474991823,4.690994002692914,2.7516982298244694
1701,20260727_isolated_FBs_200_microL_004_C2_segmentation,161,spore,20.401942620114,20.401942620114,53.1523313762294,0.6793227421006937,6.301322942018893,2.6283106625645676
1702,20260727_isolated_FBs_200_microL_004_C2_segmentation,162,spore,14.4601397436375,14.4601397436375,44.686717221418306,0.642323778257791,4.098763369944622,2.5900799520132756
1703,20260727_isolated_FBs_200_microL_004_C2_segmentation,163,spore,17.64137048723775,17.64137048723775,48.40934573202193,0.6769809665298038,6.163021065761191,2.3336038807686603
1704,20260727_isolated_FBs_200_microL_004_C2_segmentation,164,spore,15.85357139166075,15.85357139166075,53.455061530908104,0.5709262776824396,7.153240963183943,2.213089509282
1705,20260727_isolated_FBs_200_microL_004_C2_segmentation,165,spore,19.27142260379325,19.27142260379325,66.140669245884,0.5255629272966871,8.530803656055504,2.5643860948317143
1706,20260727_isolated_FBs_200_microL_004_C2_segmentation,166,spore,13.881734153892001,13.881734153892001,48.98513872825143,0.5702285148758885,8.191706023198213,2.222159163587921
1707,20260727_isolated_FBs_200_microL_004_C2_segmentation,167,spore,28.683659018742752,28.683659018742752,74.37253085928425,0.6092954448945391,7.94671550341231,2.648445936500406
1708,20260727_isolated_FBs_200_microL_004_C2_segmentation,168,spore,14.302392764616,14.302392764616,46.81967506042087,0.6085947421732193,6.544098077971846,2.394694522168789
1709,20260727_isolated_FBs_200_microL_004_C2_segmentation,169,spore,27.132480391698,27.132480391698,148.79753710557208,0.2934594146025935,10.230840483058735,3.1113189249109023
1713,20260727_isolated_FBs_200_microL_004_C2_segmentation,173,spore,17.32587652919475,17.32587652919475,50.022990729026986,0.6473084572114715,4.941714124234617,2.5416323565201178
1714,20260727_isolated_FBs_200_microL_004_C2_segmentation,174,spore,8.54462803033125,8.54462803033125,27.17117202327025,0.7438828166069983,3.465027794425432,2.168215844652367
1717,20260727_isolated_FBs_200_microL_004_C2_segmentation,177,spore,14.617886722659,14.617886722659,38.25626637432447,0.7557380171977757,3.9041291698321947,2.542849249135247
1720,20260727_isolated_FBs_200_microL_004_C2_segmentation,180,spore,13.90802531706225,13.90802531706225,55.086182801138314,0.5077131678390931,4.434421314764418,2.5639606827174304
1721,20260727_isolated_FBs_200_microL_004_C2_segmentation,181,spore,16.984091407981502,16.984091407981502,45.40955875195544,0.7036635499570838,5.520103696452506,2.4304518030557785
1722,20260727_isolated_FBs_200_microL_004_C2_segmentation,182,spore,19.58691656183625,19.58691656183625,69.20486203395546,0.5077597048137893,9.75969435776362,2.3117396226548643
1726,20260727_isolated_FBs_200_microL_004_C2_segmentation,186,spore,17.27329420285425,17.27329420285425,48.86503204685367,0.6613063861064972,6.191712014013392,2.295344429946332
1727,20260727_isolated_FBs_200_microL_004_C2_segmentation,187,spore,16.32681232872525,16.32681232872525,47.28738616157432,0.6581725257796894,3.9360395585585692,2.7937600216424108
1728,20260727_isolated_FBs_200_microL_004_C2_segmentation,188,spore,10.49017410492975,10.49017410492975,45.061368522411385,0.5142822612308009,3.7614193783014223,2.606358649578942
1729,20260727_isolated_FBs_200_microL_004_C2_segmentation,189,spore,23.1888059161605,23.1888059161605,81.31482908932807,0.48361522132889323,7.013152986408298,2.74077419587286
1731,20260727_isolated_FBs_200_microL_004_C2_segmentation,191,spore,11.410364815888501,11.410364815888501,34.332514975282095,0.7139122921140921,3.959763938793529,2.356751337452973
1732,20260727_isolated_FBs_200_microL_004_C2_segmentation,192,spore,18.27235840332375,18.27235840332375,44.66937584909279,0.7510531010728213,4.994307417794857,2.586776517130596
1733,20260727_isolated_FBs_200_microL_004_C2_segmentation,193,spore,8.59721035667175,8.59721035667175,43.087651172976955,0.47101673730935056,3.1607149311384073,2.5474959123940804
1735,20260727_isolated_FBs_200_microL_004_C2_segmentation,195,spore,16.984091407981502,16.984091407981502,51.07694343859313,0.6255865986147162,3.9241526884650773,2.8623165904002517
1736,20260727_isolated_FBs_200_microL_004_C2_segmentation,196,spore,12.0413527319745,12.0413527319745,32.53645088061485,0.7808437390845755,3.9387686646347055,2.2913626486445993
1737,20260727_isolated_FBs_200_microL_004_C2_segmentation,197,spore,13.461075543168,13.461075543168,63.33765195381273,0.4320579555469023,5.046274972233497,2.190041720554826
1742,20260727_isolated_FBs_200_microL_004_C2_segmentation,202,spore,11.331491326377751,11.331491326377751,73.86760384192327,0.33028447504742137,8.368687284577996,1.7043714032775716
1743,20260727_isolated_FBs_200_microL_004_C2_segmentation,203,spore,10.095806657376,10.095806657376,33.601498784375636,0.6722840768223856,4.971499478986407,1.9431241762114528
1745,20260727_isolated_FBs_200_microL_004_C2_segmentation,205,spore,16.82634442896,16.82634442896,57.59883487592417,0.5513113612054793,8.096398241646975,2.0100000981656665
1746,20260727_isolated_FBs_200_microL_004_C2_segmentation,206,spore,24.503364074673,24.503364074673,111.2387162250657,0.3667571857587739,7.449332462967217,2.4944997585467665
1747,20260727_isolated_FBs_200_microL_004_C2_segmentation,207,spore,16.300521165555,16.300521165555,46.56773123204944,0.6676261997807045,4.241705905819676,2.7107263571735856
1748,20260727_isolated_FBs_200_microL_004_C2_segmentation,208,spore,13.22445507463575,13.22445507463575,44.62630047376248,0.6060081007852256,5.219407778754813,2.355778531095773
1749,20260727_isolated_FBs_200_microL_004_C2_segmentation,209,spore,17.90428211894025,17.90428211894025,47.822162788787125,0.6920851317968787,5.038474273967989,2.4905400111250016
1750,20260727_isolated_FBs_200_microL_004_C2_segmentation,210,spore,23.6094645268845,23.6094645268845,90.40293994946904,0.4402428673684496,9.03894015175869,2.612835625670974
1751,20260727_isolated_FBs_200_microL_004_C2_segmentation,211,spore,12.987834606103501,12.987834606103501,35.94640852476458,0.7433382001557456,4.332418815520347,2.33597229179403
1754,20260727_isolated_FBs_200_microL_004_C2_segmentation,214,spore,19.245131440623002,19.245131440623002,51.082959138315296,0.6798639268218358,6.407525756741361,2.4444361792643456
1755,20260727_isolated_FBs_200_microL_004_C2_segmentation,215,spore,22.715564979096,22.715564979096,78.02431805917666,0.49712984686455075,7.620205928645777,2.673659788238302
1756,20260727_isolated_FBs_200_microL_004_C2_segmentation,216,spore,19.48175190915525,19.48175190915525,52.02517249064586,0.6730116799500977,4.487123525641136,2.8916871792974663
1757,20260727_isolated_FBs_200_microL_004_C2_segmentation,217,spore,11.3052001632075,11.3052001632075,64.56772287042529,0.3772716385533592,5.1538794485246155,2.130419432509635
1758,20260727_isolated_FBs_200_microL_004_C2_segmentation,218,spore,21.032930536200002,21.032930536200002,77.08793836260391,0.47800328924902996,7.611879563824561,2.780254007300997
1759,20260727_isolated_FBs_200_microL_004_C2_segmentation,219,spore,8.22913407228825,8.22913407228825,47.703915647194734,0.4132055899616504,4.339882212786248,2.014085593284946
1760,20260727_isolated_FBs_200_microL_004_C2_segmentation,220,spore,11.80473226344225,11.80473226344225,77.33340241438276,0.32420603938231635,7.686205111520135,2.1460141188292448
1761,20260727_isolated_FBs_200_microL_004_C2_segmentation,221,spore,19.90241051987925,19.90241051987925,65.6001350194305,0.5413978306672629,6.685911924027561,2.510584837169012
1762,20260727_isolated_FBs_200_microL_004_C2_segmentation,222,spore,20.717436578157002,20.717436578157002,76.57215749850943,0.4763987199343256,4.787694464435609,2.9980501428683746
1763,20260727_isolated_FBs_200_microL_004_C2_segmentation,223,spore,13.0929992587845,13.0929992587845,87.26217452196974,0.30785829196914266,5.910506630152974,2.871934892401282
1764,20260727_isolated_FBs_200_microL_004_C2_segmentation,224,spore,12.724922974401,12.724922974401,50.88227271747422,0.5180293877427602,4.769424803379289,2.2233007704313725
1765,20260727_isolated_FBs_200_microL_004_C2_segmentation,225,spore,14.17093694876475,14.17093694876475,38.575320542115506,0.7341311038761945,5.236135741208872,2.2646745657427614
1766,20260727_isolated_FBs_200_microL_004_C2_segmentation,226,spore,8.3605898881395,8.3605898881395,25.994168691829245,0.7663599583605883,3.0998809159467267,2.057213134325402
1767,20260727_isolated_FBs_200_microL_004_C2_segmentation,227,spore,9.49110990446025,9.49110990446025,29.702894777196885,0.7298439562569958,3.9937141893910963,1.9803242211206884
1768,20260727_isolated_FBs_200_microL_004_C2_segmentation,228,spore,17.562496997727,17.562496997727,50.98287577315595,0.6408907019866189,5.22410923571139,2.5764451051100505
1774,20260727_isolated_FBs_200_microL_004_C2_segmentation,234,spore,11.54182063173975,11.54182063173975,45.45642412213202,0.5433400726740635,6.4923573150184986,2.0797823467431686
1776,20260727_isolated_FBs_200_microL_004_C2_segmentation,236,spore,7.17748754547825,7.17748754547825,23.57317917748746,0.7633334001326341,2.782434059992673,2.151719249588146
1778,20260727_isolated_FBs_200_microL_004_C2_segmentation,238,spore,17.4047500187055,17.4047500187055,64.11132538438675,0.5065953851467433,6.869732906527952,2.480385276790153
1779,20260727_isolated_FBs_200_microL_004_C2_segmentation,239,spore,14.8807983543615,14.8807983543615,48.215059621800464,0.6068093129998381,3.8704888057332627,2.7934329239743416
1781,20260727_isolated_FBs_200_microL_004_C2_segmentation,241,spore,13.01412576927375,13.01412576927375,33.48368821725483,0.799087189034836,4.501217352712131,2.3330109341655105
1782,20260727_isolated_FBs_200_microL_004_C2_segmentation,242,spore,5.60001775526325,5.60001775526325,31.82082408037037,0.4792538803148905,3.20497947052698,1.9548629281078627
1783,20260727_isolated_FBs_200_microL_004_C2_segmentation,243,spore,29.761596708723,29.761596708723,123.44316064315547,0.3762309996730314,12.21649090064311,2.508148856723448
1784,20260727_isolated_FBs_200_microL_004_C2_segmentation,244,spore,11.75214993710175,11.75214993710175,37.566979929346914,0.6654101033718008,4.159081742353009,2.3957452597103415
1785,20260727_isolated_FBs_200_microL_004_C2_segmentation,245,spore,11.69956761076125,11.69956761076125,40.977169587946925,0.608212546929141,5.349236823350048,2.187697635712618
1787,20260727_isolated_FBs_200_microL_004_C2_segmentation,247,spore,16.7737621026195,16.7737621026195,62.43509176352127,0.5075463274722065,7.2490424266722755,2.1300164463175095
1788,20260727_isolated_FBs_200_microL_004_C2_segmentation,248,spore,17.352167692365,17.352167692365,78.22461847126463,0.41435873154753866,9.936432543825733,2.550394056449097
1789,20260727_isolated_FBs_200_microL_004_C2_segmentation,249,spore,5.2582326340500005,5.2582326340500005,27.22623531085008,0.5371015366552944,3.736396062624007,1.706107397343221
1793,20260727_isolated_FBs_200_microL_004_C2_segmentation,253,spore,7.650728482542751,7.650728482542751,26.090985016703986,0.7196624485349017,3.4200833276506484,2.0727707787038976
1794,20260727_isolated_FBs_200_microL_004_C2_segmentation,254,spore,12.06764389514475,12.06764389514475,33.891534024118414,0.7507140694177209,3.904122066802036,2.311167898406498
1795,20260727_isolated_FBs_200_microL_004_C2_segmentation,255,spore,14.197228111935,14.197228111935,50.13552569533691,0.5655542343085908,4.986570462910417,2.248331735924593
1796,20260727_isolated_FBs_200_microL_004_C2_segmentation,256,spore,5.968094039646751,5.968094039646751,57.27612478424015,0.27780129743095716,5.392059820848847,2.608891224983764
1798,20260727_isolated_FBs_200_microL_004_C2_segmentation,258,spore,17.22071187651375,17.22071187651375,64.3128920760245,0.5014413589461173,6.1096415933808075,2.6853113765242163
1799,20260727_isolated_FBs_200_microL_004_C2_segmentation,259,spore,11.90989691612325,11.90989691612325,32.5342911472452,0.775201808737568,4.196409783953156,2.2858575808645747
1800,20260727_isolated_FBs_200_microL_004_C2_segmentation,260,spore,17.1944207133435,17.1944207133435,42.1975173291508,0.7634646331229643,5.078410405385998,2.5185820665708505
1801,20260727_isolated_FBs_200_microL_004_C2_segmentation,261,spore,11.936188079293501,11.936188079293501,33.51485021384501,0.7536284366400621,3.820781561863822,2.4620588616253514
1802,20260727_isolated_FBs_200_microL_004_C2_segmentation,262,spore,14.11835462242425,14.11835462242425,34.53979434555668,0.8178753162727184,4.431927722909124,2.4569676777011424
1805,20260727_isolated_FBs_200_microL_004_C2_segmentation,265,spore,19.692081214517252,19.692081214517252,45.7126055382481,0.7714525648701578,4.607368760705904,2.8630901704792717
1806,20260727_isolated_FBs_200_microL_004_C2_segmentation,266,spore,15.17000114923425,15.17000114923425,46.92724800890636,0.6315137059869725,4.7854695302974015,2.5781107487790513
1808,20260727_isolated_FBs_200_microL_004_C2_segmentation,268,spore,17.48362350821625,17.48362350821625,43.46263024596371,0.7495301087531306,5.047865080636728,2.551799241960456
1809,20260727_isolated_FBs_200_microL_004_C2_segmentation,269,spore,7.49298150352125,7.49298150352125,29.306939000577678,0.6318540464996741,3.619955503815588,2.024412354832351
1811,20260727_isolated_FBs_200_microL_004_C2_segmentation,271,spore,14.80192486485075,14.80192486485075,45.5803737080156,0.639614606856353,6.665755452995924,2.2970712486590203
1813,20260727_isolated_FBs_200_microL_004_C2_segmentation,273,spore,7.86105778790475,7.86105778790475,29.724371795226492,0.6432188533808882,3.924071524114795,1.9538834610515083
1815,20260727_isolated_FBs_200_microL_004_C2_segmentation,275,spore,24.26674360614075,24.26674360614075,69.47029481031387,0.5834800125670849,7.455370560494008,2.44526386695794
1816,20260727_isolated_FBs_200_microL_004_C2_segmentation,276,spore,14.197228111935,14.197228111935,45.47636920208072,0.6234965399345825,4.587539073492454,2.542500926677629
1820,20260727_isolated_FBs_200_microL_004_C2_segmentation,280,spore,16.95780024481125,16.95780024481125,75.10629316383708,0.4249985742897484,6.897398916977951,2.933058451010971
1821,20260727_isolated_FBs_200_microL_004_C2_segmentation,281,spore,16.27423000238475,16.27423000238475,42.461343800988246,0.7314040425735381,4.424583332985332,2.702008560946553
1829,20260727_isolated_FBs_200_microL_004_C2_segmentation,289,spore,10.33242712590825,10.33242712590825,52.349131328322215,0.4382375082825695,6.091852110244274,1.963027329760006
1834,20260727_isolated_FBs_200_microL_004_C2_segmentation,294,spore,16.247938839214502,16.247938839214502,45.594605187225596,0.6804081632952874,4.945070647650261,2.4751271185328028
1835,20260727_isolated_FBs_200_microL_004_C2_segmentation,295,spore,15.77469790215,15.77469790215,53.1841155682786,0.5719300078995563,7.853755652830898,1.8674444494168319
1836,20260727_isolated_FBs_200_microL_004_C2_segmentation,296,spore,16.01131837068225,16.01131837068225,42.424039089567515,0.7241416140150029,4.372799274796999,2.571555899646729
1838,20260727_isolated_FBs_200_microL_004_C2_segmentation,298,spore,12.43572017952825,12.43572017952825,38.50540381045035,0.6741290924028912,4.528079216957021,2.2321496520756323
1839,20260727_isolated_FBs_200_microL_004_C2_segmentation,299,spore,23.89866732175725,23.89866732175725,73.77625005195085,0.5438552644590561,8.33095838778945,2.3205182018547004
1840,20260727_isolated_FBs_200_microL_004_C2_segmentation,300,spore,15.17000114923425,15.17000114923425,39.76611926217468,0.7452374245143673,4.293448997083848,2.4097020014845727
1844,20260727_isolated_FBs_200_microL_004_C2_segmentation,304,spore,10.358718289078501,10.358718289078501,34.23774995061164,0.6711963563878104,3.43451039424275,2.3153070082062075
1848,20260727_isolated_FBs_200_microL_004_C2_segmentation,308,spore,17.95686444528075,17.95686444528075,59.728063473290526,0.555212659333948,7.6837098368821355,2.0770452659652383
1849,20260727_isolated_FBs_200_microL_004_C2_segmentation,309,spore,6.28358799768975,6.28358799768975,21.692804731572068,0.7591137975650912,2.8816469749719857,1.739143177308164
1864,20260727_isolated_FBs_200_microL_004_C2_segmentation,324,spore,15.748406738979751,15.748406738979751,52.900306118362295,0.5743593401891904,5.26538553160663,2.4316958830782114
1865,20260727_isolated_FBs_200_microL_004_C2_segmentation,325,spore,23.714629179565502,23.714629179565502,81.26393489874577,0.4912061952574674,8.842178683645635,2.260742447078142
1867,20260727_isolated_FBs_200_microL_004_C2_segmentation,327,spore,9.3070717622685,9.3070717622685,27.431902585344883,0.7800161049876156,3.569657796940091,2.128073534282257
1868,20260727_isolated_FBs_200_microL_004_C2_segmentation,328,spore,9.254489435928,9.254489435928,31.336642438353515,0.6802470049556368,3.968754417255699,2.041226292448903
1869,20260727_isolated_FBs_200_microL_004_C2_segmentation,329,spore,13.01412576927375,13.01412576927375,35.84931716705286,0.7463569297948958,4.3771515195645145,2.3084038697730893
1870,20260727_isolated_FBs_200_microL_004_C2_segmentation,330,spore,8.518336867161,8.518336867161,36.83709360062341,0.5475645295303793,5.435170421311198,1.8404771180062247
1878,20260727_isolated_FBs_200_microL_004_C2_segmentation,338,spore,11.936188079293501,11.936188079293501,44.62168680719412,0.5660418952789048,3.893032267065797,2.5259180459092527
1879,20260727_isolated_FBs_200_microL_004_C2_segmentation,339,spore,7.4666903403510005,7.4666903403510005,29.39036488757335,0.6285858110964508,5.945029987144067,1.8019501138898002
1883,20260727_isolated_FBs_200_microL_004_C2_segmentation,343,spore,8.3605898881395,8.3605898881395,28.569452437346644,0.6972793783841417,3.350520923540503,2.169923074176513
1886,20260727_isolated_FBs_200_microL_004_C2_segmentation,346,spore,14.328683927786251,14.328683927786251,42.83322961360645,0.6660510312301867,5.761494341573872,2.0634254311263893
1892,20260727_isolated_FBs_200_microL_004_C2_segmentation,352,spore,5.7840558974550005,5.7840558974550005,18.82735724811912,0.8276557730019183,2.4747968875217636,2.03635452693735
1897,20260727_isolated_FBs_200_microL_004_C2_segmentation,357,spore,5.33710612356075,5.33710612356075,21.5252731847269,0.686129372624043,3.3217104059748706,1.4479285191088296
1907,20260727_isolated_FBs_200_microL_004_C2_segmentation,367,spore,6.07325869232775,6.07325869232775,19.173358789727104,0.8395897195387104,2.367749496082602,2.0393094683563513
1909,20260727_isolated_FBs_200_microL_004_C2_segmentation,369,spore,8.9915778042255,8.9915778042255,37.03906278123482,0.5645660259182469,4.024856307582525,2.068317781220977
1944,20260727_isolated_FBs_200_microL_004_C2_segmentation,404,spore,14.11835462242425,14.11835462242425,61.70802198680397,0.4577888630169966,5.013341648940322,2.4183183815826936
1956,20260727_isolated_FBs_200_microL_004_C2_segmentation,416,spore,5.0741944918582504,5.0741944918582504,24.077758247755273,0.5930793659149012,3.0253000875263765,1.934373797140661
1958,20260727_isolated_FBs_200_microL_004_C2_segmentation,418,spore,5.363397286731,5.363397286731,25.303814312775206,0.5855870238442882,3.8045451284344685,1.7556108733644578
1973,20260727_isolated_FBs_200_microL_004_C2_segmentation,433,spore,5.65260008160375,5.65260008160375,29.48904625541006,0.5203819666766917,3.8027424572693547,1.9120201411394442
1984,20260727_isolated_FBs_200_microL_004_C2_segmentation,444,spore,9.28078059909825,9.28078059909825,47.76762766491164,0.447102181397286,3.7560585881512867,2.2976657547935044
1988,20260727_isolated_FBs_200_microL_004_C2_segmentation,448,spore,5.2582326340500005,5.2582326340500005,20.603255847996728,0.709754464570125,2.6468001922985223,1.9253087302788547
2034,20260727_isolated_FBs_200_microL_004_C2_segmentation,494,spore,5.0741944918582504,5.0741944918582504,33.65687636217368,0.42428243906436963,4.1034507422410424,1.449055159618557
2077,20260727_isolated_FBs_200_microL_004_C2_segmentation,537,spore,6.2572968345195,6.2572968345195,19.388140479267285,0.846978666863621,3.534945243228708,1.5275342231415516
2156,20260727_isolated_FBs_200_microL_004_C2_segmentation,1,vc,7.913640114245251,7.913640114245251,73.05244384637083,0.2628856657287615,5.111245874516293,3.4215861354111357
2173,20260727_isolated_FBs_200_microL_004_C2_segmentation,18,vc,8.96528664105525,8.96528664105525,77.40672537908011,0.2696175856696359,7.002217485391548,3.012708881972259
2184,20260727_isolated_FBs_200_microL_004_C2_segmentation,29,vc,10.831959226143,10.831959226143,102.47715067379649,0.23102647975299265,7.109769882291028,2.8405193468349
2356,20260727_isolated_FBs_200_microL_005_C2_segmentation,49,spore,5.3108149603905,5.3108149603905,27.154544713001773,0.5421037092647082,6.012098334547653,1.5146944930552468
2451,20260727_isolated_FBs_200_microL_005_C2_segmentation,144,spore,6.65166428207325,6.65166428207325,21.886587764964432,0.781495138871889,3.4076554279010574,1.8739406233215938
2466,20260727_isolated_FBs_200_microL_005_C2_segmentation,159,spore,29.104317629466752,29.104317629466752,135.3207552374242,0.3381359337900468,13.183522479914235,3.0626331709920698
2468,20260727_isolated_FBs_200_microL_005_C2_segmentation,161,spore,19.2977137669635,19.2977137669635,70.13767587844083,0.4960628004575713,8.789984043477926,2.4604849477523363
2471,20260727_isolated_FBs_200_microL_005_C2_segmentation,164,spore,22.79443846860675,22.79443846860675,90.92478216813618,0.42758367984031675,10.498891909724582,2.39982919985803
2478,20260727_isolated_FBs_200_microL_005_C2_segmentation,171,spore,18.2460672401535,18.2460672401535,111.49866459263646,0.3006034582510764,9.231223306282915,2.874955295775697
2486,20260727_isolated_FBs_200_microL_005_C2_segmentation,179,spore,15.69582441263925,15.69582441263925,45.05314437805036,0.6728967622983533,5.82423635409566,2.2703961056801707
2487,20260727_isolated_FBs_200_microL_005_C2_segmentation,180,spore,31.207610683086752,31.207610683086752,122.98687038473551,0.3897616039878092,11.81645463432936,2.6258258802409795
2501,20260727_isolated_FBs_200_microL_005_C2_segmentation,194,spore,27.894924123635253,27.894924123635253,126.31103813584517,0.35214885140732116,11.636417988779336,2.681182829224297
2525,20260727_isolated_FBs_200_microL_005_C2_segmentation,218,spore,22.662982652755502,22.662982652755502,87.9505805933879,0.4403420142296826,8.733864778033972,2.6456188593953556
2529,20260727_isolated_FBs_200_microL_005_C2_segmentation,222,spore,16.74747093944925,16.74747093944925,62.39666155483464,0.5073281092970373,7.468657368597889,2.149263989464195
2537,20260727_isolated_FBs_200_microL_005_C2_segmentation,230,spore,15.32774812825575,15.32774812825575,66.36397645242516,0.44964588935154237,4.935040104107636,2.8289085150560283
2538,20260727_isolated_FBs_200_microL_005_C2_segmentation,231,spore,6.44133497671125,6.44133497671125,29.51971884882886,0.5671385443960897,3.4517600967812783,2.1130783978217633
2539,20260727_isolated_FBs_200_microL_005_C2_segmentation,232,spore,14.3549750909565,14.3549750909565,109.91144379553728,0.259881984144134,7.277580614141749,2.64161104022811
2542,20260727_isolated_FBs_200_microL_005_C2_segmentation,235,spore,20.06015749890075,20.06015749890075,59.0025402077723,0.6051127548580105,6.947337123841279,2.4283160716609875
2544,20260727_isolated_FBs_200_microL_005_C2_segmentation,237,spore,22.16345055252075,22.16345055252075,78.35483390959507,0.48697864120974227,10.167137666490516,2.549445936837744
2545,20260727_isolated_FBs_200_microL_005_C2_segmentation,238,spore,15.5117862704475,15.5117862704475,54.612269898850414,0.5507676684247906,4.127687793230263,2.9744200421042275
2546,20260727_isolated_FBs_200_microL_005_C2_segmentation,239,spore,12.3568466900175,12.3568466900175,43.20285667381789,0.5982877340530194,5.193941601233425,2.4950728449247217
2549,20260727_isolated_FBs_200_microL_005_C2_segmentation,242,spore,22.89960312128775,22.89960312128775,81.63880770034935,0.4776826213595402,10.428308454917513,2.1260494966452264
2550,20260727_isolated_FBs_200_microL_005_C2_segmentation,243,spore,10.306135962738,10.306135962738,37.106180396669366,0.6172130754861388,4.992680157821205,2.094449775222248
2551,20260727_isolated_FBs_200_microL_005_C2_segmentation,244,spore,6.07325869232775,6.07325869232775,46.51080089439632,0.34610788503582884,5.849888423844152,1.7077421026015298
2555,20260727_isolated_FBs_200_microL_005_C2_segmentation,248,spore,6.940867076946001,6.940867076946001,31.50021336746246,0.5586156697119729,3.7132605663220324,2.136820670374563
2560,20260727_isolated_FBs_200_microL_005_C2_segmentation,253,spore,25.975669212207002,25.975669212207002,89.44626292917607,0.47420531878188105,10.806233985415613,2.8136851706898693
2561,20260727_isolated_FBs_200_microL_005_C2_segmentation,254,spore,27.21135388120875,27.21135388120875,102.13788507553471,0.4283486118661489,9.705086282451017,2.685764545858856
2565,20260727_isolated_FBs_200_microL_005_C2_segmentation,258,spore,12.96154344293325,12.96154344293325,37.2838953976169,0.7157048993192048,4.566231569997664,2.413791491357827
2571,20260727_isolated_FBs_200_microL_005_C2_segmentation,264,spore,20.21790447792225,20.21790447792225,80.42892447035267,0.4462339651057807,6.7833834955548316,2.2262474214820935
2572,20260727_isolated_FBs_200_microL_005_C2_segmentation,265,spore,20.296777967433002,20.296777967433002,58.43975450655327,0.6157349547903187,7.04714686345608,2.2775959759148092
2573,20260727_isolated_FBs_200_microL_005_C2_segmentation,266,spore,11.01599736833475,11.01599736833475,53.702383505768005,0.44583392446006254,3.7593212858866383,2.5770607946577413
2576,20260727_isolated_FBs_200_microL_005_C2_segmentation,269,spore,18.193484913813002,18.193484913813002,62.83470439851246,0.5323882699728991,4.827132493392961,2.631133163003803
2577,20260727_isolated_FBs_200_microL_005_C2_segmentation,270,spore,21.243259841562,21.243259841562,52.530173651785276,0.7061376949242756,6.235408942357402,2.4655695243610243
2580,20260727_isolated_FBs_200_microL_005_C2_segmentation,273,spore,18.798181666728752,18.798181666728752,92.92581677081115,0.36792415322937266,10.738859133526509,2.376265849611039
2581,20260727_isolated_FBs_200_microL_005_C2_segmentation,274,spore,19.455460745985,19.455460745985,72.23349363384686,0.4842911330989597,9.526386730179308,2.49245620574378
2582,20260727_isolated_FBs_200_microL_005_C2_segmentation,275,spore,20.90147472034875,20.90147472034875,70.72685388259058,0.5188212280477426,6.5532763046169435,2.436036475057301
2583,20260727_isolated_FBs_200_microL_005_C2_segmentation,276,spore,23.109932426649753,23.109932426649753,87.86382134212172,0.44655314670547885,12.75130676767563,1.933768034623013
2585,20260727_isolated_FBs_200_microL_005_C2_segmentation,278,spore,21.663918452286,21.663918452286,95.3390869868748,0.3941889785999222,5.471693223972272,2.66844872580411
2587,20260727_isolated_FBs_200_microL_005_C2_segmentation,280,spore,5.38968844990125,5.38968844990125,22.998461221084426,0.646389737909853,3.091482153297753,1.8482271383355433
2590,20260727_isolated_FBs_200_microL_005_C2_segmentation,283,spore,21.663918452286,21.663918452286,68.29900736624381,0.5502512960178056,5.281248884588586,2.976133770571365
2591,20260727_isolated_FBs_200_microL_005_C2_segmentation,284,spore,21.7165007786265,21.7165007786265,68.79011585390242,0.5472065856782178,5.943322321060164,2.6711799984880904
2592,20260727_isolated_FBs_200_microL_005_C2_segmentation,285,spore,16.01131837068225,16.01131837068225,45.40957738135367,0.6765315581194954,5.781710151711946,2.352917211174231
2596,20260727_isolated_FBs_200_microL_005_C2_segmentation,289,spore,16.90521791847075,16.90521791847075,69.80758418134177,0.45631214867304043,8.170567592534068,2.344072136960079
2598,20260727_isolated_FBs_200_microL_005_C2_segmentation,291,spore,16.27423000238475,16.27423000238475,53.5311128788204,0.5801560408327531,6.19108177921367,2.6087615690547863
2599,20260727_isolated_FBs_200_microL_005_C2_segmentation,292,spore,20.32306913060325,20.32306913060325,88.10633590021668,0.40876137083599556,7.86780609826702,2.7989445266753004
2601,20260727_isolated_FBs_200_microL_005_C2_segmentation,294,spore,12.830087627082001,12.830087627082001,54.16616483369335,0.48930064227870457,4.92574052878191,1.9218975407695615
2602,20260727_isolated_FBs_200_microL_005_C2_segmentation,295,spore,15.538077433617751,15.538077433617751,40.95855214733358,0.7351981109637175,4.180432181366116,2.6521012962683606
2603,20260727_isolated_FBs_200_microL_005_C2_segmentation,296,spore,24.766275706375502,24.766275706375502,98.82188848444883,0.4157875149063652,6.630081167330978,2.455464796968223
2604,20260727_isolated_FBs_200_microL_005_C2_segmentation,297,spore,15.9324448811715,15.9324448811715,46.372057068475925,0.6603122879859937,6.5285902136360425,2.2094288521937386
2605,20260727_isolated_FBs_200_microL_005_C2_segmentation,298,spore,17.64137048723775,17.64137048723775,43.04712871589946,0.7613099094025108,4.4881485071767555,2.694704694851857
2606,20260727_isolated_FBs_200_microL_005_C2_segmentation,299,spore,16.0376095338525,16.0376095338525,40.95052001781376,0.7510193505940239,4.830583115782161,2.513860889809387
2607,20260727_isolated_FBs_200_microL_005_C2_segmentation,300,spore,20.2441956410925,20.2441956410925,52.71539450671105,0.6814181241603837,6.093504796106523,2.589587957882145
2609,20260727_isolated_FBs_200_microL_005_C2_segmentation,302,spore,7.2826521981592505,7.2826521981592505,34.360626658912196,0.5287894255645313,4.439487783551921,1.8213599854282245
2610,20260727_isolated_FBs_200_microL_005_C2_segmentation,303,spore,10.516465268100001,10.516465268100001,31.94500538019973,0.7266540305074294,3.230690430859487,2.0385978046758924
2611,20260727_isolated_FBs_200_microL_005_C2_segmentation,304,spore,14.43384858046725,14.43384858046725,50.173719974388604,0.5713855496095943,6.327978862693717,2.288088214893258
2612,20260727_isolated_FBs_200_microL_005_C2_segmentation,305,spore,15.85357139166075,15.85357139166075,41.014384854972405,0.7441023292447883,4.0300100605961715,2.7887191276454115
2615,20260727_isolated_FBs_200_microL_005_C2_segmentation,308,spore,22.11086822618025,22.11086822618025,62.32961681247842,0.611214335583066,7.162075671946611,2.366947168774074
2616,20260727_isolated_FBs_200_microL_005_C2_segmentation,309,spore,18.640434687707252,18.640434687707252,62.89863708177226,0.5405222549927712,6.654668866177419,2.5253473093298613
2617,20260727_isolated_FBs_200_microL_005_C2_segmentation,310,spore,17.90428211894025,17.90428211894025,45.29804413441238,0.7306498209565327,5.316078001252335,2.574699852476555
2618,20260727_isolated_FBs_200_microL_005_C2_segmentation,311,spore,18.58785236136675,18.58785236136675,90.89830436797959,0.3733199097306938,6.34752494799977,2.8351546906233627
2619,20260727_isolated_FBs_200_microL_005_C2_segmentation,312,spore,13.22445507463575,13.22445507463575,61.30831216729237,0.44111309933603715,7.653113283661861,2.1989176113052338
2620,20260727_isolated_FBs_200_microL_005_C2_segmentation,313,spore,16.58972396042775,16.58972396042775,43.79736923281886,0.7182277922382203,4.091247830611806,2.69705125998113
2622,20260727_isolated_FBs_200_microL_005_C2_segmentation,315,spore,21.164386352051253,21.164386352051253,79.1052574505475,0.46775226243923845,8.474957500410838,2.6939557951657775
2623,20260727_isolated_FBs_200_microL_005_C2_segmentation,316,spore,16.11648302336325,16.11648302336325,39.05998714546536,0.7899486813987949,4.057192018933637,2.6973853200386197
2624,20260727_isolated_FBs_200_microL_005_C2_segmentation,317,spore,16.721179776279,16.721179776279,45.026841623333254,0.7023020194105727,5.290860076011798,2.363703181271462
2625,20260727_isolated_FBs_200_microL_005_C2_segmentation,318,spore,14.6704690489995,14.6704690489995,37.341452165833815,0.7761081683707073,4.335530707413927,2.4842938617262225
2626,20260727_isolated_FBs_200_microL_005_C2_segmentation,319,spore,17.0892560606625,17.0892560606625,63.04150766354432,0.5089474838958893,6.031950506640709,2.329920044943417
2627,20260727_isolated_FBs_200_microL_005_C2_segmentation,320,spore,12.6723406480605,12.6723406480605,39.37294753927285,0.6676119300757398,5.9643845831973215,2.149526389534501
2628,20260727_isolated_FBs_200_microL_005_C2_segmentation,321,spore,10.0432243310355,10.0432243310355,30.547891266804093,0.7369165847521255,3.4045873064466474,2.4062939784336255
2629,20260727_isolated_FBs_200_microL_005_C2_segmentation,322,spore,12.3568466900175,12.3568466900175,37.94322573872586,0.6812214491720188,4.260263755211799,2.342889788614931
2630,20260727_isolated_FBs_200_microL_005_C2_segmentation,323,spore,16.195356512874,16.195356512874,41.249478953361475,0.7504573219084542,4.562926498053334,2.6473695302132607
2635,20260727_isolated_FBs_200_microL_005_C2_segmentation,328,spore,12.69863181123075,12.69863181123075,50.32140803061697,0.5230814201758366,8.873772966980917,1.9334903728628514
2636,20260727_isolated_FBs_200_microL_005_C2_segmentation,329,spore,17.457332345046,17.457332345046,52.31199223568501,0.6221113400227964,4.85804458072324,2.725369692695373
2637,20260727_isolated_FBs_200_microL_005_C2_segmentation,330,spore,14.72305137534,14.72305137534,61.59197584133058,0.4716558295397609,4.2889212112162545,2.3315533219196176
2638,20260727_isolated_FBs_200_microL_005_C2_segmentation,331,spore,16.16906534970375,16.16906534970375,54.29583019825296,0.5695181782053029,4.540755338366497,2.70666362612109
2639,20260727_isolated_FBs_200_microL_005_C2_segmentation,332,spore,18.06202909796175,18.06202909796175,46.571619949892614,0.7148371886971111,5.142807895091107,2.549327545408185
2640,20260727_isolated_FBs_200_microL_005_C2_segmentation,333,spore,5.2582326340500005,5.2582326340500005,21.638964683098084,0.6757833859869575,2.562847283674182,2.115584932733098
2642,20260727_isolated_FBs_200_microL_005_C2_segmentation,335,spore,15.354039291426,15.354039291426,41.13856681441455,0.7261896673866021,5.091903494883828,2.425347744067061
2645,20260727_isolated_FBs_200_microL_005_C2_segmentation,338,spore,14.6704690489995,14.6704690489995,38.19380763430512,0.7587880821470481,4.697549672968001,2.450217727723848
2648,20260727_isolated_FBs_200_microL_005_C2_segmentation,341,spore,17.667661650408,17.667661650408,48.559208235385555,0.6755620475423058,6.7500456220743805,2.393608318572535
2650,20260727_isolated_FBs_200_microL_005_C2_segmentation,343,spore,8.570919193501501,8.570919193501501,33.81963440095215,0.5988712757653082,3.6371060762866283,2.065380825165799
2651,20260727_isolated_FBs_200_microL_005_C2_segmentation,344,spore,18.4563965455155,18.4563965455155,48.39657887710229,0.6978585496587186,5.681902665049951,2.478642657039671
2652,20260727_isolated_FBs_200_microL_005_C2_segmentation,345,spore,16.22164767604425,16.22164767604425,44.361163401497194,0.6985719987304128,3.8795368237422196,2.9041902216225997
2653,20260727_isolated_FBs_200_microL_005_C2_segmentation,346,spore,17.0892560606625,17.0892560606625,79.91808758380077,0.40147127735909227,6.156551334957428,2.3408645653831437
2654,20260727_isolated_FBs_200_microL_005_C2_segmentation,347,spore,14.01318996974325,14.01318996974325,37.23057497497418,0.7549920655387723,3.6343779535077054,2.560912099378346
2655,20260727_isolated_FBs_200_microL_005_C2_segmentation,348,spore,13.355910890487001,13.355910890487001,40.296252717563476,0.6755670691234255,4.9047483517993085,2.201845703551601
2656,20260727_isolated_FBs_200_microL_005_C2_segmentation,349,spore,17.53620583455675,17.53620583455675,45.71744965153847,0.7139906954198099,5.1576473669669225,2.520198963015874
2657,20260727_isolated_FBs_200_microL_005_C2_segmentation,350,spore,17.4047500187055,17.4047500187055,83.51127722091039,0.38891156567342366,4.111035292405896,3.0623812267877697
2659,20260727_isolated_FBs_200_microL_005_C2_segmentation,352,spore,19.6132077250065,19.6132077250065,92.27832858051893,0.3811390877790032,9.427525577861415,2.227891468270475
2661,20260727_isolated_FBs_200_microL_005_C2_segmentation,354,spore,22.58410916324475,22.58410916324475,92.47771097159284,0.41781339822979513,9.42365633450822,2.8207917918967427
2662,20260727_isolated_FBs_200_microL_005_C2_segmentation,355,spore,23.425426384692752,23.425426384692752,88.87121841532084,0.4455002921669013,9.943576754563452,2.3466432762469998
2664,20260727_isolated_FBs_200_microL_005_C2_segmentation,357,spore,14.092063459254,14.092063459254,88.75336668094113,0.31789401279713486,7.076765259731469,2.806226500971903
2666,20260727_isolated_FBs_200_microL_005_C2_segmentation,359,spore,14.06577229608375,14.06577229608375,49.32213016214067,0.5713269201140213,7.443845630763033,2.014735799056065
2668,20260727_isolated_FBs_200_microL_005_C2_segmentation,361,spore,5.2056503077095,5.2056503077095,37.47467133020322,0.3876111717082232,3.164054616844264,2.150652058938166
2669,20260727_isolated_FBs_200_microL_005_C2_segmentation,362,spore,21.58504496277525,21.58504496277525,106.48817130975044,0.3520611153420712,9.331232853289078,2.803267646089599
2672,20260727_isolated_FBs_200_microL_005_C2_segmentation,365,spore,17.983155608451,17.983155608451,51.72894071969441,0.6416937471611921,5.6178795347195045,2.5789230763357374
2673,20260727_isolated_FBs_200_microL_005_C2_segmentation,366,spore,11.64698528442075,11.64698528442075,39.465935825041896,0.62960872385262,5.120494085726655,2.2859267809390094
2674,20260727_isolated_FBs_200_microL_005_C2_segmentation,367,spore,9.4122364149495,9.4122364149495,27.117483412119405,0.7949929782265395,3.081834089284382,2.3626108787354685
2675,20260727_isolated_FBs_200_microL_005_C2_segmentation,368,spore,19.087384461601502,19.087384461601502,53.4976959816995,0.6456244866987638,5.821781425919928,2.5239460332291292
2676,20260727_isolated_FBs_200_microL_005_C2_segmentation,369,spore,20.5596895991355,20.5596895991355,54.866930241499,0.661481695767614,5.960873390776092,2.472427520196238
2677,20260727_isolated_FBs_200_microL_005_C2_segmentation,370,spore,20.822601230838,20.822601230838,61.78745457755432,0.5923892129759002,8.50231304020752,2.3539487817367197
2679,20260727_isolated_FBs_200_microL_005_C2_segmentation,372,spore,23.136223589820002,23.136223589820002,64.52924019695827,0.6084934225043079,7.257189614731169,2.514027848657243
2680,20260727_isolated_FBs_200_microL_005_C2_segmentation,373,spore,15.538077433617751,15.538077433617751,48.88251176097556,0.6160209261294226,4.462366916296226,2.6079637277351666
2681,20260727_isolated_FBs_200_microL_005_C2_segmentation,374,spore,19.560625398666,19.560625398666,62.671816609330904,0.5601878242776915,7.818288905969722,2.4284399370556535
2682,20260727_isolated_FBs_200_microL_005_C2_segmentation,375,spore,9.675148046652,9.675148046652,30.572570607501806,0.7182195910073657,3.9543607237113476,2.083196060092552
2683,20260727_isolated_FBs_200_microL_005_C2_segmentation,376,spore,20.401942620114,20.401942620114,69.6109392690809,0.5187056499837059,7.142178246363908,2.3567693744494833
2685,20260727_isolated_FBs_200_microL_005_C2_segmentation,378,spore,7.3089433613295,7.3089433613295,36.28738929599115,0.5019164907097279,6.306519296805578,1.6617013929969535
2686,20260727_isolated_FBs_200_microL_005_C2_segmentation,379,spore,14.8807983543615,14.8807983543615,52.46747383831753,0.5576282802467237,3.920428913210342,2.809726478218515
2687,20260727_isolated_FBs_200_microL_005_C2_segmentation,380,spore,16.090191860193002,16.090191860193002,60.80448272032589,0.5069004476671416,4.802063984518725,2.680829903002912
2688,20260727_isolated_FBs_200_microL_005_C2_segmentation,381,spore,19.770954704028,19.770954704028,50.55855351369354,0.6993714697479807,5.925073820407152,2.5193496565087448
2689,20260727_isolated_FBs_200_microL_005_C2_segmentation,382,spore,13.6188225221895,13.6188225221895,38.30746372476321,0.7199357926381539,5.027286262408189,2.161721217138054
2691,20260727_isolated_FBs_200_microL_005_C2_segmentation,384,spore,21.926830083988502,21.926830083988502,62.04668124529188,0.6105896921679544,7.87602583903557,2.2570502682722964
2692,20260727_isolated_FBs_200_microL_005_C2_segmentation,385,spore,20.69114541498675,20.69114541498675,87.7412412616766,0.41540339257626707,6.447814577924441,2.3421110559511114
2693,20260727_isolated_FBs_200_microL_005_C2_segmentation,386,spore,9.59627455714125,9.59627455714125,28.803137942656136,0.758192405841754,3.368049241048661,2.2585951497593166
2694,20260727_isolated_FBs_200_microL_005_C2_segmentation,387,spore,17.247003039684,17.247003039684,52.93320571882862,0.609862160657323,7.089726617500717,2.2157181098578107
2695,20260727_isolated_FBs_200_microL_005_C2_segmentation,388,spore,18.4563965455155,18.4563965455155,53.00981586847644,0.6371266489099972,4.3926622286677155,2.8361309841170566
2696,20260727_isolated_FBs_200_microL_005_C2_segmentation,389,spore,16.195356512874,16.195356512874,52.06363769588839,0.5945795352656174,4.272754693225757,2.7658595819080856
2697,20260727_isolated_FBs_200_microL_005_C2_segmentation,390,spore,13.592531359019251,13.592531359019251,79.19030818805913,0.347812874613907,6.012892290704965,2.713235009432959
2699,20260727_isolated_FBs_200_microL_005_C2_segmentation,392,spore,14.22351927510525,14.22351927510525,42.169191704996905,0.6732249845084244,6.232911862490517,2.125792087151904
2700,20260727_isolated_FBs_200_microL_005_C2_segmentation,393,spore,10.411300615419,10.411300615419,29.314243041863044,0.7865785479607529,4.116692987533926,2.227609678129532
2701,20260727_isolated_FBs_200_microL_005_C2_segmentation,394,spore,8.4657545408205,8.4657545408205,27.39036114700857,0.7333818326856211,3.9518548847988515,2.028182658349936
2702,20260727_isolated_FBs_200_microL_005_C2_segmentation,395,spore,11.568111794910001,11.568111794910001,38.80926631826191,0.6373681291165924,5.401812203761025,2.008410882086661
2703,20260727_isolated_FBs_200_microL_005_C2_segmentation,396,spore,17.48362350821625,17.48362350821625,48.81837449691098,0.6673009970255276,5.990936506751429,2.41560329786578
2704,20260727_isolated_FBs_200_microL_005_C2_segmentation,397,spore,13.32961972731675,13.32961972731675,34.120404380420865,0.7967984149128553,4.324861904837932,2.3798274451236323
2706,20260727_isolated_FBs_200_microL_005_C2_segmentation,399,spore,5.54743542892275,5.54743542892275,58.1601111256265,0.26056759272340274,4.394326404774662,2.345338819061846
2707,20260727_isolated_FBs_200_microL_005_C2_segmentation,400,spore,11.410364815888501,11.410364815888501,38.41362362603549,0.6380654087377658,4.699533428856984,2.164324836842521
2709,20260727_isolated_FBs_200_microL_005_C2_segmentation,402,spore,9.622565720311501,9.622565720311501,29.92507727422744,0.7310988507759832,3.955758942306859,2.1188847037356364
2711,20260727_isolated_FBs_200_microL_005_C2_segmentation,404,spore,20.270486804262752,20.270486804262752,58.229898583126776,0.6174202602786805,4.76077280950049,2.2814955805335244
2712,20260727_isolated_FBs_200_microL_005_C2_segmentation,405,spore,13.4084932168275,13.4084932168275,50.726318309516515,0.538068332718059,7.661208140922963,2.2426342481265022
2713,20260727_isolated_FBs_200_microL_005_C2_segmentation,406,spore,17.983155608451,17.983155608451,44.518785005218874,0.745620928406033,5.622284004135677,2.4272517015327533
2714,20260727_isolated_FBs_200_microL_005_C2_segmentation,407,spore,9.5174010676305,9.5174010676305,32.54627346061813,0.667311233854933,4.00904097653122,2.0989766488504973
2716,20260727_isolated_FBs_200_microL_005_C2_segmentation,409,spore,15.012254170212751,15.012254170212751,58.260568864352486,0.5051340870161063,5.141219866702381,2.430526062294587
2717,20260727_isolated_FBs_200_microL_005_C2_segmentation,410,spore,10.75308573663225,10.75308573663225,28.86381703454971,0.8162423060218211,3.6050813985329726,2.3454828039850115
2718,20260727_isolated_FBs_200_microL_005_C2_segmentation,411,spore,14.11835462242425,14.11835462242425,51.76754399264189,0.5456941366270359,3.9755515743053147,2.833359197635181
2719,20260727_isolated_FBs_200_microL_005_C2_segmentation,412,spore,13.0929992587845,13.0929992587845,35.712653144411746,0.7522371382830326,5.319078630528264,2.0668452520436724
2721,20260727_isolated_FBs_200_microL_005_C2_segmentation,414,spore,13.75027833804075,13.75027833804075,41.20223048934405,0.6736552884095115,4.425056448395756,2.420889562581218
2723,20260727_isolated_FBs_200_microL_005_C2_segmentation,416,spore,11.147453184186,11.147453184186,45.40893081155661,0.5314469916752087,7.9722146187852765,1.6957315527547518
2725,20260727_isolated_FBs_200_microL_005_C2_segmentation,418,spore,12.724922974401,12.724922974401,43.62018442585763,0.6042732952584274,5.148191853721948,2.3056383194311882
2730,20260727_isolated_FBs_200_microL_005_C2_segmentation,423,spore,14.01318996974325,14.01318996974325,81.03329056522296,0.3468795171155906,5.906419516304404,2.2146689379249125
2731,20260727_isolated_FBs_200_microL_005_C2_segmentation,424,spore,9.33336292543875,9.33336292543875,28.0420371678962,0.7644809473964062,3.651614150404784,2.1547272263669277
2732,20260727_isolated_FBs_200_microL_005_C2_segmentation,425,spore,9.096742456906501,9.096742456906501,31.48968985717729,0.6692263114193843,4.179813672369818,2.056533917425778
2738,20260727_isolated_FBs_200_microL_005_C2_segmentation,431,spore,20.9803482098595,20.9803482098595,80.07861726495304,0.4593841642641653,9.789090519921858,2.168071638008101
2740,20260727_isolated_FBs_200_microL_005_C2_segmentation,433,spore,12.12022622148525,12.12022622148525,32.14928978363734,0.793694233787265,3.961460992920084,2.4023283918870035
2741,20260727_isolated_FBs_200_microL_005_C2_segmentation,434,spore,10.33242712590825,10.33242712590825,34.48571755247053,0.6652421495703349,3.919807985786698,2.2825998038250264
2742,20260727_isolated_FBs_200_microL_005_C2_segmentation,435,spore,15.564368596788,15.564368596788,41.32905789538184,0.729428884908995,5.42337881190129,2.383954998968775
2743,20260727_isolated_FBs_200_microL_005_C2_segmentation,436,spore,14.9859630070425,14.9859630070425,56.21035450610768,0.5229468736569757,7.437529570153442,2.2388916884586743
2744,20260727_isolated_FBs_200_microL_005_C2_segmentation,437,spore,15.5117862704475,15.5117862704475,41.71275363424686,0.7210905523839628,4.7058923168404085,2.542353955346605
2745,20260727_isolated_FBs_200_microL_005_C2_segmentation,438,spore,12.06764389514475,12.06764389514475,39.477088219336466,0.6444966580284104,5.473379648980412,2.0917646201390103
2746,20260727_isolated_FBs_200_microL_005_C2_segmentation,439,spore,8.38688105130975,8.38688105130975,29.532710918106634,0.675949834272765,4.19640850445461,2.037003939547292
2748,20260727_isolated_FBs_200_microL_005_C2_segmentation,441,spore,26.7644041073145,26.7644041073145,84.5666210636351,0.5116702876740906,11.273056201418246,2.4421086196215733
2749,20260727_isolated_FBs_200_microL_005_C2_segmentation,442,spore,11.673276447591,11.673276447591,35.0478603748367,0.7100426915004441,4.439854053776352,2.2386241861424416
2751,20260727_isolated_FBs_200_microL_005_C2_segmentation,444,spore,9.64885688348175,9.64885688348175,78.06470708005745,0.2807673695605184,4.812648290178503,2.630437238934955
2752,20260727_isolated_FBs_200_microL_005_C2_segmentation,445,spore,15.143709986064,15.143709986064,37.22524018586391,0.7951849256341512,4.292990977962697,2.557946661976097
2754,20260727_isolated_FBs_200_microL_005_C2_segmentation,447,spore,16.694888613108752,16.694888613108752,46.41392999243401,0.680599248949989,4.694847776970673,2.5645898552554884
2757,20260727_isolated_FBs_200_microL_005_C2_segmentation,450,spore,18.298649566494,18.298649566494,76.79210172373585,0.4373007920536984,7.6598205473285,2.8606113519376537
2758,20260727_isolated_FBs_200_microL_005_C2_segmentation,451,spore,11.06857969467525,11.06857969467525,30.569900952209874,0.7856902379201115,3.83705061045895,2.355751176127615
2759,20260727_isolated_FBs_200_microL_005_C2_segmentation,452,spore,10.64792108395125,10.64792108395125,48.108850189277305,0.48652186516168267,6.168079958393864,2.07801158339872
2762,20260727_isolated_FBs_200_microL_005_C2_segmentation,455,spore,14.90708951753175,14.90708951753175,43.5516173196672,0.672576584276313,4.532900393936854,2.452839405830213
2764,20260727_isolated_FBs_200_microL_005_C2_segmentation,457,spore,11.17374434735625,11.17374434735625,33.06693432840842,0.7309528189992385,4.855931320370642,2.1449283002377513
2765,20260727_isolated_FBs_200_microL_005_C2_segmentation,458,spore,12.830087627082001,12.830087627082001,32.222078255806466,0.8225273066650927,3.78515047147253,2.478148377619735
2766,20260727_isolated_FBs_200_microL_005_C2_segmentation,459,spore,13.434784379997751,13.434784379997751,35.566996035543994,0.7684059842168504,4.705640240631146,2.257326577282263
2768,20260727_isolated_FBs_200_microL_005_C2_segmentation,461,spore,11.8310234266125,11.8310234266125,42.58773282302637,0.5895868834438989,4.283933588326713,1.9771979923232976
2769,20260727_isolated_FBs_200_microL_005_C2_segmentation,462,spore,14.197228111935,14.197228111935,41.27302628772537,0.6869949067611151,3.418530614862098,2.854489739325717
2770,20260727_isolated_FBs_200_microL_005_C2_segmentation,463,spore,8.570919193501501,8.570919193501501,24.249508989615137,0.8352172247400197,3.050415108205873,1.9523344779311254
2771,20260727_isolated_FBs_200_microL_005_C2_segmentation,464,spore,8.9915778042255,8.9915778042255,34.59429014319812,0.6044638115590784,3.196378402799104,2.327953928438587
2772,20260727_isolated_FBs_200_microL_005_C2_segmentation,465,spore,23.84608499541675,23.84608499541675,68.85475816439981,0.5818730268306785,7.782525738642643,2.5209500104345266
2773,20260727_isolated_FBs_200_microL_005_C2_segmentation,466,spore,16.931509081641,16.931509081641,54.140967205698615,0.5889637424613868,4.938119870891886,2.5696383320239513
2774,20260727_isolated_FBs_200_microL_005_C2_segmentation,467,spore,10.75308573663225,10.75308573663225,34.08068262263281,0.691296850997544,3.8481437834890175,2.130331617809284
2775,20260727_isolated_FBs_200_microL_005_C2_segmentation,468,spore,21.453589146924,21.453589146924,68.48896527119149,0.5451677528918895,6.45542717267823,2.7086394625453534
2776,20260727_isolated_FBs_200_microL_005_C2_segmentation,469,spore,16.8789267553005,16.8789267553005,48.89464642673832,0.6508077264369622,6.3337430498158716,2.4338344300865553
2777,20260727_isolated_FBs_200_microL_005_C2_segmentation,470,spore,13.4084932168275,13.4084932168275,48.00332719776259,0.5685902855291929,6.5593987700971335,2.032238756344143
2778,20260727_isolated_FBs_200_microL_005_C2_segmentation,471,spore,15.06483649655325,15.06483649655325,40.50013077182746,0.7283452863990273,5.021669908977771,2.3041465446892513
2779,20260727_isolated_FBs_200_microL_005_C2_segmentation,472,spore,13.01412576927375,13.01412576927375,35.58890171900358,0.7518182636627357,4.476036537821578,2.3600535357732415
2782,20260727_isolated_FBs_200_microL_005_C2_segmentation,475,spore,11.883605752953,11.883605752953,62.1334964370419,0.4053129575553746,5.957194543015574,2.063876019067482
2787,20260727_isolated_FBs_200_microL_005_C2_segmentation,480,spore,10.80566806297275,10.80566806297275,36.01787288284084,0.6562467189930815,3.866563543819624,2.1104215874381422
2790,20260727_isolated_FBs_200_microL_005_C2_segmentation,483,spore,6.80941126109475,6.80941126109475,25.756941486953835,0.6745221405234013,3.2290563101080956,1.9291951738519824
2796,20260727_isolated_FBs_200_microL_005_C2_segmentation,489,spore,12.80379646391175,12.80379646391175,69.33023958254101,0.38175722461631906,6.647760850897445,2.4088286367371055
2799,20260727_isolated_FBs_200_microL_005_C2_segmentation,492,spore,7.36152568767,7.36152568767,21.522009656379165,0.8503150329480247,2.8561278700296047,1.973381609238453
2801,20260727_isolated_FBs_200_microL_005_C2_segmentation,494,spore,10.200971310057,10.200971310057,27.915681387162888,0.8148235559909628,3.282918028305181,2.4528859268664247
2804,20260727_isolated_FBs_200_microL_005_C2_segmentation,497,spore,8.9915778042255,8.9915778042255,30.04194736880906,0.6960599531523365,3.6118607784974595,2.0962583263314816
2814,20260727_isolated_FBs_200_microL_005_C2_segmentation,507,spore,5.38968844990125,5.38968844990125,20.369941739171267,0.7297993048472748,2.598301111612874,1.976033111299287
2815,20260727_isolated_FBs_200_microL_005_C2_segmentation,508,spore,8.728666172523,8.728666172523,29.890712452716475,0.6858773280157842,3.9375522510311347,2.116949057191499
2816,20260727_isolated_FBs_200_microL_005_C2_segmentation,509,spore,8.938995477885001,8.938995477885001,30.839824659069826,0.6754056707521106,3.9643664733051125,2.003457361089623
2828,20260727_isolated_FBs_200_microL_005_C2_segmentation,521,spore,7.203778708648501,7.203778708648501,33.05709556529954,0.5456653039303964,3.8972872593633943,1.8844364774424125
2829,20260727_isolated_FBs_200_microL_005_C2_segmentation,522,spore,8.518336867161,8.518336867161,48.936777035290355,0.4121784688056996,4.232266348896845,2.2978183644701877
2830,20260727_isolated_FBs_200_microL_005_C2_segmentation,523,spore,10.80566806297275,10.80566806297275,30.917612567904385,0.7645031081413893,4.191474502652362,2.157431765653935
2840,20260727_isolated_FBs_200_microL_005_C2_segmentation,533,spore,5.889220550136001,5.889220550136001,21.511603091726798,0.7331337748804477,3.200539076818658,1.8547741733621892
2858,20260727_isolated_FBs_200_microL_005_C2_segmentation,551,spore,7.86105778790475,7.86105778790475,27.743291139098446,0.6891495406126537,3.365075131164052,1.9749511439747736
2871,20260727_isolated_FBs_200_microL_005_C2_segmentation,564,spore,16.11648302336325,16.11648302336325,49.09165546681264,0.628526071235739,4.879250519251989,2.505355362651179
2877,20260727_isolated_FBs_200_microL_005_C2_segmentation,570,spore,7.23006987181875,7.23006987181875,24.265433823526585,0.7451740580067218,3.191628433829478,1.7442245484272192
2884,20260727_isolated_FBs_200_microL_005_C2_segmentation,577,spore,8.7812484988635,8.7812484988635,43.63323169638979,0.4717416870469854,5.215770110680206,2.184964632950792
2886,20260727_isolated_FBs_200_microL_005_C2_segmentation,579,spore,6.835702424265,6.835702424265,34.88549258903325,0.4992997674933352,3.6033580943817314,2.1064302327444975
2888,20260727_isolated_FBs_200_microL_005_C2_segmentation,581,spore,12.22539087416625,12.22539087416625,43.46695800433787,0.5904276840561948,5.352224155300114,1.9433884031305575
2890,20260727_isolated_FBs_200_microL_005_C2_segmentation,583,spore,5.38968844990125,5.38968844990125,19.5150918586508,0.7617678373590018,3.1206914464004973,1.592352761111323
2905,20260727_isolated_FBs_200_microL_005_C2_segmentation,598,spore,8.22913407228825,8.22913407228825,43.50941556257325,0.4530404362736542,3.4500161069459647,2.152306477356638
3183,20260727_isolated_FBs_200_microL_005_C2_segmentation,3,vc,17.79911746625925,17.79911746625925,149.16333177016418,0.22101463303406105,7.675316343841799,3.5766915226516574
3185,20260727_isolated_FBs_200_microL_005_C2_segmentation,5,vc,9.17561594641725,9.17561594641725,74.36781590212033,0.2850072553569561,8.418301807124358,2.067100903757189
3186,20260727_isolated_FBs_200_microL_005_C2_segmentation,6,vc,11.489238305399251,11.489238305399251,110.30244151744245,0.22323373412249978,5.635445692770306,2.7406062832738596
3191,20260727_isolated_FBs_200_microL_005_C2_segmentation,11,vc,21.58504496277525,21.58504496277525,170.7798809823959,0.2195243616893773,6.09143081494229,3.376620249697524
3204,20260727_isolated_FBs_200_microL_005_C2_segmentation,24,vc,7.2826521981592505,7.2826521981592505,77.79290908461557,0.23356288184621615,4.42633040121712,3.4068469733438715
3209,20260727_isolated_FBs_200_microL_005_C2_segmentation,29,vc,5.8366382237955,5.8366382237955,56.506745847314825,0.27743356991973755,4.484899829276913,2.0045654077391806
3215,20260727_isolated_FBs_200_microL_005_C2_segmentation,35,vc,19.087384461601502,19.087384461601502,134.9461173048482,0.25594973162307033,5.783595372607322,3.360508434524835
3237,20260727_isolated_FBs_200_microL_005_C2_segmentation,57,vc,5.7314735711145,5.7314735711145,52.03887419737787,0.2976234144194268,4.562559222107933,2.420301098261752
3447,20260727_isolated_FBs_200_microL_006_C2_segmentation,40,spore,6.5727907925625,6.5727907925625,15.93148087496351,1.065110135493649,3.351242032008251,1.727775416916742
3533,20260727_isolated_FBs_200_microL_006_C2_segmentation,126,spore,21.138095188881,21.138095188881,92.24854657857925,0.40077610940673,8.358217809847615,2.7664405469204003
3558,20260727_isolated_FBs_200_microL_006_C2_segmentation,151,spore,18.614143524537,18.614143524537,69.85498886147687,0.48623781993188353,9.055605384543844,1.9585665525603462
3572,20260727_isolated_FBs_200_microL_006_C2_segmentation,165,spore,18.640434687707252,18.640434687707252,63.090485874,0.5388786071375354,7.929804478508514,2.3535618780202516
3596,20260727_isolated_FBs_200_microL_006_C2_segmentation,189,spore,18.2460672401535,18.2460672401535,61.50295478082991,0.544963803549978,8.578314482382357,2.1735819203912943
3597,20260727_isolated_FBs_200_microL_006_C2_segmentation,190,spore,10.516465268100001,10.516465268100001,47.30960591610305,0.49066075408171,4.1475181148139235,2.3820006677009773
3600,20260727_isolated_FBs_200_microL_006_C2_segmentation,193,spore,26.15970735439875,26.15970735439875,116.74065524017337,0.36504851443850084,12.33257492588614,2.6866470473938375
3601,20260727_isolated_FBs_200_microL_006_C2_segmentation,194,spore,24.73998454320525,24.73998454320525,91.34202073918081,0.44951734977171115,7.469359805437806,2.3076193872254436
3602,20260727_isolated_FBs_200_microL_006_C2_segmentation,195,spore,18.43010538234525,18.43010538234525,68.16565731552623,0.49499830281951,8.760631051958116,2.377843454211818
3603,20260727_isolated_FBs_200_microL_006_C2_segmentation,196,spore,11.43665597905875,11.43665597905875,52.88464484911599,0.46418086907966305,7.389582637827072,2.018454812538963
3604,20260727_isolated_FBs_200_microL_006_C2_segmentation,197,spore,16.7737621026195,16.7737621026195,68.96575488754095,0.45948458886064003,7.073259853459047,2.225777867924574
3605,20260727_isolated_FBs_200_microL_006_C2_segmentation,198,spore,18.2460672401535,18.2460672401535,59.463404484778025,0.5636556543866122,4.439749987873507,2.5115189284195605
3606,20260727_isolated_FBs_200_microL_006_C2_segmentation,199,spore,17.27329420285425,17.27329420285425,61.06049717640755,0.5292252641920625,5.496172109334687,2.4418139104127725
3607,20260727_isolated_FBs_200_microL_006_C2_segmentation,200,spore,16.27423000238475,16.27423000238475,42.59826535883282,0.7290531256974775,4.09877818390873,2.588510609997709
3608,20260727_isolated_FBs_200_microL_006_C2_segmentation,201,spore,6.861993587435251,6.861993587435251,24.26054358271924,0.7198087731580572,3.0305704890768257,2.0048412944322673
3610,20260727_isolated_FBs_200_microL_006_C2_segmentation,203,spore,20.139030988411502,20.139030988411502,58.64854449570259,0.6103598150313077,7.337777663706822,2.413528095709274
3611,20260727_isolated_FBs_200_microL_006_C2_segmentation,204,spore,18.088320261132,18.088320261132,50.87637370262331,0.6549881884171869,5.887264024452329,2.381293410330384
3612,20260727_isolated_FBs_200_microL_006_C2_segmentation,205,spore,15.301456965085501,15.301456965085501,94.52564859533382,0.3153234831717402,6.116904836710528,2.513828990156895
3613,20260727_isolated_FBs_200_microL_006_C2_segmentation,206,spore,17.667661650408,17.667661650408,53.43703703438128,0.6138955294513008,4.767863387318831,2.6398228284383776
3615,20260727_isolated_FBs_200_microL_006_C2_segmentation,208,spore,5.678891244774,5.678891244774,28.99823071469259,0.5308294282975905,4.64515974982119,1.545896263104687
3617,20260727_isolated_FBs_200_microL_006_C2_segmentation,210,spore,19.11367562477175,19.11367562477175,72.79339487869888,0.4749212745207972,8.89559697374971,2.756354886198761
3618,20260727_isolated_FBs_200_microL_006_C2_segmentation,211,spore,5.179359144539251,5.179359144539251,28.528692203887207,0.5074418466516729,3.4930822172989817,2.0839829704214083
3620,20260727_isolated_FBs_200_microL_006_C2_segmentation,213,spore,21.769083104967002,21.769083104967002,69.66372170597671,0.5412163112255768,8.03188816977427,2.459114111928819
3621,20260727_isolated_FBs_200_microL_006_C2_segmentation,214,spore,13.69769601170025,13.69769601170025,52.92683400713928,0.5230861538569747,5.526999407265166,2.321704118847776
3625,20260727_isolated_FBs_200_microL_006_C2_segmentation,218,spore,8.75495733569325,8.75495733569325,29.37543270407673,0.6993091455471502,2.8954835294882617,2.285892762927644
3629,20260727_isolated_FBs_200_microL_006_C2_segmentation,222,spore,19.42916958281475,19.42916958281475,88.62678426205473,0.3943561567368526,4.827956630063681,2.980829512648587
3630,20260727_isolated_FBs_200_microL_006_C2_segmentation,223,spore,15.012254170212751,15.012254170212751,44.68660196722724,0.658573218073662,3.6312162811054596,2.8198465221864937
3631,20260727_isolated_FBs_200_microL_006_C2_segmentation,224,spore,21.0855128625405,21.0855128625405,54.197149712762986,0.6810261526144261,5.853917243928671,2.6588697221907105
3636,20260727_isolated_FBs_200_microL_006_C2_segmentation,229,spore,17.11554722383275,17.11554722383275,92.62313805732916,0.34675693840929794,7.334737138794995,2.7999390445234242
3638,20260727_isolated_FBs_200_microL_006_C2_segmentation,231,spore,13.1981639114655,13.1981639114655,39.96916744551853,0.6757219617585823,4.779360480955478,2.269276594180649
3639,20260727_isolated_FBs_200_microL_006_C2_segmentation,232,spore,5.60001775526325,5.60001775526325,20.07596755237166,0.7596273193584351,2.7049885090997194,1.817507434818862
3641,20260727_isolated_FBs_200_microL_006_C2_segmentation,234,spore,14.249810438275501,14.249810438275501,52.73698790746876,0.538982744202342,5.640489910934783,2.3497329997237593
3643,20260727_isolated_FBs_200_microL_006_C2_segmentation,236,spore,20.7700189044975,20.7700189044975,56.851418121495975,0.6427381573098947,6.477872112365311,2.5180155714248396
3644,20260727_isolated_FBs_200_microL_006_C2_segmentation,237,spore,14.80192486485075,14.80192486485075,39.732234784876134,0.7337586966216991,4.62917494978698,2.434013460791487
3646,20260727_isolated_FBs_200_microL_006_C2_segmentation,239,spore,20.0338663357305,20.0338663357305,49.53994424595048,0.7200651499722602,5.680922273260804,2.588348862814586
3647,20260727_isolated_FBs_200_microL_006_C2_segmentation,240,spore,20.743727741327252,20.743727741327252,59.4448887189897,0.6141778388793231,5.6435949459540735,2.601691464724162
3648,20260727_isolated_FBs_200_microL_006_C2_segmentation,241,spore,21.663918452286,21.663918452286,69.41625967984073,0.541395020321434,8.061081998421205,2.549227400917656
3650,20260727_isolated_FBs_200_microL_006_C2_segmentation,243,spore,17.69395281357825,17.69395281357825,64.58532200778603,0.5084327747920178,9.690779626945796,2.459562341329595
3651,20260727_isolated_FBs_200_microL_006_C2_segmentation,244,spore,23.63575569005475,23.63575569005475,74.00190827800743,0.5382130208836655,9.251314548810383,2.311701620213384
3652,20260727_isolated_FBs_200_microL_006_C2_segmentation,245,spore,17.746535139918752,17.746535139918752,57.25939482947185,0.5746186970588869,4.6291052613136445,2.918569824978754
3653,20260727_isolated_FBs_200_microL_006_C2_segmentation,246,spore,14.38126625412675,14.38126625412675,43.42454078486128,0.6585877391733823,5.246988857472495,2.1990770212229034
3657,20260727_isolated_FBs_200_microL_006_C2_segmentation,250,spore,20.585980762305752,20.585980762305752,56.96667275880172,0.6376430715127622,7.708488029494702,2.4033847110871416
3658,20260727_isolated_FBs_200_microL_006_C2_segmentation,251,spore,16.247938839214502,16.247938839214502,47.44724276966295,0.6538407663058042,4.146930608839952,2.8357187235453254
3659,20260727_isolated_FBs_200_microL_006_C2_segmentation,252,spore,19.350296093304,19.350296093304,50.02951207782671,0.6967060797182936,6.533331344502725,2.367627472435677
3660,20260727_isolated_FBs_200_microL_006_C2_segmentation,253,spore,16.195356512874,16.195356512874,53.143027138646744,0.582503014453743,3.7411739458666995,3.2038811538997534
3661,20260727_isolated_FBs_200_microL_006_C2_segmentation,254,spore,12.908961116592751,12.908961116592751,35.329867504584804,0.7532450924939434,3.9103475024297967,2.409241123946118
3662,20260727_isolated_FBs_200_microL_006_C2_segmentation,255,spore,12.540884832209251,12.540884832209251,39.147694695013506,0.666801730399651,4.014638317486101,2.3988474947253438
3663,20260727_isolated_FBs_200_microL_006_C2_segmentation,256,spore,13.723987174870501,13.723987174870501,52.469249195548386,0.5283229506566901,8.407641037652136,1.8266225358253
3664,20260727_isolated_FBs_200_microL_006_C2_segmentation,257,spore,20.95405704668925,20.95405704668925,77.25239517685206,0.4757924932002394,9.809737902659935,2.002179282700303
3665,20260727_isolated_FBs_200_microL_006_C2_segmentation,258,spore,23.32026173201175,23.32026173201175,74.57738501560291,0.5292967819577437,7.3518328301161215,2.6994884770012875
3666,20260727_isolated_FBs_200_microL_006_C2_segmentation,259,spore,10.200971310057,10.200971310057,31.382493912808993,0.7248102983464518,3.6385036041017784,2.1861722038333458
3667,20260727_isolated_FBs_200_microL_006_C2_segmentation,260,spore,18.21977607698325,18.21977607698325,84.36874014066716,0.39688490736252463,5.7828109612746275,2.6231949117400997
3668,20260727_isolated_FBs_200_microL_006_C2_segmentation,261,spore,18.324940729664252,18.324940729664252,51.43237665656937,0.6535456329261299,5.164850587045087,2.5398972289178436
3669,20260727_isolated_FBs_200_microL_006_C2_segmentation,262,spore,15.748406738979751,15.748406738979751,38.92065144747899,0.7806597214578949,4.646225138457442,2.5445312771977173
3670,20260727_isolated_FBs_200_microL_006_C2_segmentation,263,spore,8.492045703990751,8.492045703990751,27.601455716698688,0.7292789621554218,3.8765361550902253,2.000730347071106
3671,20260727_isolated_FBs_200_microL_006_C2_segmentation,264,spore,15.906153718001251,15.906153718001251,72.42649194082233,0.42230879335872157,4.366871014414118,2.7979767538712736
3672,20260727_isolated_FBs_200_microL_006_C2_segmentation,265,spore,19.350296093304,19.350296093304,81.34969480404952,0.42846952670099714,6.336353130563386,2.353881384264481
3673,20260727_isolated_FBs_200_microL_006_C2_segmentation,266,spore,18.771890503558502,18.771890503558502,47.43144006725396,0.7201503159253424,5.547263019960121,2.439796863518835
3675,20260727_isolated_FBs_200_microL_006_C2_segmentation,268,spore,6.38875265037075,6.38875265037075,26.060190831635957,0.6389260308024537,3.693267708952571,1.8840266688433438
3676,20260727_isolated_FBs_200_microL_006_C2_segmentation,269,spore,18.482687708685752,18.482687708685752,70.10930315067024,0.48219039779892914,6.197742722876011,2.5803883224737683
3677,20260727_isolated_FBs_200_microL_006_C2_segmentation,270,spore,15.9324448811715,15.9324448811715,42.343904668221654,0.7231274333678114,5.252000280937685,2.448052519573743
3678,20260727_isolated_FBs_200_microL_006_C2_segmentation,271,spore,7.650728482542751,7.650728482542751,27.434179762466023,0.684427321114878,3.711253701830024,2.0379208845638916
3679,20260727_isolated_FBs_200_microL_006_C2_segmentation,272,spore,10.200971310057,10.200971310057,31.49160355902772,0.7222990322853243,3.8584131305836546,2.2428218401374407
3680,20260727_isolated_FBs_200_microL_006_C2_segmentation,273,spore,14.197228111935,14.197228111935,38.64934760206558,0.7336309822929473,4.65849084523606,2.3921194285840444
3681,20260727_isolated_FBs_200_microL_006_C2_segmentation,274,spore,17.1944207133435,17.1944207133435,54.911061459846174,0.5866998602814897,6.433354330659707,2.3100596957375634
3682,20260727_isolated_FBs_200_microL_006_C2_segmentation,275,spore,13.64511368535975,13.64511368535975,36.08284353229634,0.7653054539237121,3.6805552239803734,2.425272539297247
3683,20260727_isolated_FBs_200_microL_006_C2_segmentation,276,spore,7.151196382308,7.151196382308,37.461850902700974,0.4791601547302025,3.3010822347466364,2.080297530729843
3684,20260727_isolated_FBs_200_microL_006_C2_segmentation,277,spore,13.75027833804075,13.75027833804075,36.07421391743299,0.76941664001169,4.39766681910597,2.402978571679511
3685,20260727_isolated_FBs_200_microL_006_C2_segmentation,278,spore,6.7831200979245,6.7831200979245,39.49808450090208,0.4387270657803352,2.8445858292761943,2.3906007896899535
3686,20260727_isolated_FBs_200_microL_006_C2_segmentation,279,spore,8.4657545408205,8.4657545408205,27.53446030941098,0.7295437437373142,3.390417542759371,2.078073449017671
3687,20260727_isolated_FBs_200_microL_006_C2_segmentation,280,spore,8.308007561799,8.308007561799,29.80171908879495,0.6656420199777752,3.728910561371527,1.8987223292930144
3688,20260727_isolated_FBs_200_microL_006_C2_segmentation,281,spore,16.82634442896,16.82634442896,57.051174644665764,0.5566036502679519,4.664122235329755,2.720958716971646
3689,20260727_isolated_FBs_200_microL_006_C2_segmentation,282,spore,12.06764389514475,12.06764389514475,34.08102579001897,0.7465400713820745,4.284357161591226,2.2690186150039735
3694,20260727_isolated_FBs_200_microL_006_C2_segmentation,287,spore,15.9324448811715,15.9324448811715,51.65247316353596,0.5928087703478759,6.225450420812807,2.365358111508509
3695,20260727_isolated_FBs_200_microL_006_C2_segmentation,288,spore,21.42729798375375,21.42729798375375,61.6347270366604,0.6052994143520839,7.066038964715089,2.839506770081592
3696,20260727_isolated_FBs_200_microL_006_C2_segmentation,289,spore,12.1465173846555,12.1465173846555,36.66112744870985,0.6970214744263927,5.041225550232824,2.200877313343305
3697,20260727_isolated_FBs_200_microL_006_C2_segmentation,290,spore,22.084577063010002,22.084577063010002,97.18457533382185,0.39169332828978565,8.832064240643112,2.4557559470752484
3698,20260727_isolated_FBs_200_microL_006_C2_segmentation,291,spore,13.513657869508501,13.513657869508501,46.025194508273366,0.5961246836094185,5.538507296662251,2.2319044117766103
3699,20260727_isolated_FBs_200_microL_006_C2_segmentation,292,spore,20.3493602937735,20.3493602937735,67.12214399182162,0.5370138399527733,7.994007916841842,2.291700747191319
3700,20260727_isolated_FBs_200_microL_006_C2_segmentation,293,spore,13.066708095614251,13.066708095614251,33.23745880944935,0.8071738901065744,3.8654492070165443,2.5328953230675744
3701,20260727_isolated_FBs_200_microL_006_C2_segmentation,294,spore,7.4141080140105,7.4141080140105,30.253999524519386,0.6077718782769539,3.350687979159158,1.8806626149847154
3702,20260727_isolated_FBs_200_microL_006_C2_segmentation,295,spore,8.202842909118,8.202842909118,30.3393090054901,0.6483179343143527,3.8793617735629407,2.054686407285196
3703,20260727_isolated_FBs_200_microL_006_C2_segmentation,296,spore,16.6685974499385,16.6685974499385,43.860368175136855,0.719467571551866,4.097168418006564,2.8839565859826957
3704,20260727_isolated_FBs_200_microL_006_C2_segmentation,297,spore,13.145581585125,13.145581585125,43.10464908283218,0.6249038695134589,6.107428549229467,2.0065480075061535
3705,20260727_isolated_FBs_200_microL_006_C2_segmentation,298,spore,15.248874638745,15.248874638745,45.09936625603663,0.6593847237091731,4.544710931648703,2.5450913305126477
3706,20260727_isolated_FBs_200_microL_006_C2_segmentation,299,spore,14.565304396318501,14.565304396318501,37.829942943991384,0.7624209387591729,4.760956240294395,2.3082736571017772
3707,20260727_isolated_FBs_200_microL_006_C2_segmentation,300,spore,17.11554722383275,17.11554722383275,40.770481803439864,0.7877688552582023,4.205260895026167,2.68291337762959
3708,20260727_isolated_FBs_200_microL_006_C2_segmentation,301,spore,17.64137048723775,17.64137048723775,48.6497730612378,0.6736353244955057,4.194549947541293,2.705005090208843
3709,20260727_isolated_FBs_200_microL_006_C2_segmentation,302,spore,14.17093694876475,14.17093694876475,67.20035864293939,0.42141654038533555,7.012482947503444,2.5528974158448037
3710,20260727_isolated_FBs_200_microL_006_C2_segmentation,303,spore,20.086448662071,20.086448662071,60.773704301100885,0.5879907880708649,5.194002820790405,2.3050474545937547
3711,20260727_isolated_FBs_200_microL_006_C2_segmentation,304,spore,14.11835462242425,14.11835462242425,53.94846087219944,0.5236339418706963,3.6833119402732755,2.9124335458083666
3712,20260727_isolated_FBs_200_microL_006_C2_segmentation,305,spore,17.772826303089,17.772826303089,50.944401460680766,0.646485305664856,5.006294673278029,2.6488094125049675
3713,20260727_isolated_FBs_200_microL_006_C2_segmentation,306,spore,16.22164767604425,16.22164767604425,45.678473702076445,0.6784260521818096,4.56643707958867,2.64659033309901
3714,20260727_isolated_FBs_200_microL_006_C2_segmentation,307,spore,21.164386352051253,21.164386352051253,65.26407765191158,0.5669529774201634,8.68661697241428,2.4258279316752422
3716,20260727_isolated_FBs_200_microL_006_C2_segmentation,309,spore,11.883605752953,11.883605752953,31.971444083944675,0.7876876358175001,3.517343723117455,2.5409479977148686
3717,20260727_isolated_FBs_200_microL_006_C2_segmentation,310,spore,15.459203944107001,15.459203944107001,43.38816873086639,0.6916784131378027,4.877165862944975,2.3116720083400213
3721,20260727_isolated_FBs_200_microL_006_C2_segmentation,314,spore,16.537141634087252,16.537141634087252,47.4274194182312,0.661853079113737,6.79256036200045,2.4287963577459792
3722,20260727_isolated_FBs_200_microL_006_C2_segmentation,315,spore,9.33336292543875,9.33336292543875,29.309197835937724,0.7314292005205486,4.074690090443137,2.1342008587902144
3723,20260727_isolated_FBs_200_microL_006_C2_segmentation,316,spore,16.22164767604425,16.22164767604425,39.22043988279269,0.7901356199981439,4.617373765928103,2.5398622482218927
3725,20260727_isolated_FBs_200_microL_006_C2_segmentation,318,spore,19.79724586719825,19.79724586719825,76.27206775846086,0.46400406850405157,7.385449812490085,2.306932340318933
3726,20260727_isolated_FBs_200_microL_006_C2_segmentation,319,spore,16.379394655065752,16.379394655065752,43.301734283004244,0.7202955503760395,5.430601216262103,2.3697391340548277
3727,20260727_isolated_FBs_200_microL_006_C2_segmentation,320,spore,12.85637879025225,12.85637879025225,43.22169575430874,0.6140373126508138,5.476754871958453,2.2934838276681355
3728,20260727_isolated_FBs_200_microL_006_C2_segmentation,321,spore,6.099549855498,6.099549855498,25.102707931108462,0.6431250240053418,3.219124893407013,1.9638968250948368
3729,20260727_isolated_FBs_200_microL_006_C2_segmentation,322,spore,17.746535139918752,17.746535139918752,49.13033358394786,0.6696945949913419,5.007098606500635,2.6459503491560943
3730,20260727_isolated_FBs_200_microL_006_C2_segmentation,323,spore,17.247003039684,17.247003039684,50.10390515499326,0.6443002618327093,4.332484398910897,2.6270686013292543
3731,20260727_isolated_FBs_200_microL_006_C2_segmentation,324,spore,19.27142260379325,19.27142260379325,55.28620663180584,0.6287478533973229,6.403402067421097,2.4893329682262992
3732,20260727_isolated_FBs_200_microL_006_C2_segmentation,325,spore,11.59440295808025,11.59440295808025,37.127869197167804,0.6672414627652905,3.2901781500367107,2.391935824308006
3733,20260727_isolated_FBs_200_microL_006_C2_segmentation,326,spore,16.85263559213025,16.85263559213025,45.99297573624814,0.6911481798016189,5.915922076536869,2.2759116040324865
3735,20260727_isolated_FBs_200_microL_006_C2_segmentation,328,spore,15.5117862704475,15.5117862704475,41.15058475525804,0.7309415586307532,4.514950453469995,2.6786610591333373
3736,20260727_isolated_FBs_200_microL_006_C2_segmentation,329,spore,9.28078059909825,9.28078059909825,34.2980585478828,0.6226886136817122,4.428197911361584,1.8446483787633545
3738,20260727_isolated_FBs_200_microL_006_C2_segmentation,331,spore,19.00851097209075,19.00851097209075,53.614178296347745,0.6424458609103161,5.7168067247857355,2.6397588130528193
3739,20260727_isolated_FBs_200_microL_006_C2_segmentation,332,spore,18.16719375064275,18.16719375064275,61.481200050530475,0.5435844448624559,5.017521675857193,2.789081459627493
3741,20260727_isolated_FBs_200_microL_006_C2_segmentation,334,spore,12.409429016358,12.409429016358,34.15175891576965,0.758994999376577,3.7733021319270557,2.362123902556317
3742,20260727_isolated_FBs_200_microL_006_C2_segmentation,335,spore,12.96154344293325,12.96154344293325,49.73090734444385,0.5365730895871227,7.716121045832521,2.0125310626566764
3743,20260727_isolated_FBs_200_microL_006_C2_segmentation,336,spore,17.27329420285425,17.27329420285425,60.90678121296814,0.5305609179524756,5.531374721070461,2.390460329592884
3744,20260727_isolated_FBs_200_microL_006_C2_segmentation,337,spore,19.534334235495752,19.534334235495752,52.26915337188521,0.6710750127858762,5.408527102837084,2.7553438223133684
3745,20260727_isolated_FBs_200_microL_006_C2_segmentation,338,spore,18.43010538234525,18.43010538234525,54.9678749348371,0.6138473557830256,4.60453847604505,2.8410940863914633
3746,20260727_isolated_FBs_200_microL_006_C2_segmentation,339,spore,20.48081610962475,20.48081610962475,84.30191002028201,0.4294159933541803,11.154881350913591,1.9769609804769472
3747,20260727_isolated_FBs_200_microL_006_C2_segmentation,340,spore,14.64417788582925,14.64417788582925,40.58233373361959,0.7132751661511749,4.543529284197932,2.497491808233234
3748,20260727_isolated_FBs_200_microL_006_C2_segmentation,341,spore,14.328683927786251,14.328683927786251,37.1159305506697,0.7686488343897168,4.044095917556161,2.5050733405707573
3749,20260727_isolated_FBs_200_microL_006_C2_segmentation,342,spore,20.428233783284252,20.428233783284252,58.436936703805976,0.6184205255021719,6.413781648085931,2.3905252328220348
3750,20260727_isolated_FBs_200_microL_006_C2_segmentation,343,spore,10.595338757610751,10.595338757610751,37.59113687474604,0.6205954139365676,3.72019336439886,2.396705011012956
3751,20260727_isolated_FBs_200_microL_006_C2_segmentation,344,spore,15.7221155758095,15.7221155758095,36.03425644060806,0.8422529664435551,4.70049714487883,2.460204815825035
3754,20260727_isolated_FBs_200_microL_006_C2_segmentation,347,spore,16.300521165555,16.300521165555,44.3700879489229,0.700693617525658,5.247080078930686,2.385982350400533
3755,20260727_isolated_FBs_200_microL_006_C2_segmentation,348,spore,9.044160130566,9.044160130566,29.760260738470972,0.7053850019239593,3.6008069921822785,2.2245290806250213
3756,20260727_isolated_FBs_200_microL_006_C2_segmentation,349,spore,11.252617836867,11.252617836867,36.05125540848714,0.6735959151229262,4.487026613576284,2.1038090242706198
3757,20260727_isolated_FBs_200_microL_006_C2_segmentation,350,spore,11.147453184186,11.147453184186,47.453246447434964,0.5085519217683347,8.178923798089013,2.2856405464277003
3758,20260727_isolated_FBs_200_microL_006_C2_segmentation,351,spore,14.74934253851025,14.74934253851025,39.44209003171782,0.7374048317194507,4.62734408512059,2.4699009549462163
3759,20260727_isolated_FBs_200_microL_006_C2_segmentation,352,spore,10.70050341029175,10.70050341029175,30.36403380173723,0.7733821273764352,3.2490603813893326,2.5124016589441336
3760,20260727_isolated_FBs_200_microL_006_C2_segmentation,353,spore,15.4066216177665,15.4066216177665,39.37171924600188,0.7605095802595216,4.4256573355724935,2.4142875698137343
3761,20260727_isolated_FBs_200_microL_006_C2_segmentation,354,spore,23.79350266907625,23.79350266907625,75.1540304733193,0.5323175292671309,10.320056425804001,2.099517447410782
3764,20260727_isolated_FBs_200_microL_006_C2_segmentation,357,spore,7.9399312774155,7.9399312774155,36.08410489510398,0.5333914094303784,5.415592275969117,1.9187919935771989
3765,20260727_isolated_FBs_200_microL_006_C2_segmentation,358,spore,11.988770405634,11.988770405634,31.81878495239949,0.796129338353837,3.5717489770933954,2.4395056039292364
3766,20260727_isolated_FBs_200_microL_006_C2_segmentation,359,spore,17.667661650408,17.667661650408,55.709787706654026,0.5888508912521315,5.142109057262695,2.511342465515242
3768,20260727_isolated_FBs_200_microL_006_C2_segmentation,361,spore,14.11835462242425,14.11835462242425,37.42791666944849,0.7547640301183527,4.364905556792253,2.433498059496587
3769,20260727_isolated_FBs_200_microL_006_C2_segmentation,362,spore,7.256361034989,7.256361034989,25.9907062007077,0.697394684502132,3.4931537565186845,1.96024265448258
3772,20260727_isolated_FBs_200_microL_006_C2_segmentation,365,spore,14.11835462242425,14.11835462242425,35.36786778548067,0.7987262731162942,4.258673460004677,2.4548014880622127
3774,20260727_isolated_FBs_200_microL_006_C2_segmentation,367,spore,18.3512318928345,18.3512318928345,70.24828788055734,0.4789518583582112,8.507312856354552,2.2578928498299917
3779,20260727_isolated_FBs_200_microL_006_C2_segmentation,372,spore,13.513657869508501,13.513657869508501,47.31213059355791,0.5799095109456397,5.346700462200747,2.1860387439086835
3782,20260727_isolated_FBs_200_microL_006_C2_segmentation,375,spore,9.4122364149495,9.4122364149495,27.085638948963677,0.7959276478738718,2.7998030782393815,2.4805090303100896
3789,20260727_isolated_FBs_200_microL_006_C2_segmentation,382,spore,13.69769601170025,13.69769601170025,46.27182686573447,0.5983185863172115,6.224364160067264,2.2579299233458587
3791,20260727_isolated_FBs_200_microL_006_C2_segmentation,384,spore,20.401942620114,20.401942620114,55.818261317098646,0.646877682097994,6.338876312062877,2.264388195968681
3793,20260727_isolated_FBs_200_microL_006_C2_segmentation,386,spore,8.649792683012251,8.649792683012251,26.18860347486885,0.7781122456664764,3.3886542655837717,1.9147963044705114
3794,20260727_isolated_FBs_200_microL_006_C2_segmentation,387,spore,10.22726247322725,10.22726247322725,33.08771215962176,0.6886369471730175,4.405686330564062,2.1060282794621203
3795,20260727_isolated_FBs_200_microL_006_C2_segmentation,388,spore,9.5174010676305,9.5174010676305,32.00328515471763,0.6786332651597676,3.8774902841672905,2.3101136936479247
3796,20260727_isolated_FBs_200_microL_006_C2_segmentation,389,spore,11.489238305399251,11.489238305399251,35.00128014542376,0.7034950093385852,3.5234695003181473,2.428071176045403
3797,20260727_isolated_FBs_200_microL_006_C2_segmentation,390,spore,17.983155608451,17.983155608451,54.60742451415625,0.607868583849706,5.836239713016277,2.5335919069847392
3798,20260727_isolated_FBs_200_microL_006_C2_segmentation,391,spore,12.64604948489025,12.64604948489025,40.70063584027785,0.6449402997315946,3.9200614050191356,2.4771530568760394
3799,20260727_isolated_FBs_200_microL_006_C2_segmentation,392,spore,22.1371593893505,22.1371593893505,60.29291815226123,0.6323619768650692,6.202024777779556,2.6224916940938625
3802,20260727_isolated_FBs_200_microL_006_C2_segmentation,395,spore,13.69769601170025,13.69769601170025,46.914009805528714,0.5901284957603082,3.8970757761682786,2.6513427387824713
3803,20260727_isolated_FBs_200_microL_006_C2_segmentation,396,spore,12.751214137571251,12.751214137571251,33.523265177128636,0.7873578675502514,4.159386280865977,2.4476280136534596
3804,20260727_isolated_FBs_200_microL_006_C2_segmentation,397,spore,10.22726247322725,10.22726247322725,28.39898244909609,0.802332306496661,3.4302265297780377,2.2883747991583085
3805,20260727_isolated_FBs_200_microL_006_C2_segmentation,398,spore,13.01412576927375,13.01412576927375,40.4987535202752,0.6606718471631421,5.133550831822631,2.2356757902359
3806,20260727_isolated_FBs_200_microL_006_C2_segmentation,399,spore,27.52684783925175,27.52684783925175,105.08639307114987,0.419541854411044,5.450788778347787,2.9116074397171547
3807,20260727_isolated_FBs_200_microL_006_C2_segmentation,400,spore,17.11554722383275,17.11554722383275,61.63342333545901,0.5211087432838278,8.193139118631905,2.128221510295341
3812,20260727_isolated_FBs_200_microL_006_C2_segmentation,405,spore,17.247003039684,17.247003039684,60.84567209455683,0.5305547313214951,6.576005575693648,2.3203752266551496
3813,20260727_isolated_FBs_200_microL_006_C2_segmentation,406,spore,9.12303362007675,9.12303362007675,40.735945902103815,0.518321435204651,4.152030718946332,2.1671872998507324
3814,20260727_isolated_FBs_200_microL_006_C2_segmentation,407,spore,15.143709986064,15.143709986064,51.87567452892626,0.5706133003129222,5.187123433481665,2.267682332791527
3817,20260727_isolated_FBs_200_microL_006_C2_segmentation,410,spore,12.199099710996,12.199099710996,36.72478845471059,0.6978198874191633,3.881292905744864,2.4408466166136598
3827,20260727_isolated_FBs_200_microL_006_C2_segmentation,420,spore,8.07138709326675,8.07138709326675,50.31786079791517,0.38671771993258547,3.5272050904392036,3.0266721074787353
3830,20260727_isolated_FBs_200_microL_006_C2_segmentation,423,spore,13.69769601170025,13.69769601170025,43.61435881819074,0.6347747573689881,5.373257912941436,2.3128072538735225
3833,20260727_isolated_FBs_200_microL_006_C2_segmentation,426,spore,9.017868967395751,9.017868967395751,25.904791127555736,0.8087978286528029,3.447634964690522,2.2246274301657887
3835,20260727_isolated_FBs_200_microL_006_C2_segmentation,428,spore,13.17187274829525,13.17187274829525,45.32380138980115,0.5950993569333718,4.2077581293129205,2.3923832107501823
3837,20260727_isolated_FBs_200_microL_006_C2_segmentation,430,spore,16.090191860193002,16.090191860193002,42.8995645092386,0.7184646246109226,4.604493230721818,2.5192625069523626
3840,20260727_isolated_FBs_200_microL_006_C2_segmentation,433,spore,10.9897062051645,10.9897062051645,38.98575876292965,0.6131529963371205,3.6587391533758797,2.4008100792221505
3842,20260727_isolated_FBs_200_microL_006_C2_segmentation,435,spore,9.044160130566,9.044160130566,33.308954087598046,0.6302341863709258,4.471336839677471,1.9965988643754382
3845,20260727_isolated_FBs_200_microL_006_C2_segmentation,438,spore,8.649792683012251,8.649792683012251,37.02188356714262,0.5504223744786589,4.0670792391451664,2.071835828646792
3847,20260727_isolated_FBs_200_microL_006_C2_segmentation,440,spore,10.831959226143,10.831959226143,34.57784244687525,0.6846851538426074,4.288019905811085,2.1999956458592367
3850,20260727_isolated_FBs_200_microL_006_C2_segmentation,443,spore,13.38220205365725,13.38220205365725,39.982021292034325,0.6817698115503692,4.247173324208403,2.462137111557772
3853,20260727_isolated_FBs_200_microL_006_C2_segmentation,446,spore,8.623501519842,8.623501519842,27.309836178146192,0.7446533123719349,3.6690387690048323,2.154547334606219
3856,20260727_isolated_FBs_200_microL_006_C2_segmentation,449,spore,8.045095930096501,8.045095930096501,26.19103188329937,0.7413426735366605,3.0935823153402056,1.978902527863649
3860,20260727_isolated_FBs_200_microL_006_C2_segmentation,453,spore,5.86292938696575,5.86292938696575,24.316458818092983,0.6466365333834202,3.8049978323233584,1.7927710259868863
3862,20260727_isolated_FBs_200_microL_006_C2_segmentation,455,spore,5.705182407944251,5.705182407944251,27.129766228855072,0.5691382347372177,4.200879462925626,1.7006968756138172
3868,20260727_isolated_FBs_200_microL_006_C2_segmentation,461,spore,7.07232289279725,7.07232289279725,24.54824690114048,0.725835762070804,3.6243228966922603,1.9377199328794956
3869,20260727_isolated_FBs_200_microL_006_C2_segmentation,462,spore,7.96622244058575,7.96622244058575,32.28205877545512,0.5975274390169854,4.360740241487797,1.7323554371298016
3872,20260727_isolated_FBs_200_microL_006_C2_segmentation,465,spore,11.06857969467525,11.06857969467525,55.57265587686498,0.4321994760436664,4.534926433461211,2.515386696509648
3875,20260727_isolated_FBs_200_microL_006_C2_segmentation,468,spore,11.96247924246375,11.96247924246375,37.71523240040625,0.6706791435998846,4.559393709403664,2.352298377812299
3876,20260727_isolated_FBs_200_microL_006_C2_segmentation,469,spore,15.354039291426,15.354039291426,49.98269265083106,0.5976949333325781,6.058503107841575,1.9415030208680717
3882,20260727_isolated_FBs_200_microL_006_C2_segmentation,475,spore,6.520208466222,6.520208466222,24.820276259363304,0.6800150131159506,3.169013011263272,1.731248734266286
3883,20260727_isolated_FBs_200_microL_006_C2_segmentation,476,spore,5.6263089184335,5.6263089184335,22.796808671149435,0.6710565495208932,3.1158522913635385,1.6767427143362987
3889,20260727_isolated_FBs_200_microL_006_C2_segmentation,482,spore,9.49110990446025,9.49110990446025,39.67658886551503,0.546379586963851,5.360804228846875,1.9324687747059794
3893,20260727_isolated_FBs_200_microL_006_C2_segmentation,486,spore,5.75776473428475,5.75776473428475,27.34705082970432,0.5680800923114949,3.2930664763463593,1.7486131657485664
3898,20260727_isolated_FBs_200_microL_006_C2_segmentation,491,spore,10.17468014688675,10.17468014688675,36.46686116892576,0.6226819132932451,5.07460319580874,2.064547278623003
3902,20260727_isolated_FBs_200_microL_006_C2_segmentation,495,spore,16.01131837068225,16.01131837068225,78.42373734580275,0.3917310393394454,7.330768731773731,2.9602080023778954
3903,20260727_isolated_FBs_200_microL_006_C2_segmentation,496,spore,10.70050341029175,10.70050341029175,63.10106842909613,0.3721490244448766,4.670133036036847,2.569111651195828
3904,20260727_isolated_FBs_200_microL_006_C2_segmentation,497,spore,11.5155294685695,11.5155294685695,47.98858970730355,0.5138883175712065,5.350466463462183,2.3708920426508615
3905,20260727_isolated_FBs_200_microL_006_C2_segmentation,498,spore,5.60001775526325,5.60001775526325,19.537248039364798,0.7805732611168114,2.403323633768892,2.0368596628478173
3911,20260727_isolated_FBs_200_microL_006_C2_segmentation,504,spore,5.38968844990125,5.38968844990125,24.543993839852156,0.6056866465183331,3.0995094228028837,1.9310758211037236
3915,20260727_isolated_FBs_200_microL_006_C2_segmentation,508,spore,5.54743542892275,5.54743542892275,25.31261085832886,0.5986992109722893,4.035529091924249,1.3606803850188602
3918,20260727_isolated_FBs_200_microL_006_C2_segmentation,511,spore,6.4676261398815,6.4676261398815,19.835772606668627,0.8463141625624215,2.618786099164581,2.045640034348065
3927,20260727_isolated_FBs_200_microL_006_C2_segmentation,520,spore,10.306135962738,10.306135962738,44.94610486815489,0.509552936552652,4.4942755732224775,2.1829128678320213
3939,20260727_isolated_FBs_200_microL_006_C2_segmentation,532,spore,6.38875265037075,6.38875265037075,23.576930276539592,0.7062214671169427,2.7156336059311985,2.0533211465480035
3949,20260727_isolated_FBs_200_microL_006_C2_segmentation,542,spore,6.099549855498,6.099549855498,29.50424630474138,0.5471815641058696,3.372902197994178,1.842218901421559
3975,20260727_isolated_FBs_200_microL_006_C2_segmentation,568,spore,5.86292938696575,5.86292938696575,30.666822440952856,0.5127336118558681,5.005329308967838,1.8347707468612393
3982,20260727_isolated_FBs_200_microL_006_C2_segmentation,575,spore,8.202842909118,8.202842909118,25.433096623566165,0.7733827474527233,3.065076187166452,2.06075450019254
3985,20260727_isolated_FBs_200_microL_006_C2_segmentation,578,spore,9.990642004695001,9.990642004695001,38.48392667867604,0.5829084406456041,4.391580465492555,2.0227830265687876
3986,20260727_isolated_FBs_200_microL_006_C2_segmentation,579,spore,5.02161216551775,5.02161216551775,26.03189437211637,0.5447624063749463,3.039491815651539,1.8087193952240945
4035,20260727_isolated_FBs_200_microL_006_C2_segmentation,628,spore,6.5727907925625,6.5727907925625,31.408991107180128,0.5402523658096035,3.2217139531001617,1.8258875196889242
4051,20260727_isolated_FBs_200_microL_006_C2_segmentation,644,spore,5.86292938696575,5.86292938696575,26.782508397330556,0.5870962645104432,3.2870173008023187,1.7511447810741783
4232,20260727_isolated_FBs_200_microL_006_C2_segmentation,11,vc,11.568111794910001,11.568111794910001,89.81413208500447,0.2754108834703989,5.814060052249332,2.2208383590998855
4233,20260727_isolated_FBs_200_microL_006_C2_segmentation,12,vc,15.9324448811715,15.9324448811715,116.24842107864033,0.2634017633735292,6.818121745493572,2.249292079356901
4234,20260727_isolated_FBs_200_microL_006_C2_segmentation,13,vc,6.520208466222,6.520208466222,64.9643449540869,0.25980652153086403,4.967254223209619,3.083084971111918
4251,20260727_isolated_FBs_200_microL_006_C2_segmentation,30,vc,6.9934494032865,6.9934494032865,68.30371802424452,0.2589210769127185,5.043625525541614,3.2755113678952985
4299,20260727_isolated_FBs_200_microL_006_C2_segmentation,78,vc,17.69395281357825,17.69395281357825,146.0414713378753,0.22484910743800757,6.966230664105385,3.2558711877889066
4405,20260727_isolated_FBs_usual_004_C2_segmentation,1,spore,14.775633701680501,14.775633701680501,52.19569681254724,0.5578877629428205,5.407249013232139,2.2318377969265595
4406,20260727_isolated_FBs_usual_004_C2_segmentation,2,spore,18.5615611981965,18.5615611981965,44.82946611703166,0.7562468152614686,4.37444466865462,2.8645772089705686
4407,20260727_isolated_FBs_usual_004_C2_segmentation,3,spore,16.11648302336325,16.11648302336325,60.261690136126305,0.5120232318628039,4.80855433763362,2.783653437266817
4408,20260727_isolated_FBs_usual_004_C2_segmentation,4,spore,9.990642004695001,9.990642004695001,35.65851324591042,0.6290953729754717,3.940143889993393,2.1424971523358383
4409,20260727_isolated_FBs_usual_004_C2_segmentation,5,spore,18.8770551562395,18.8770551562395,55.71899997482923,0.6153236975181656,4.201710500574267,3.043837453816025
4410,20260727_isolated_FBs_usual_004_C2_segmentation,6,spore,20.0338663357305,20.0338663357305,43.842283263210376,0.8136434676296017,4.873231212173781,2.810541075715199
4411,20260727_isolated_FBs_usual_004_C2_segmentation,7,spore,21.74279194179675,21.74279194179675,58.392715192347985,0.6451623195224808,5.121781305669919,2.9462702699723486
4412,20260727_isolated_FBs_usual_004_C2_segmentation,8,spore,20.11273982524125,20.11273982524125,43.70972178342914,0.8182516808457293,4.974292005777023,2.7555579766840133
4413,20260727_isolated_FBs_usual_004_C2_segmentation,9,spore,19.58691656183625,19.58691656183625,44.3112521728351,0.7930139320139183,5.073606130549665,2.7193576369680863
4414,20260727_isolated_FBs_usual_004_C2_segmentation,10,spore,28.26300040801875,28.26300040801875,72.96967243297112,0.6149227645536762,4.95756098069005,3.3762199670317443
4415,20260727_isolated_FBs_usual_004_C2_segmentation,11,spore,17.562496997727,17.562496997727,51.08519675610964,0.6396070313587808,6.354732370685033,2.439358305252503
4416,20260727_isolated_FBs_usual_004_C2_segmentation,12,spore,13.986898806573,13.986898806573,35.69635424452041,0.786456217537929,4.51834893479341,2.391311319760179
4417,20260727_isolated_FBs_usual_004_C2_segmentation,13,spore,20.401942620114,20.401942620114,57.8337138012358,0.6243345814456989,4.794696301512067,2.9005361328188184
4418,20260727_isolated_FBs_usual_004_C2_segmentation,14,spore,21.0855128625405,21.0855128625405,49.95290094729728,0.7388895469853196,5.576272763552971,2.6902293970085016
4419,20260727_isolated_FBs_usual_004_C2_segmentation,15,spore,18.5615611981965,18.5615611981965,49.21289476277026,0.6888873565414445,5.211055419791567,2.607746714216383
4420,20260727_isolated_FBs_usual_004_C2_segmentation,16,spore,18.53527003502625,18.53527003502625,47.441739955721054,0.7139308148717473,5.017419226939599,2.6909927652354777
4421,20260727_isolated_FBs_usual_004_C2_segmentation,17,spore,19.560625398666,19.560625398666,44.96829206004183,0.7807276412240708,5.070347139419768,2.7131104473119487
4422,20260727_isolated_FBs_usual_004_C2_segmentation,18,spore,20.585980762305752,20.585980762305752,47.156908225456775,0.7702880777958993,4.91965666644816,2.8289290525225836
4423,20260727_isolated_FBs_usual_004_C2_segmentation,19,spore,15.564368596788,15.564368596788,36.39371426355717,0.8283465764623801,4.699858269029422,2.4885427527829806
4424,20260727_isolated_FBs_usual_004_C2_segmentation,20,spore,21.2958421679025,21.2958421679025,56.36486820646921,0.6591822557138827,5.448768263864699,2.744096155812437
4425,20260727_isolated_FBs_usual_004_C2_segmentation,21,spore,22.820729631777002,22.820729631777002,62.253563048357115,0.624989798476576,4.9541502431372155,3.0305785423648666
4426,20260727_isolated_FBs_usual_004_C2_segmentation,22,spore,13.986898806573,13.986898806573,36.05105848165236,0.7787183212200873,4.210530294876551,2.551727805479082
4427,20260727_isolated_FBs_usual_004_C2_segmentation,23,spore,19.06109329843125,19.06109329843125,48.87903395179347,0.7059815996928861,5.2394178325638725,2.634719353357474
4428,20260727_isolated_FBs_usual_004_C2_segmentation,24,spore,20.743727741327252,20.743727741327252,46.68754395929819,0.7820015830706329,5.0203375445709115,2.835000509171297
4429,20260727_isolated_FBs_usual_004_C2_segmentation,25,spore,20.3493602937735,20.3493602937735,51.76225591324135,0.6963668730228249,4.930757262451793,2.9076833655232206
4430,20260727_isolated_FBs_usual_004_C2_segmentation,26,spore,20.585980762305752,20.585980762305752,57.118594559488805,0.6359470934452527,4.840810310387875,2.988200767386785
4431,20260727_isolated_FBs_usual_004_C2_segmentation,27,spore,20.7700189044975,20.7700189044975,57.46458308229583,0.635879941415992,5.000044567837474,2.9573953094661203
4432,20260727_isolated_FBs_usual_004_C2_segmentation,28,spore,20.270486804262752,20.270486804262752,50.63350985966579,0.7100499104020163,5.45042915088712,2.649289660545316
4433,20260727_isolated_FBs_usual_004_C2_segmentation,29,spore,19.560625398666,19.560625398666,42.308192770579154,0.8298153688645723,4.876599663887183,2.761768839077355
4434,20260727_isolated_FBs_usual_004_C2_segmentation,30,spore,22.689273815925752,22.689273815925752,57.29460505762958,0.6764735055443781,5.710067485989566,2.7726403814665614
4435,20260727_isolated_FBs_usual_004_C2_segmentation,31,spore,20.822601230838,20.822601230838,56.55610081868843,0.6471843189176636,5.110888491958326,2.8748751763699354
4436,20260727_isolated_FBs_usual_004_C2_segmentation,32,spore,16.1427741865335,16.1427741865335,46.691341222026914,0.6615559141207088,4.797580832262963,2.5809227674791924
4437,20260727_isolated_FBs_usual_004_C2_segmentation,33,spore,19.2977137669635,19.2977137669635,47.34950942222329,0.7348057527606612,5.330686721986273,2.6317191031429403
4438,20260727_isolated_FBs_usual_004_C2_segmentation,34,spore,20.585980762305752,20.585980762305752,49.09283441749407,0.7399125477839725,4.996131269805503,2.8659130337005174
4439,20260727_isolated_FBs_usual_004_C2_segmentation,35,spore,21.6113361259455,21.6113361259455,49.43553779129531,0.7589839757206416,4.908791308824978,2.9213373851605304
4440,20260727_isolated_FBs_usual_004_C2_segmentation,36,spore,17.562496997727,17.562496997727,40.14874411477666,0.8138349471192734,4.879573285493101,2.625593212014379
4441,20260727_isolated_FBs_usual_004_C2_segmentation,37,spore,20.0338663357305,20.0338663357305,53.75909722673115,0.6635525747880345,4.832134252413817,2.8894134414720485
4442,20260727_isolated_FBs_usual_004_C2_segmentation,38,spore,20.401942620114,20.401942620114,51.787101690661885,0.6972312857982496,4.825466150439733,2.9408253763160666
4443,20260727_isolated_FBs_usual_004_C2_segmentation,39,spore,22.3474886947125,22.3474886947125,51.635657893919685,0.7430537447286785,5.566574173076806,2.793720192791966
4444,20260727_isolated_FBs_usual_004_C2_segmentation,40,spore,20.11273982524125,20.11273982524125,46.46518738185678,0.7697279476065435,5.283484632370274,2.711284808819162
4445,20260727_isolated_FBs_usual_004_C2_segmentation,41,spore,16.721179776279,16.721179776279,42.563675632211165,0.742944337631778,5.102624003665954,2.506792216294115
4446,20260727_isolated_FBs_usual_004_C2_segmentation,42,spore,13.0929992587845,13.0929992587845,38.00963774469352,0.7067782172061702,4.2356186388156685,2.4755969641324005
4447,20260727_isolated_FBs_usual_004_C2_segmentation,43,spore,19.823537030368502,19.823537030368502,58.84577876189549,0.6019442091187696,4.721676387027711,2.96856953941826
4448,20260727_isolated_FBs_usual_004_C2_segmentation,44,spore,19.245131440623002,19.245131440623002,45.559019665469364,0.7622960601098488,5.139460436329006,2.6791603283955903
4449,20260727_isolated_FBs_usual_004_C2_segmentation,45,spore,17.141838387003002,17.141838387003002,63.544895662891854,0.5059509135137994,5.363567556391964,2.4556828053034305
4450,20260727_isolated_FBs_usual_004_C2_segmentation,46,spore,18.85076399306925,18.85076399306925,48.58258644424936,0.7050546748654786,5.07307875683804,2.695744657167876
4451,20260727_isolated_FBs_usual_004_C2_segmentation,47,spore,19.58691656183625,19.58691656183625,44.06546047944224,0.7974372657340951,4.969934741384667,2.7457523903370062
4452,20260727_isolated_FBs_usual_004_C2_segmentation,48,spore,21.558753799605,21.558753799605,48.78090975789657,0.7679212121139637,5.453654699586003,2.771356824541217
4453,20260727_isolated_FBs_usual_004_C2_segmentation,49,spore,20.6648542518165,20.6648542518165,52.36721439923241,0.6954184617928337,4.713051179639443,2.9642516707712447
4454,20260727_isolated_FBs_usual_004_C2_segmentation,50,spore,20.7700189044975,20.7700189044975,46.54774988839332,0.785012719443525,4.871856828566164,2.841998324581386
4455,20260727_isolated_FBs_usual_004_C2_segmentation,51,spore,18.771890503558502,18.771890503558502,52.77751724614283,0.6472029820941086,5.314611130256864,2.6369414953046113
4456,20260727_isolated_FBs_usual_004_C2_segmentation,52,spore,20.9803482098595,20.9803482098595,59.119636297164526,0.6222441640672739,4.978173748288616,2.9196393587921565
4457,20260727_isolated_FBs_usual_004_C2_segmentation,53,spore,21.190677515221502,21.190677515221502,56.160165268328086,0.6594051108083135,5.5488616823246835,2.757623907583141
4458,20260727_isolated_FBs_usual_004_C2_segmentation,54,spore,21.769083104967002,21.769083104967002,58.26451419442486,0.6471030095975906,5.623080443021015,2.7381740812411137
4459,20260727_isolated_FBs_usual_004_C2_segmentation,55,spore,16.6685974499385,16.6685974499385,46.4685711943619,0.6790850625974317,4.97762233464066,2.54691652910868
4460,20260727_isolated_FBs_usual_004_C2_segmentation,56,spore,18.16719375064275,18.16719375064275,39.706314309416555,0.841685373729574,4.830929100740622,2.6768533368866136
4461,20260727_isolated_FBs_usual_004_C2_segmentation,57,spore,21.637627289115752,21.637627289115752,45.599276789759145,0.8235044055745883,4.796416676322428,2.948299861643632
4462,20260727_isolated_FBs_usual_004_C2_segmentation,58,spore,20.9803482098595,20.9803482098595,50.72491278670812,0.7252225119119373,5.020080921421792,2.892564515004018
4463,20260727_isolated_FBs_usual_004_C2_segmentation,59,spore,21.479880310094252,21.479880310094252,50.5890595884505,0.73866710022641,5.022874415561226,2.889291773193411
4464,20260727_isolated_FBs_usual_004_C2_segmentation,60,spore,20.48081610962475,20.48081610962475,49.00839659974544,0.738660942708788,5.099428076722931,2.7729810842445493
4465,20260727_isolated_FBs_usual_004_C2_segmentation,61,spore,19.087384461601502,19.087384461601502,41.87142705444893,0.8248924132162191,4.902908173307729,2.7235004912221767
4466,20260727_isolated_FBs_usual_004_C2_segmentation,62,spore,19.7183723776875,19.7183723776875,41.65093532842326,0.8474356732620181,4.896658364257127,2.7874644761643084
4467,20260727_isolated_FBs_usual_004_C2_segmentation,63,spore,22.1371593893505,22.1371593893505,54.82724759906331,0.6954014761517794,5.518521177399237,2.8117667812264164
4468,20260727_isolated_FBs_usual_004_C2_segmentation,64,spore,21.769083104967002,21.769083104967002,47.57628734244231,0.7924776100450208,5.538493231462514,2.737531607312301
4469,20260727_isolated_FBs_usual_004_C2_segmentation,65,spore,21.58504496277525,21.58504496277525,47.32045099835259,0.7922651532495637,4.995468703112622,2.8891731318966434
4470,20260727_isolated_FBs_usual_004_C2_segmentation,66,spore,19.16625795111225,19.16625795111225,41.08666137065781,0.8429623110374849,4.899308518891456,2.7473905279822937
4471,20260727_isolated_FBs_usual_004_C2_segmentation,67,spore,20.585980762305752,20.585980762305752,61.20851509097068,0.5934534457795271,5.254357266863549,2.7869768553896415
4472,20260727_isolated_FBs_usual_004_C2_segmentation,68,spore,18.37752305600475,18.37752305600475,50.23927809708277,0.6703455309893444,5.082710085617859,2.6295722727127546
4473,20260727_isolated_FBs_usual_004_C2_segmentation,69,spore,17.8254086294295,17.8254086294295,50.17391097544629,0.657707053139107,5.297132027232538,2.575161996879699
4474,20260727_isolated_FBs_usual_004_C2_segmentation,70,spore,20.585980762305752,20.585980762305752,48.02957480291269,0.7562924373334632,5.371653142079566,2.737536260133804
4475,20260727_isolated_FBs_usual_004_C2_segmentation,71,spore,23.2939705688415,23.2939705688415,69.28130365200487,0.569329588454037,5.453286492745925,2.417806703744227
4476,20260727_isolated_FBs_usual_004_C2_segmentation,72,spore,13.960607643402751,13.960607643402751,39.63041384026614,0.7074977527847097,4.5781302854176005,2.47651985891991
4481,20260727_isolated_FBs_usual_004_C2_segmentation,77,spore,21.479880310094252,21.479880310094252,44.91168580041975,0.8320434489019458,4.8462614965748205,2.918523410137215
4482,20260727_isolated_FBs_usual_004_C2_segmentation,78,spore,20.48081610962475,20.48081610962475,63.42783141855466,0.570736656502248,5.1161180987043595,2.8839075082710703
4483,20260727_isolated_FBs_usual_004_C2_segmentation,79,spore,22.5578180000745,22.5578180000745,54.348082254752946,0.7103918320766344,5.540491273796213,2.802784448833803
4484,20260727_isolated_FBs_usual_004_C2_segmentation,80,spore,27.605721328762503,27.605721328762503,67.81876606213633,0.6513288379098788,4.932916880122779,3.279027149947835
4485,20260727_isolated_FBs_usual_004_C2_segmentation,81,spore,20.585980762305752,20.585980762305752,60.44951286827836,0.6009048289758248,5.174584373426117,2.8487461850290843
4486,20260727_isolated_FBs_usual_004_C2_segmentation,82,spore,20.927765883519,20.927765883519,53.150594749112216,0.6909679573790413,5.593189390175621,2.6881885849095797
4487,20260727_isolated_FBs_usual_004_C2_segmentation,83,spore,12.12022622148525,12.12022622148525,32.650486305955624,0.7815107463491103,3.8420834099138634,2.485858550199072
4488,20260727_isolated_FBs_usual_004_C2_segmentation,84,spore,16.1427741865335,16.1427741865335,48.16818985690033,0.6412724458906557,4.779235909540558,2.578476756605524
4489,20260727_isolated_FBs_usual_004_C2_segmentation,85,spore,23.05735010030925,23.05735010030925,56.218430169293846,0.6968591488257782,5.53443707823768,2.8602126338868974
4490,20260727_isolated_FBs_usual_004_C2_segmentation,86,spore,16.537141634087252,16.537141634087252,49.91647078680798,0.6288502188073515,4.9264554143349155,2.5468908728902875
4491,20260727_isolated_FBs_usual_004_C2_segmentation,87,spore,15.7221155758095,15.7221155758095,38.82961130897852,0.7816189335295287,4.694170776512369,2.5491007510236945
4492,20260727_isolated_FBs_usual_004_C2_segmentation,88,spore,14.38126625412675,14.38126625412675,87.96036634030676,0.32513359516374635,4.106266938659526,3.435577673937953
4493,20260727_isolated_FBs_usual_004_C2_segmentation,89,spore,22.820729631777002,22.820729631777002,55.312679711652734,0.7034163238315284,5.419706650429193,2.894650009352309
4494,20260727_isolated_FBs_usual_004_C2_segmentation,90,spore,21.243259841562,21.243259841562,55.36423590612688,0.6699909269828579,5.489144047067789,2.783499928029746
4495,20260727_isolated_FBs_usual_004_C2_segmentation,91,spore,18.58785236136675,18.58785236136675,42.02229281264133,0.8075272554171307,4.917091195485919,2.7104804487826124
4496,20260727_isolated_FBs_usual_004_C2_segmentation,92,spore,15.564368596788,15.564368596788,44.14933989741423,0.6828326014616884,4.673371840219869,2.5428406389213714
4497,20260727_isolated_FBs_usual_004_C2_segmentation,93,spore,27.447974349741003,27.447974349741003,53.319132074962475,0.8252925396016221,5.894246092427113,2.970029226773071
4498,20260727_isolated_FBs_usual_004_C2_segmentation,94,spore,20.270486804262752,20.270486804262752,50.9448349362915,0.7057107788091782,5.401804936150195,2.679362732746714
4499,20260727_isolated_FBs_usual_004_C2_segmentation,95,spore,15.827280228490501,15.827280228490501,40.93052654079361,0.7448022628719181,4.705104567186331,2.5341575288277474
4500,20260727_isolated_FBs_usual_004_C2_segmentation,96,spore,20.743727741327252,20.743727741327252,55.23572600260559,0.6609804184365877,4.882757580711435,2.8990948991491843
4502,20260727_isolated_FBs_usual_004_C2_segmentation,98,spore,19.770954704028,19.770954704028,50.9333265668825,0.6942254170807448,5.424303973748226,2.5842059123223793
4503,20260727_isolated_FBs_usual_004_C2_segmentation,99,spore,22.400071021053,22.400071021053,53.72223697442257,0.715313299532173,5.6314243163642965,2.725990348724269
4504,20260727_isolated_FBs_usual_004_C2_segmentation,100,spore,16.7737621026195,16.7737621026195,37.677107997715154,0.8410598162652804,4.8007399283901,2.5915493479719753
4505,20260727_isolated_FBs_usual_004_C2_segmentation,101,spore,19.665790051347,19.665790051347,56.72624455116666,0.6211183459503689,4.750480654992052,2.909420960753738
4506,20260727_isolated_FBs_usual_004_C2_segmentation,102,spore,21.138095188881,21.138095188881,47.368902186890864,0.7804912482523201,5.522738728124874,2.6843381822488537
4507,20260727_isolated_FBs_usual_004_C2_segmentation,103,spore,21.637627289115752,21.637627289115752,49.029080852576456,0.7658965796298102,5.588716951578875,2.7015772915749072
4508,20260727_isolated_FBs_usual_004_C2_segmentation,104,spore,19.79724586719825,19.79724586719825,47.70402845708668,0.7418775918469647,5.098987400034785,2.687450321791317
4509,20260727_isolated_FBs_usual_004_C2_segmentation,105,spore,22.689273815925752,22.689273815925752,51.60749599167228,0.751020400958218,5.510145303599756,2.8255357557435636
4510,20260727_isolated_FBs_usual_004_C2_segmentation,106,spore,11.5155294685695,11.5155294685695,35.14833572569633,0.7016200089744812,4.348404910590588,2.249649230354015
4511,20260727_isolated_FBs_usual_004_C2_segmentation,107,spore,22.294906368372,22.294906368372,51.399615430459235,0.7452946837406933,5.598354713099923,2.770913329790123
4512,20260727_isolated_FBs_usual_004_C2_segmentation,108,spore,21.21696867839175,21.21696867839175,49.33144872375709,0.7513041913698147,4.782872803118716,2.93387385096801
4513,20260727_isolated_FBs_usual_004_C2_segmentation,109,spore,20.139030988411502,20.139030988411502,53.421913386375934,0.6700754896469433,5.284372626181039,2.682054590280777
4514,20260727_isolated_FBs_usual_004_C2_segmentation,110,spore,20.7700189044975,20.7700189044975,50.79633377544555,0.7193545873881165,5.268586915689732,2.741699815669057
4515,20260727_isolated_FBs_usual_004_C2_segmentation,111,spore,16.300521165555,16.300521165555,40.162892811533766,0.7740935788851886,4.654353195663473,2.522230615328992
4516,20260727_isolated_FBs_usual_004_C2_segmentation,112,spore,10.22726247322725,10.22726247322725,29.49804744115686,0.7724382820928792,4.226489357663853,2.158915267037299
4517,20260727_isolated_FBs_usual_004_C2_segmentation,113,spore,13.69769601170025,13.69769601170025,39.49472171924485,0.7009871909828046,4.339473126852657,2.5001184963768517
4518,20260727_isolated_FBs_usual_004_C2_segmentation,114,spore,8.70237500935275,8.70237500935275,32.1728719711887,0.635944901662793,3.6655391690463626,2.1937761875713297
4519,20260727_isolated_FBs_usual_004_C2_segmentation,115,spore,17.11554722383275,17.11554722383275,38.20788401500816,0.8406044094461045,4.81849169978943,2.6149754529472085
4520,20260727_isolated_FBs_usual_004_C2_segmentation,116,spore,11.2000355105265,11.2000355105265,28.42523326397499,0.8516471294877644,3.6952673307226664,2.38494467602173
4521,20260727_isolated_FBs_usual_004_C2_segmentation,117,spore,10.200971310057,10.200971310057,27.11466584584565,0.8388948956670937,3.7142244365959787,2.3093920011994786
4522,20260727_isolated_FBs_usual_004_C2_segmentation,118,spore,17.16812955017325,17.16812955017325,38.04004250998229,0.8460417315733553,4.746148348038545,2.630592505201469
4523,20260727_isolated_FBs_usual_004_C2_segmentation,119,spore,18.5615611981965,18.5615611981965,41.80634877923694,0.810932836060406,5.051425983423576,2.6703131857213007
4524,20260727_isolated_FBs_usual_004_C2_segmentation,120,spore,23.2939705688415,23.2939705688415,47.30833263663756,0.8337621280951274,4.893958680733224,3.0349614602501016
4525,20260727_isolated_FBs_usual_004_C2_segmentation,121,spore,13.040416932444,13.040416932444,36.98992084237295,0.7243164921876861,4.215673687992968,2.4108309131242103
4526,20260727_isolated_FBs_usual_004_C2_segmentation,122,spore,17.1944207133435,17.1944207133435,38.23160707345838,0.8426617281481127,4.757615032617667,2.5988069434708927
4527,20260727_isolated_FBs_usual_004_C2_segmentation,123,spore,14.3549750909565,14.3549750909565,39.10249945320197,0.7304904927603466,4.571482924142255,2.4361102649170587
4528,20260727_isolated_FBs_usual_004_C2_segmentation,124,spore,20.9803482098595,20.9803482098595,49.829812355638154,0.7382497932189793,4.847595463742374,2.9337163940562063
4529,20260727_isolated_FBs_usual_004_C2_segmentation,125,spore,12.462011342698501,12.462011342698501,31.99652213612606,0.8124066020767998,4.276381623239251,2.3753883546890475
4530,20260727_isolated_FBs_usual_004_C2_segmentation,126,spore,10.884541552483501,10.884541552483501,34.29659927956891,0.6925319691398266,4.1021249027376125,2.2347972887937138
4531,20260727_isolated_FBs_usual_004_C2_segmentation,127,spore,17.16812955017325,17.16812955017325,38.40978050660764,0.8378976138312724,4.814207611256412,2.6148839717296215
4532,20260727_isolated_FBs_usual_004_C2_segmentation,128,spore,18.719308177218,18.719308177218,39.953661990348834,0.8533373001554525,4.8279072249216695,2.7047328227940515
4533,20260727_isolated_FBs_usual_004_C2_segmentation,129,spore,13.8291518275515,13.8291518275515,41.897439958246736,0.6650081997975125,4.5705798092512975,2.4001861233282806
4534,20260727_isolated_FBs_usual_004_C2_segmentation,130,spore,16.5634327972575,16.5634327972575,38.51348497933493,0.8159023912500614,4.669563698062623,2.575903558612107
4535,20260727_isolated_FBs_usual_004_C2_segmentation,131,spore,16.3531034918955,16.3531034918955,37.73658231222759,0.8256354840987522,4.667431710019877,2.583985344314753
4536,20260727_isolated_FBs_usual_004_C2_segmentation,132,spore,13.9343164802325,13.9343164802325,41.25628106322755,0.678762479533717,4.49222098815701,2.463755013194966
4537,20260727_isolated_FBs_usual_004_C2_segmentation,133,spore,21.032930536200002,21.032930536200002,59.86063845672747,0.6155679098776791,4.789623397594105,2.9578092052600486
4538,20260727_isolated_FBs_usual_004_C2_segmentation,134,spore,16.27423000238475,16.27423000238475,46.66145820727685,0.665568537768166,4.842609866525464,2.5910832936100485
4540,20260727_isolated_FBs_usual_004_C2_segmentation,136,spore,8.91270431471475,8.91270431471475,29.385124328423743,0.7074508256155727,3.7484924527618864,2.2196015453478704
4541,20260727_isolated_FBs_usual_004_C2_segmentation,137,spore,15.11741882289375,15.11741882289375,37.63853968949985,0.7855426861202425,4.699562290396243,2.4652542072909083
4542,20260727_isolated_FBs_usual_004_C2_segmentation,138,spore,23.84608499541675,23.84608499541675,48.09349065232496,0.833059235280874,4.990002432667653,3.0089754846745667
4543,20260727_isolated_FBs_usual_004_C2_segmentation,139,spore,18.74559934038825,18.74559934038825,53.80241483134523,0.6342813025652846,4.9594675078476085,2.709994025138733
4544,20260727_isolated_FBs_usual_004_C2_segmentation,140,spore,8.938995477885001,8.938995477885001,34.705125610982606,0.6001820219070169,3.975919515600959,2.142526783637103
4545,20260727_isolated_FBs_usual_004_C2_segmentation,141,spore,16.0376095338525,16.0376095338525,37.530642018569225,0.8194539527208046,4.747604511847595,2.513574010920851
4546,20260727_isolated_FBs_usual_004_C2_segmentation,142,spore,21.00663937302975,21.00663937302975,55.57654331926936,0.6624660799731316,4.729722827476343,2.9787935979080773
4547,20260727_isolated_FBs_usual_004_C2_segmentation,143,spore,9.149324783247,9.149324783247,32.86180518716414,0.64375221658087,3.9096276727484907,2.0697782585349915
4548,20260727_isolated_FBs_usual_004_C2_segmentation,144,spore,23.89866732175725,23.89866732175725,48.53474015979958,0.8266986049723372,5.119719701757105,2.983561915263113
4549,20260727_isolated_FBs_usual_004_C2_segmentation,145,spore,17.562496997727,17.562496997727,39.16751369487389,0.8342232621171158,4.750956566739564,2.629838216358888
4550,20260727_isolated_FBs_usual_004_C2_segmentation,146,spore,12.015061568804251,12.015061568804251,31.063171992342554,0.8166870269947599,4.0909546099394944,2.3668808954402802
4551,20260727_isolated_FBs_usual_004_C2_segmentation,147,spore,17.352167692365,17.352167692365,41.65108084408236,0.778204383383931,4.790211663816574,2.6679790489145194
4552,20260727_isolated_FBs_usual_004_C2_segmentation,148,spore,23.241388242501,23.241388242501,46.93238929897436,0.8391755793680185,5.01474362396619,3.0008593735228692
4553,20260727_isolated_FBs_usual_004_C2_segmentation,149,spore,17.983155608451,17.983155608451,39.73762313409006,0.8353327448672524,4.766827051748545,2.6710309583715546
4554,20260727_isolated_FBs_usual_004_C2_segmentation,150,spore,22.32119753154225,22.32119753154225,52.73659541772625,0.7269709041554124,4.796974577731033,3.0043829230458052
4555,20260727_isolated_FBs_usual_004_C2_segmentation,151,spore,17.1944207133435,17.1944207133435,39.75381171937482,0.8103955493329152,4.812809350361023,2.621545977225065
4556,20260727_isolated_FBs_usual_004_C2_segmentation,152,spore,15.985027207512001,15.985027207512001,39.48442934968435,0.7772018850627539,4.747160570642955,2.5578779787744157
4557,20260727_isolated_FBs_usual_004_C2_segmentation,153,spore,15.380330454596251,15.380330454596251,40.031440138837205,0.7471251476726098,4.701463062889419,2.527796231468213
4558,20260727_isolated_FBs_usual_004_C2_segmentation,154,spore,12.935252279763,12.935252279763,37.18936306376212,0.7165535517583317,4.180234510546463,2.447062755315506
4559,20260727_isolated_FBs_usual_004_C2_segmentation,155,spore,20.086448662071,20.086448662071,52.235326688895704,0.6841036622364326,4.35121488794101,3.0020437187140803
4562,20260727_isolated_FBs_usual_004_C2_segmentation,158,spore,7.0986140559675,7.0986140559675,29.81446842116593,0.5991093495624074,3.3756636327695078,2.0126256945942234
4572,20260727_isolated_FBs_usual_004_C2_segmentation,1,vc,22.662982652755502,22.662982652755502,127.3700215645008,0.3040616256121951,5.447125947922223,2.824719932776694
4573,20260727_isolated_FBs_usual_004_C2_segmentation,2,vc,17.431041181875752,17.431041181875752,149.0779055560172,0.21808195304920888,6.723152134745218,3.1842975215191185
4590,20260727_isolated_FBs_usual_004_C2_segmentation,19,vc,9.28078059909825,9.28078059909825,42.63384618847319,0.5009402725417156,5.787605306826134,2.018706200075584
4646,20260727_isolated_FBs_usual_006_C2_segmentation,2,spore,13.250746237806,13.250746237806,80.93920369558435,0.33456878699848114,5.550533016807859,2.9049411513703234
4647,20260727_isolated_FBs_usual_006_C2_segmentation,3,spore,5.3108149603905,5.3108149603905,27.901776639786135,0.5275857377240284,4.754019608183754,1.4466043393186794
4648,20260727_isolated_FBs_usual_006_C2_segmentation,4,spore,18.37752305600475,18.37752305600475,46.04491142845196,0.7314092808027481,4.753847193771513,2.750740624777606
4650,20260727_isolated_FBs_usual_006_C2_segmentation,6,spore,37.4911986807765,37.4911986807765,85.8460845880473,0.6310297722640775,6.316026412658924,3.4849740946331966
4653,20260727_isolated_FBs_usual_006_C2_segmentation,9,spore,19.034802135261,19.034802135261,44.62670524153417,0.7725410127868785,4.773635768932341,2.7809231028790355
4654,20260727_isolated_FBs_usual_006_C2_segmentation,10,spore,25.370972459291252,25.370972459291252,97.79728916126696,0.4269549473374505,7.249740713988858,2.72968654135246
4655,20260727_isolated_FBs_usual_006_C2_segmentation,11,spore,19.27142260379325,19.27142260379325,43.08178805003428,0.8068626051884841,4.876901955306043,2.7409804472400343
4656,20260727_isolated_FBs_usual_006_C2_segmentation,12,spore,19.32400493013375,19.32400493013375,44.187546111204334,0.7881018250430302,4.832125378463987,2.743376194649589
4657,20260727_isolated_FBs_usual_006_C2_segmentation,13,spore,29.393520424339503,29.393520424339503,109.833655541587,0.419356219980447,5.245448757739048,3.5832320921261904
4659,20260727_isolated_FBs_usual_006_C2_segmentation,15,spore,23.1888059161605,23.1888059161605,71.60045698213905,0.5492295821123919,5.35980294639986,2.593136093851141
4660,20260727_isolated_FBs_usual_006_C2_segmentation,16,spore,19.95499284621975,19.95499284621975,54.5507987099404,0.6522049065830441,4.786921487978864,2.8417475497574074
4661,20260727_isolated_FBs_usual_006_C2_segmentation,17,spore,25.73904874367475,25.73904874367475,91.8591364925495,0.4589408976954216,5.235836814116733,2.626273410959372
4662,20260727_isolated_FBs_usual_006_C2_segmentation,18,spore,22.84702079494725,22.84702079494725,83.7920453211535,0.46469469834339994,4.589814596985067,3.453265171152342
4663,20260727_isolated_FBs_usual_006_C2_segmentation,19,spore,6.07325869232775,6.07325869232775,22.146987842402233,0.7268597898474288,3.5006590278787404,1.3846232911256962
4664,20260727_isolated_FBs_usual_006_C2_segmentation,20,spore,17.8254086294295,17.8254086294295,41.65428172162544,0.7922291243109439,4.5802019558442115,2.7308725962686236
4665,20260727_isolated_FBs_usual_006_C2_segmentation,21,spore,10.9897062051645,10.9897062051645,35.8477587748342,0.6668264800071041,3.893723699504838,2.389272818629542
4666,20260727_isolated_FBs_usual_006_C2_segmentation,22,spore,18.193484913813002,18.193484913813002,60.314080243046675,0.5546376473649225,4.25665384479715,3.041866190924483
4667,20260727_isolated_FBs_usual_006_C2_segmentation,23,spore,14.64417788582925,14.64417788582925,38.74681501695754,0.747064521922165,4.434939973122126,2.503146701833882
4668,20260727_isolated_FBs_usual_006_C2_segmentation,24,spore,17.0892560606625,17.0892560606625,43.55783123531207,0.7366027140569235,4.0455360008492205,2.895442262893672
4669,20260727_isolated_FBs_usual_006_C2_segmentation,25,spore,17.352167692365,17.352167692365,39.53540191684811,0.819848847210795,4.63427616016214,2.627043137365782
4670,20260727_isolated_FBs_usual_006_C2_segmentation,26,spore,18.3512318928345,18.3512318928345,47.849844560072405,0.7031485334217904,4.564390373406486,2.7877900664783786
4671,20260727_isolated_FBs_usual_006_C2_segmentation,27,spore,18.403814219175,18.403814219175,49.56478557293332,0.6801156783273035,4.403419163438596,2.847955005905744
4672,20260727_isolated_FBs_usual_006_C2_segmentation,28,spore,14.775633701680501,14.775633701680501,35.57666232014678,0.8184955707186627,4.20410063916277,2.6025614709105365
4673,20260727_isolated_FBs_usual_006_C2_segmentation,29,spore,16.22164767604425,16.22164767604425,39.38084441651992,0.7869172701230988,4.306673347425688,2.7134020043715315
4674,20260727_isolated_FBs_usual_006_C2_segmentation,30,spore,18.403814219175,18.403814219175,57.99073147069334,0.5812961296775284,4.604633806160478,2.942544762339623
4675,20260727_isolated_FBs_usual_006_C2_segmentation,31,spore,11.90989691612325,11.90989691612325,31.166948638864213,0.809211117699529,4.0837407277077125,2.329636836802358
4676,20260727_isolated_FBs_usual_006_C2_segmentation,32,spore,19.376587256474252,19.376587256474252,43.403734321464185,0.8037886825139569,4.660199023873478,2.8264453726128096
4677,20260727_isolated_FBs_usual_006_C2_segmentation,33,spore,15.669533249469001,15.669533249469001,36.029020960010726,0.840496102222905,4.716830681481544,2.5065431594457297
4678,20260727_isolated_FBs_usual_006_C2_segmentation,34,spore,18.640434687707252,18.640434687707252,43.11174616011131,0.7886044101565033,3.9648366330557168,2.9766117569524675
4679,20260727_isolated_FBs_usual_006_C2_segmentation,35,spore,14.53901323314825,14.53901323314825,36.37326601427191,0.7919998759564463,4.394158919262714,2.4842107015992014
4680,20260727_isolated_FBs_usual_006_C2_segmentation,36,spore,18.53527003502625,18.53527003502625,41.020345659298826,0.825690752263164,3.903117923506862,2.9884133117883556
4681,20260727_isolated_FBs_usual_006_C2_segmentation,37,spore,16.0376095338525,16.0376095338525,42.922723104878585,0.7165116918402249,4.66645235291113,2.5159216701904428
4682,20260727_isolated_FBs_usual_006_C2_segmentation,38,spore,18.95592864575025,18.95592864575025,47.439835752163546,0.7247212425515289,4.385171576772138,2.854851495022499
4683,20260727_isolated_FBs_usual_006_C2_segmentation,39,spore,17.746535139918752,17.746535139918752,41.312334166571176,0.7964284641634979,4.088867635364478,2.9137576350417405
4684,20260727_isolated_FBs_usual_006_C2_segmentation,40,spore,15.48549510727725,15.48549510727725,38.78356004445495,0.7746755510933282,4.273451338732552,2.6585382263233757
4685,20260727_isolated_FBs_usual_006_C2_segmentation,41,spore,16.48455930774675,16.48455930774675,41.94010593978386,0.7468605077811088,4.319123871230812,2.717134549759798
4686,20260727_isolated_FBs_usual_006_C2_segmentation,42,spore,16.537141634087252,16.537141634087252,41.589625947420544,0.7547551309083562,4.445347342326079,2.67614578871496
4687,20260727_isolated_FBs_usual_006_C2_segmentation,43,spore,16.300521165555,16.300521165555,43.1603890391266,0.7203326505393226,4.124938166900126,2.7108419868836546
4688,20260727_isolated_FBs_usual_006_C2_segmentation,44,spore,18.719308177218,18.719308177218,49.469802128370006,0.6891871118808368,4.6422874537506695,2.796408458189249
4689,20260727_isolated_FBs_usual_006_C2_segmentation,45,spore,16.510850470917,16.510850470917,42.61981027864741,0.73573075118595,4.3823029753792335,2.7096519150841334
4690,20260727_isolated_FBs_usual_006_C2_segmentation,46,spore,14.22351927510525,14.22351927510525,35.10239264298873,0.8087583579007039,4.0237854994528615,2.6102225836239277
4691,20260727_isolated_FBs_usual_006_C2_segmentation,47,spore,16.5634327972575,16.5634327972575,43.912543863479925,0.7155869764162304,4.559034136042288,2.663162430680835
4692,20260727_isolated_FBs_usual_006_C2_segmentation,48,spore,12.987834606103501,12.987834606103501,36.18484200451039,0.7384401073668085,4.033176502336367,2.458668727195583
4693,20260727_isolated_FBs_usual_006_C2_segmentation,49,spore,17.8254086294295,17.8254086294295,46.0157926451099,0.7171393392401242,4.553389381070091,2.769817238532889
4694,20260727_isolated_FBs_usual_006_C2_segmentation,50,spore,16.4582681445765,16.4582681445765,39.999993651061146,0.7822524966467832,4.176839314867662,2.7143498965631716
4695,20260727_isolated_FBs_usual_006_C2_segmentation,51,spore,17.352167692365,17.352167692365,39.12351297722066,0.828480144521163,4.679587158522041,2.647597237619784
4696,20260727_isolated_FBs_usual_006_C2_segmentation,52,spore,15.43291278093675,15.43291278093675,37.129605310663706,0.8073510101406334,4.391334738628005,2.630034041685583
4697,20260727_isolated_FBs_usual_006_C2_segmentation,53,spore,23.556882200544003,23.556882200544003,131.0317290758005,0.3032863464145424,6.755831889015602,3.660839628635574
4698,20260727_isolated_FBs_usual_006_C2_segmentation,54,spore,17.22071187651375,17.22071187651375,41.50096526115266,0.7770697331356723,4.303784078133664,2.6767167867812884
4699,20260727_isolated_FBs_usual_006_C2_segmentation,55,spore,17.667661650408,17.667661650408,43.65373627783675,0.7514765273181307,4.5642266124146404,2.7301925195670753
4700,20260727_isolated_FBs_usual_006_C2_segmentation,56,spore,18.929637482580002,18.929637482580002,48.883993632705916,0.7026606669831599,4.610985037032709,2.8563511442285168
4701,20260727_isolated_FBs_usual_006_C2_segmentation,57,spore,16.58972396042775,16.58972396042775,37.129969180849166,0.8471994053298115,4.724802921135727,2.565610029382457
4702,20260727_isolated_FBs_usual_006_C2_segmentation,58,spore,14.328683927786251,14.328683927786251,35.88553489517982,0.7950032468066681,4.167109011744741,2.6060671082613136
4703,20260727_isolated_FBs_usual_006_C2_segmentation,59,spore,16.48455930774675,16.48455930774675,42.384602256102156,0.7390280231795925,4.302882248357906,2.7052716091539266
4704,20260727_isolated_FBs_usual_006_C2_segmentation,60,spore,19.63949888817675,19.63949888817675,49.26651956778238,0.7145278761441476,4.641376218882097,2.8340334314349036
4705,20260727_isolated_FBs_usual_006_C2_segmentation,61,spore,20.139030988411502,20.139030988411502,48.78554621285596,0.7337565641689854,4.71355853772194,2.901229416431897
4706,20260727_isolated_FBs_usual_006_C2_segmentation,62,spore,11.75214993710175,11.75214993710175,38.87647210884175,0.6429968215266085,4.117891444581163,2.3621883224963436
4707,20260727_isolated_FBs_usual_006_C2_segmentation,63,spore,19.06109329843125,19.06109329843125,54.289080277235854,0.635628719523539,4.545573257456136,2.9350444412650436
4708,20260727_isolated_FBs_usual_006_C2_segmentation,64,spore,15.222583475574751,15.222583475574751,37.00637323852604,0.8026628742983195,4.461394941590631,2.5801197235842586
4709,20260727_isolated_FBs_usual_006_C2_segmentation,65,spore,18.21977607698325,18.21977607698325,46.58912427562409,0.7187230954787689,4.619685216251978,2.7647253957244686
4710,20260727_isolated_FBs_usual_006_C2_segmentation,66,spore,17.8254086294295,17.8254086294295,46.61794360193694,0.7078762506966,3.965156407302563,3.0268216325442285
4711,20260727_isolated_FBs_usual_006_C2_segmentation,67,spore,17.588788160897252,17.588788160897252,46.99704393623213,0.6959384975336709,4.058876254518032,2.9696716221372528
4712,20260727_isolated_FBs_usual_006_C2_segmentation,68,spore,15.459203944107001,15.459203944107001,36.66909696049473,0.8184182918126599,4.606613353039736,2.554655678853171
4713,20260727_isolated_FBs_usual_006_C2_segmentation,69,spore,18.508978871856,18.508978871856,47.294540315518766,0.7154754815444132,4.761133978362526,2.7636570426006384
4714,20260727_isolated_FBs_usual_006_C2_segmentation,70,spore,17.352167692365,17.352167692365,49.127887240820996,0.6597689317811931,3.9588942999488546,2.975211695552263
4715,20260727_isolated_FBs_usual_006_C2_segmentation,71,spore,18.8770551562395,18.8770551562395,49.879172574955604,0.6873654737356479,4.591310046803533,2.8687033496814656
4716,20260727_isolated_FBs_usual_006_C2_segmentation,72,spore,17.64137048723775,17.64137048723775,41.787771171785195,0.7842534967470866,4.722627516350183,2.6992883718408183
4717,20260727_isolated_FBs_usual_006_C2_segmentation,73,spore,14.22351927510525,14.22351927510525,34.726660350458765,0.8175088864240374,4.38361777981781,2.522031618745584
4718,20260727_isolated_FBs_usual_006_C2_segmentation,74,spore,20.086448662071,20.086448662071,46.973209708921814,0.7607395472318095,4.722755261955369,2.832991944526978
4719,20260727_isolated_FBs_usual_006_C2_segmentation,75,spore,17.32587652919475,17.32587652919475,38.706407698551956,0.8365618738398597,4.630317317239652,2.6597324437895034
4720,20260727_isolated_FBs_usual_006_C2_segmentation,76,spore,18.1409025874725,18.1409025874725,46.3082995820659,0.7209932814695273,4.392076792381636,2.8454955740745067
4721,20260727_isolated_FBs_usual_006_C2_segmentation,77,spore,17.79911746625925,17.79911746625925,46.25721098096636,0.7126949146779712,4.390611169583752,2.7911898040770113
4722,20260727_isolated_FBs_usual_006_C2_segmentation,78,spore,14.8807983543615,14.8807983543615,43.019469903848325,0.6800954839923247,4.58768532210543,2.4559647376589533
4723,20260727_isolated_FBs_usual_006_C2_segmentation,79,spore,18.088320261132,18.088320261132,53.81392792799087,0.6192341857912242,4.285337987154077,2.9817407235240316
4724,20260727_isolated_FBs_usual_006_C2_segmentation,80,spore,16.85263559213025,16.85263559213025,39.03506112289706,0.8143438372925167,4.065749951281383,2.8340336401363824
4725,20260727_isolated_FBs_usual_006_C2_segmentation,81,spore,17.53620583455675,17.53620583455675,39.3661856525642,0.8291845686450424,4.708510488011254,2.6649488442106564
4726,20260727_isolated_FBs_usual_006_C2_segmentation,82,spore,22.58410916324475,22.58410916324475,50.4565306058923,0.7657765252104319,4.973768920818004,3.018384618713801
4727,20260727_isolated_FBs_usual_006_C2_segmentation,83,spore,18.298649566494,18.298649566494,50.5017144573454,0.6649526113736426,4.275505783279203,2.9309377878400706
4728,20260727_isolated_FBs_usual_006_C2_segmentation,84,spore,18.324940729664252,18.324940729664252,39.68622062521139,0.846979244316331,4.829053959856643,2.641616417977525
4729,20260727_isolated_FBs_usual_006_C2_segmentation,85,spore,17.69395281357825,17.69395281357825,47.04907414820467,0.6979371023501353,4.065248032117627,2.936888213247144
4730,20260727_isolated_FBs_usual_006_C2_segmentation,86,spore,14.64417788582925,14.64417788582925,35.79044257534245,0.8087737606405662,4.357424546879489,2.5600834436231583
4731,20260727_isolated_FBs_usual_006_C2_segmentation,87,spore,21.0855128625405,21.0855128625405,57.560880433355365,0.6412284884051672,4.673480718788625,2.3270701008400683
4732,20260727_isolated_FBs_usual_006_C2_segmentation,88,spore,19.823537030368502,19.823537030368502,43.11650476078814,0.821538664911014,4.791411476456524,2.8090802566001587
4733,20260727_isolated_FBs_usual_006_C2_segmentation,89,spore,16.510850470917,16.510850470917,39.25271023522214,0.7988417829955348,4.589152033466565,2.63760385545784
4734,20260727_isolated_FBs_usual_006_C2_segmentation,90,spore,18.16719375064275,18.16719375064275,51.22765359818834,0.6523863899971227,4.774855632820357,2.7268230632115027
4735,20260727_isolated_FBs_usual_006_C2_segmentation,91,spore,18.21977607698325,18.21977607698325,45.695677708851946,0.7327756429911775,4.42449853508123,2.8695064356776525
4736,20260727_isolated_FBs_usual_006_C2_segmentation,92,spore,16.1427741865335,16.1427741865335,43.41408867514308,0.7114955966205859,4.246292517518981,2.703821230767435
4737,20260727_isolated_FBs_usual_006_C2_segmentation,93,spore,18.90334631940975,18.90334631940975,52.06410427406177,0.6591306656081451,4.485305685825059,2.8965338622451404
4738,20260727_isolated_FBs_usual_006_C2_segmentation,94,spore,20.401942620114,20.401942620114,46.84484597806097,0.7707910389214494,4.708937618377883,2.8976666614772384
4739,20260727_isolated_FBs_usual_006_C2_segmentation,95,spore,15.459203944107001,15.459203944107001,38.06431535690477,0.7884197946378414,4.216607119211695,2.677115455520382
4740,20260727_isolated_FBs_usual_006_C2_segmentation,96,spore,17.48362350821625,17.48362350821625,43.490398454539246,0.7490515408592251,4.145929153258812,2.822177010241928
4741,20260727_isolated_FBs_usual_006_C2_segmentation,97,spore,18.43010538234525,18.43010538234525,42.83322606311043,0.7877502533207876,4.634360293368775,2.746082972931888
4742,20260727_isolated_FBs_usual_006_C2_segmentation,98,spore,16.48455930774675,16.48455930774675,38.14897153985238,0.8210813438537504,4.565668134496973,2.5723923338404746
4743,20260727_isolated_FBs_usual_006_C2_segmentation,99,spore,17.141838387003002,17.141838387003002,43.49328554671808,0.7392083078029322,4.578502848296607,2.689992823220797
4744,20260727_isolated_FBs_usual_006_C2_segmentation,100,spore,15.380330454596251,15.380330454596251,36.44312305872552,0.8206896971228442,4.533545367806519,2.566618422180938
4745,20260727_isolated_FBs_usual_006_C2_segmentation,101,spore,14.197228111935,14.197228111935,35.1739292272824,0.8061186074227981,4.269111639246422,2.546873659822562
4746,20260727_isolated_FBs_usual_006_C2_segmentation,102,spore,17.141838387003002,17.141838387003002,39.44351178506217,0.8151048564077172,4.5033533693512195,2.728741808867814
4747,20260727_isolated_FBs_usual_006_C2_segmentation,103,spore,16.80005326578975,16.80005326578975,38.56362105073176,0.8225836828172666,4.644615319492403,2.582318169018265
4748,20260727_isolated_FBs_usual_006_C2_segmentation,104,spore,14.4601397436375,14.4601397436375,35.594540223536164,0.8063972975445094,3.873269664414905,2.6699283112124297
4749,20260727_isolated_FBs_usual_006_C2_segmentation,105,spore,15.95873604434175,15.95873604434175,39.82762246533076,0.769659682350162,4.214511126402016,2.714337176873681
4750,20260727_isolated_FBs_usual_006_C2_segmentation,106,spore,14.1446457855945,14.1446457855945,35.97027013975854,0.786324503152005,3.8832014096405536,2.585011208898408
4751,20260727_isolated_FBs_usual_006_C2_segmentation,107,spore,19.58691656183625,19.58691656183625,50.67519920680141,0.6934248087439976,4.661374901357321,2.9156740632236096
4752,20260727_isolated_FBs_usual_006_C2_segmentation,108,spore,18.4563965455155,18.4563965455155,46.7747337329329,0.7220557691777728,4.596443294868931,2.787281450669047
4753,20260727_isolated_FBs_usual_006_C2_segmentation,109,spore,26.68553061780375,26.68553061780375,71.41421878306974,0.6047139629194391,5.063086439678493,2.502989183187325
4754,20260727_isolated_FBs_usual_006_C2_segmentation,110,spore,16.06390069702275,16.06390069702275,44.6783965936181,0.6891078852761766,4.414106626927786,2.6387337826444175
4755,20260727_isolated_FBs_usual_006_C2_segmentation,111,spore,18.640434687707252,18.640434687707252,44.976257216408754,0.7559124581626568,4.605107554570197,2.7896352244324136
4756,20260727_isolated_FBs_usual_006_C2_segmentation,112,spore,18.2460672401535,18.2460672401535,43.32932576115438,0.7735380963848724,4.652478567644335,2.783127254654768
4757,20260727_isolated_FBs_usual_006_C2_segmentation,113,spore,17.562496997727,17.562496997727,38.98742626908636,0.8380766357348011,4.792967381557816,2.629996726356019
4758,20260727_isolated_FBs_usual_006_C2_segmentation,114,spore,18.193484913813002,18.193484913813002,47.407871991983555,0.705630903969687,4.631606012428258,2.7594942026878826
4759,20260727_isolated_FBs_usual_006_C2_segmentation,115,spore,15.64324208629875,15.64324208629875,37.503092522528604,0.8065566705348004,4.415202078568569,2.5796725668999776
4760,20260727_isolated_FBs_usual_006_C2_segmentation,116,spore,16.90521791847075,16.90521791847075,44.254949897406576,0.7197849914033891,4.348434625001266,2.7212793529112225
4761,20260727_isolated_FBs_usual_006_C2_segmentation,117,spore,16.247938839214502,16.247938839214502,42.182195518286605,0.7354510876079233,4.378893660860445,2.6362555657504005
4762,20260727_isolated_FBs_usual_006_C2_segmentation,118,spore,18.27235840332375,18.27235840332375,47.918859581989835,0.7001225310265491,4.477389041160874,2.8496735812395513
4763,20260727_isolated_FBs_usual_006_C2_segmentation,119,spore,22.610400326415,22.610400326415,53.142220755979565,0.7276400469111961,4.918783316774782,2.989888668088652
4764,20260727_isolated_FBs_usual_006_C2_segmentation,120,spore,17.983155608451,17.983155608451,54.66789910157834,0.6071961489762374,4.122229474211139,3.006503132681151
4765,20260727_isolated_FBs_usual_006_C2_segmentation,121,spore,11.568111794910001,11.568111794910001,29.678850359006343,0.8334483703527908,3.699784368444042,2.4012728870064053
4766,20260727_isolated_FBs_usual_006_C2_segmentation,122,spore,17.667661650408,17.667661650408,41.179291695935596,0.79663240409179,4.579842938448907,2.726222333516124
4767,20260727_isolated_FBs_usual_006_C2_segmentation,123,spore,18.06202909796175,18.06202909796175,40.3411009173999,0.8252408863659054,4.677876056328838,2.719128939337481
4768,20260727_isolated_FBs_usual_006_C2_segmentation,124,spore,19.534334235495752,19.534334235495752,65.6401351111082,0.5343761512369105,4.0528575289192785,3.2799632435169577
4769,20260727_isolated_FBs_usual_006_C2_segmentation,125,spore,18.8770551562395,18.8770551562395,41.15703881536136,0.833034204436738,4.752576279514199,2.751422188382191
4770,20260727_isolated_FBs_usual_006_C2_segmentation,126,spore,15.748406738979751,15.748406738979751,38.85261679385375,0.7820267314080963,4.097662675249357,2.7422487723457536
4771,20260727_isolated_FBs_usual_006_C2_segmentation,127,spore,17.983155608451,17.983155608451,51.473977939971675,0.6448722079690533,3.995985254422784,3.0256479520218185
4772,20260727_isolated_FBs_usual_006_C2_segmentation,128,spore,13.38220205365725,13.38220205365725,33.71410510017563,0.8085202036559793,3.9612536337058812,2.5784734955883772
4773,20260727_isolated_FBs_usual_006_C2_segmentation,129,spore,18.798181666728752,18.798181666728752,49.63113067605947,0.688875147167271,4.31329907064039,2.9681985498091823
4774,20260727_isolated_FBs_usual_006_C2_segmentation,130,spore,14.9859630070425,14.9859630070425,39.81543265345597,0.7382822990262752,4.563527943506541,2.50762873317742
4775,20260727_isolated_FBs_usual_006_C2_segmentation,131,spore,20.53339843596525,20.53339843596525,56.96111280630534,0.6366189308524386,4.627981645685699,3.0406303695078236
4776,20260727_isolated_FBs_usual_006_C2_segmentation,132,spore,18.16719375064275,18.16719375064275,42.355642491057786,0.7890382965150617,3.8323121509650875,3.0373944379318187
4777,20260727_isolated_FBs_usual_006_C2_segmentation,133,spore,18.69301701404775,18.69301701404775,43.934026749991304,0.7752992821821182,4.450552351490437,2.8156878773511567
4778,20260727_isolated_FBs_usual_006_C2_segmentation,134,spore,11.69956761076125,11.69956761076125,37.984308823396496,0.656134847600051,4.022309803045974,2.4433354470381468
4779,20260727_isolated_FBs_usual_006_C2_segmentation,135,spore,18.11461142430225,18.11461142430225,39.82237536716241,0.8376121680182786,4.808145886627303,2.6465105903614057
4780,20260727_isolated_FBs_usual_006_C2_segmentation,136,spore,16.64230628676825,16.64230628676825,38.301529646407516,0.8230199187380768,4.448056567709736,2.66718621868504
4782,20260727_isolated_FBs_usual_006_C2_segmentation,138,spore,12.80379646391175,12.80379646391175,30.911383826447057,0.8562321245019934,3.6504477828165607,2.5594668656879267
4783,20260727_isolated_FBs_usual_006_C2_segmentation,139,spore,9.149324783247,9.149324783247,25.44991688731364,0.8312349318763783,3.4702276891748047,2.2429545349018998
4784,20260727_isolated_FBs_usual_006_C2_segmentation,140,spore,7.9925136037560005,7.9925136037560005,29.233408220851718,0.6612924982489368,3.426491989482016,2.1210204818312617
4785,20260727_isolated_FBs_usual_006_C2_segmentation,141,spore,12.383137853187751,12.383137853187751,30.116218505028137,0.8594833939931277,3.6775352217853685,2.523530204538016
4786,20260727_isolated_FBs_usual_006_C2_segmentation,142,spore,17.6150793240675,17.6150793240675,39.277944199160444,0.8335374387668922,4.062502720559849,2.905963603560436
4787,20260727_isolated_FBs_usual_006_C2_segmentation,143,spore,6.3624614872005,6.3624614872005,19.0274366575077,0.8726778452807668,3.8419968075897497,1.4251838732171158
4788,20260727_isolated_FBs_usual_006_C2_segmentation,144,spore,12.751214137571251,12.751214137571251,30.59720040967495,0.8626543026740271,3.6886495206588363,2.5872197159046153
4789,20260727_isolated_FBs_usual_006_C2_segmentation,145,spore,14.59159555948875,14.59159555948875,36.51654542857476,0.7907932645734711,4.196732631077368,2.6062088320489685
4790,20260727_isolated_FBs_usual_006_C2_segmentation,146,spore,13.8291518275515,13.8291518275515,34.87046345411483,0.7990183772412753,4.07850953925582,2.5639768318578042
4791,20260727_isolated_FBs_usual_006_C2_segmentation,147,spore,19.1925491142825,19.1925491142825,48.30205341723202,0.7176956341819692,4.324591937779464,2.987013245545828
4792,20260727_isolated_FBs_usual_006_C2_segmentation,148,spore,17.27329420285425,17.27329420285425,48.48364214923498,0.6665084617697778,3.81148731793603,3.101217881642265
4793,20260727_isolated_FBs_usual_006_C2_segmentation,149,spore,13.1981639114655,13.1981639114655,32.162764705329366,0.8397301812697656,3.7226859170554563,2.610395409927641
4794,20260727_isolated_FBs_usual_006_C2_segmentation,150,spore,16.090191860193002,16.090191860193002,40.75923114210395,0.7561923678992926,4.253211687942766,2.7068433734524016
4795,20260727_isolated_FBs_usual_006_C2_segmentation,151,spore,11.778441100272001,11.778441100272001,29.554520432282114,0.8470689270769786,3.73040544208121,2.484691380826106
4796,20260727_isolated_FBs_usual_006_C2_segmentation,152,spore,12.908961116592751,12.908961116592751,33.77485375716186,0.787924931004231,3.8669735981207913,2.5066120769719022
4797,20260727_isolated_FBs_usual_006_C2_segmentation,153,spore,11.8310234266125,11.8310234266125,30.403331377381825,0.8258689929863805,3.7307047459933362,2.4154921316734836
4799,20260727_isolated_FBs_usual_006_C2_segmentation,155,spore,16.11648302336325,16.11648302336325,41.325673369595734,0.7466396267777519,4.248290581142368,2.7224377043168615
4800,20260727_isolated_FBs_usual_006_C2_segmentation,156,spore,14.59159555948875,14.59159555948875,35.9632243201961,0.8029602105001312,3.891518893192781,2.6579043022523603
4801,20260727_isolated_FBs_usual_006_C2_segmentation,157,spore,14.4601397436375,14.4601397436375,35.28311462687603,0.813514944673701,4.0938627212025,2.603492143040553
4802,20260727_isolated_FBs_usual_006_C2_segmentation,158,spore,14.8807983543615,14.8807983543615,37.01803999566269,0.7903537628890935,4.026152026456657,2.6399078872347372
4803,20260727_isolated_FBs_usual_006_C2_segmentation,159,spore,17.79911746625925,17.79911746625925,43.23873908211262,0.7624477432312295,3.8748707377024196,3.0312204152264455
4804,20260727_isolated_FBs_usual_006_C2_segmentation,160,spore,10.80566806297275,10.80566806297275,29.1965116855407,0.8095696896619331,3.70310843680627,2.348466434655132
4805,20260727_isolated_FBs_usual_006_C2_segmentation,161,spore,10.069515494205751,10.069515494205751,26.60119194449372,0.8477258190202904,3.726928964276618,2.299253734969809
4806,20260727_isolated_FBs_usual_006_C2_segmentation,162,spore,10.01693316786525,10.01693316786525,26.747660953897167,0.8401461322728406,3.470875372581015,2.268611917544673
4807,20260727_isolated_FBs_usual_006_C2_segmentation,163,spore,13.250746237806,13.250746237806,36.56766201228554,0.740537669374562,4.12561144756747,2.4786510765229455
4808,20260727_isolated_FBs_usual_006_C2_segmentation,164,spore,13.250746237806,13.250746237806,32.58932253912892,0.8309387581942184,3.787492387574769,2.580501665150001
4809,20260727_isolated_FBs_usual_006_C2_segmentation,165,spore,18.8770551562395,18.8770551562395,42.79715964971939,0.8011097317471464,4.110656000825452,2.988827529721362
4810,20260727_isolated_FBs_usual_006_C2_segmentation,166,spore,17.64137048723775,17.64137048723775,39.6258008818422,0.8270421022015709,3.7707774052662355,2.9614164880135245
4811,20260727_isolated_FBs_usual_006_C2_segmentation,167,spore,10.5690475944405,10.5690475944405,27.122633419160262,0.8587027215595059,3.611595592340818,2.299559698943611
4812,20260727_isolated_FBs_usual_006_C2_segmentation,168,spore,9.4122364149495,9.4122364149495,25.415503338602537,0.848230649324412,3.590735812161339,2.1792570860419684
4816,20260727_isolated_FBs_usual_006_C2_segmentation,172,spore,5.468561939412,5.468561939412,18.179135373740706,0.8257076807930778,3.020529070410486,1.7785433718742132
4819,20260727_isolated_FBs_usual_006_C2_segmentation,175,spore,5.153067981369,5.153067981369,17.37231491275651,0.8304949814230939,2.2654194897534206,1.946007398691357
4823,20260727_isolated_FBs_usual_006_C2_segmentation,1,vc,15.43291278093675,15.43291278093675,118.45913009352371,0.2530545710577206,6.255131205966412,2.9077476232886648
4840,20260727_isolated_FBs_usual_006_C2_segmentation,18,vc,10.85825038931325,10.85825038931325,116.98989239914368,0.20269468041598754,6.987196008306658,3.33293854828334
4899,20260727_isolated_FBs_usual_006_C2_segmentation,77,vc,5.179359144539251,5.179359144539251,26.32670761652467,0.5498846443453889,3.1845187448282117,1.0693114652301883
4941,20260727_isolated_FBs_usual_007_C2_segmentation,2,spore,32.99540977866375,32.99540977866375,124.32943299873996,0.4001405109103663,5.923326106079763,3.287974985037771
4944,20260727_isolated_FBs_usual_007_C2_segmentation,5,spore,20.84889239400825,20.84889239400825,49.6732647439626,0.7374797136587786,4.920704340138329,2.9169431975012494
4945,20260727_isolated_FBs_usual_007_C2_segmentation,6,spore,34.888373526921754,34.888373526921754,94.95853458073887,0.5437558423115945,6.12109382287321,3.3424186392984305
4946,20260727_isolated_FBs_usual_007_C2_segmentation,7,spore,12.199099710996,12.199099710996,57.697648069197285,0.4441652060795218,6.046882446058274,2.1113097626849915
4947,20260727_isolated_FBs_usual_007_C2_segmentation,8,spore,20.79631006766775,20.79631006766775,73.83584170821165,0.4953069444980034,3.9047715448348344,3.1994575271405403
4948,20260727_isolated_FBs_usual_007_C2_segmentation,9,spore,31.444231151619,31.444231151619,78.10973615108261,0.6167932427132076,5.443161125199159,3.4533799797246862
4949,20260727_isolated_FBs_usual_007_C2_segmentation,10,spore,21.53246263643475,21.53246263643475,62.72696570194883,0.5967040416755457,5.541562682526533,2.906797463916189
4950,20260727_isolated_FBs_usual_007_C2_segmentation,11,spore,20.63856308864625,20.63856308864625,57.70982079169859,0.6305033092176054,5.304597987792725,2.8308988761754756
4951,20260727_isolated_FBs_usual_007_C2_segmentation,12,spore,18.798181666728752,18.798181666728752,53.50730902997413,0.6389716296402779,5.2258696588604625,2.6698602448301467
4952,20260727_isolated_FBs_usual_007_C2_segmentation,13,spore,21.979412410329,21.979412410329,55.57158414703885,0.6828239297184684,5.509582255954922,2.8201594098248335
4953,20260727_isolated_FBs_usual_007_C2_segmentation,14,spore,17.37845885553525,17.37845885553525,43.71553984014848,0.7422025668726485,5.052433328789231,2.5938567115652362
4954,20260727_isolated_FBs_usual_007_C2_segmentation,15,spore,17.299585366024502,17.299585366024502,51.20707967978731,0.6317005354629925,5.117011605635246,2.5986368642437325
4955,20260727_isolated_FBs_usual_007_C2_segmentation,16,spore,20.69114541498675,20.69114541498675,48.784514741018725,0.747122513823166,4.779676501854697,2.9472133332884227
4956,20260727_isolated_FBs_usual_007_C2_segmentation,17,spore,19.034802135261,19.034802135261,48.14812771177408,0.7160394744945731,5.177129791556019,2.6824453194806956
4957,20260727_isolated_FBs_usual_007_C2_segmentation,18,spore,16.195356512874,16.195356512874,41.30916108745106,0.7493730855469403,4.7992915657056106,2.534731801939279
4958,20260727_isolated_FBs_usual_007_C2_segmentation,19,spore,20.06015749890075,20.06015749890075,61.859936191930984,0.5771617600440195,4.918473937723224,2.9670103646279373
4959,20260727_isolated_FBs_usual_007_C2_segmentation,20,spore,20.95405704668925,20.95405704668925,51.77595013127341,0.7099070053507985,4.950320941200038,2.8612491361052053
4960,20260727_isolated_FBs_usual_007_C2_segmentation,21,spore,22.294906368372,22.294906368372,60.54391621996022,0.6327284807190582,5.6855984525537036,2.7779216394076838
4961,20260727_isolated_FBs_usual_007_C2_segmentation,22,spore,21.2958421679025,21.2958421679025,46.637834534506155,0.7966647966870384,5.49936547851882,2.6970432869417986
4962,20260727_isolated_FBs_usual_007_C2_segmentation,23,spore,17.64137048723775,17.64137048723775,47.97343721264579,0.6831323241958758,4.689683643861649,2.7684997555229263
4963,20260727_isolated_FBs_usual_007_C2_segmentation,24,spore,20.00757517256025,20.00757517256025,50.15327459799442,0.7106369773621841,5.102023096932738,2.7537333426194075
4965,20260727_isolated_FBs_usual_007_C2_segmentation,26,spore,18.95592864575025,18.95592864575025,49.41758879575497,0.6957170017915109,4.9844975359532855,2.7206319628542492
4966,20260727_isolated_FBs_usual_007_C2_segmentation,27,spore,21.558753799605,21.558753799605,65.22965703045313,0.5742770551716574,5.40835448849992,2.886763745183217
4967,20260727_isolated_FBs_usual_007_C2_segmentation,28,spore,21.479880310094252,21.479880310094252,56.23908784445439,0.6644573264192196,5.240277241623563,2.8387196536207857
4968,20260727_isolated_FBs_usual_007_C2_segmentation,29,spore,20.90147472034875,20.90147472034875,47.690756929869536,0.7694277790826263,5.226884118139638,2.787363202418717
4969,20260727_isolated_FBs_usual_007_C2_segmentation,30,spore,15.6169509231285,15.6169509231285,36.2994234749152,0.832367715965631,4.7993808440891765,2.465350673286502
4970,20260727_isolated_FBs_usual_007_C2_segmentation,31,spore,20.9803482098595,20.9803482098595,56.59657944401589,0.6499836037631773,5.2901448430872655,2.816950281762709
4971,20260727_isolated_FBs_usual_007_C2_segmentation,32,spore,20.84889239400825,20.84889239400825,59.068923208177935,0.6201742484921834,5.1915757198031525,2.8858594673542313
4972,20260727_isolated_FBs_usual_007_C2_segmentation,33,spore,8.96528664105525,8.96528664105525,68.39241791491776,0.30515391979946216,5.5162263161947145,2.624507505448541
4973,20260727_isolated_FBs_usual_007_C2_segmentation,34,spore,21.0855128625405,21.0855128625405,50.81845595693609,0.7263045611387434,5.443926389757462,2.7006152237769627
4974,20260727_isolated_FBs_usual_007_C2_segmentation,35,spore,19.95499284621975,19.95499284621975,50.55505209330512,0.7037535736484518,5.2034853470376605,2.743229797025229
4975,20260727_isolated_FBs_usual_007_C2_segmentation,36,spore,19.534334235495752,19.534334235495752,72.34901626363262,0.4848237692621753,4.964666070818389,3.0623771813475384
4976,20260727_isolated_FBs_usual_007_C2_segmentation,37,spore,21.322133331072752,21.322133331072752,54.6603000260948,0.6802980349197923,4.907113853709906,2.9776603325293816
4977,20260727_isolated_FBs_usual_007_C2_segmentation,38,spore,19.876119356709,19.876119356709,45.003522469471726,0.7884824188017295,5.52724603061026,2.6327043146844353
4978,20260727_isolated_FBs_usual_007_C2_segmentation,39,spore,21.453589146924,21.453589146924,83.53038383904584,0.44699872763343723,5.699029147834133,2.5157655379577077
4979,20260727_isolated_FBs_usual_007_C2_segmentation,40,spore,22.294906368372,22.294906368372,52.877597779266715,0.7244629433914614,5.037113066688495,2.906031942194524
4980,20260727_isolated_FBs_usual_007_C2_segmentation,41,spore,22.4526533473935,22.4526533473935,61.92487500109997,0.6215328680129374,5.577976964281981,2.8224262887841305
4981,20260727_isolated_FBs_usual_007_C2_segmentation,42,spore,19.16625795111225,19.16625795111225,52.03245239787127,0.6656328007949365,5.4114546133421335,2.646206409452415
4982,20260727_isolated_FBs_usual_007_C2_segmentation,43,spore,20.4545249464545,20.4545249464545,45.26358045090187,0.799088385151008,5.034153202322885,2.8100304085260808
4983,20260727_isolated_FBs_usual_007_C2_segmentation,44,spore,21.322133331072752,21.322133331072752,61.77708815776634,0.6019269571416955,5.504761584930409,2.8810079123106505
4984,20260727_isolated_FBs_usual_007_C2_segmentation,45,spore,17.746535139918752,17.746535139918752,39.32878571244062,0.8365963569753364,4.808827022685985,2.6641325419195105
4985,20260727_isolated_FBs_usual_007_C2_segmentation,46,spore,22.05828589983975,22.05828589983975,48.28592234163153,0.787731296854071,5.640896258723068,2.7365369273328626
4986,20260727_isolated_FBs_usual_007_C2_segmentation,47,spore,21.00663937302975,21.00663937302975,56.94934120678452,0.6464969394024727,4.896503873650935,2.9592342052360343
4987,20260727_isolated_FBs_usual_007_C2_segmentation,48,spore,18.088320261132,18.088320261132,51.98956692743422,0.6409636743316035,5.0987181566931765,2.6674941149573987
4988,20260727_isolated_FBs_usual_007_C2_segmentation,49,spore,21.032930536200002,21.032930536200002,50.147646894501804,0.7347959551575929,5.401496365791433,2.7402465923014367
4989,20260727_isolated_FBs_usual_007_C2_segmentation,50,spore,21.5061714732645,21.5061714732645,47.19384360068949,0.7924542124518543,5.68716137422514,2.6637192119647044
4990,20260727_isolated_FBs_usual_007_C2_segmentation,51,spore,18.95592864575025,18.95592864575025,48.72550279842802,0.7055988083894662,5.439879936898949,2.4001838306998473
4991,20260727_isolated_FBs_usual_007_C2_segmentation,52,spore,18.74559934038825,18.74559934038825,41.54709415876603,0.8213779194755843,4.867132843825063,2.7121514130928146
4992,20260727_isolated_FBs_usual_007_C2_segmentation,53,spore,17.32587652919475,17.32587652919475,44.3913388247913,0.7294284383201959,5.092002232589773,2.5131240577351517
4993,20260727_isolated_FBs_usual_007_C2_segmentation,54,spore,22.4526533473935,22.4526533473935,61.43595637409069,0.6264791407562096,5.62455506040639,2.8118522564591477
4994,20260727_isolated_FBs_usual_007_C2_segmentation,55,spore,20.428233783284252,20.428233783284252,63.677165855676606,0.5675284164972492,4.943505778852134,2.94565782678799
4995,20260727_isolated_FBs_usual_007_C2_segmentation,56,spore,12.2516820373365,12.2516820373365,31.699003057129392,0.8107787026523563,4.281291641500189,2.3217694338945747
4996,20260727_isolated_FBs_usual_007_C2_segmentation,57,spore,21.74279194179675,21.74279194179675,59.07171322340155,0.6377465206441071,5.10928423574242,2.9160160228239462
4997,20260727_isolated_FBs_usual_007_C2_segmentation,58,spore,21.453589146924,21.453589146924,50.948870845153195,0.732851870422524,5.5033921576410565,2.750755061558759
4998,20260727_isolated_FBs_usual_007_C2_segmentation,59,spore,19.665790051347,19.665790051347,47.63052380004998,0.739729660238584,5.4244116177132415,2.633238643135528
4999,20260727_isolated_FBs_usual_007_C2_segmentation,60,spore,19.21884027745275,19.21884027745275,76.82071972255767,0.4516727305685371,5.139236470262138,3.037526920468634
5000,20260727_isolated_FBs_usual_007_C2_segmentation,61,spore,21.21696867839175,21.21696867839175,54.42756924161219,0.6809586521855475,5.535474462824147,2.7292469366610113
5001,20260727_isolated_FBs_usual_007_C2_segmentation,62,spore,17.32587652919475,17.32587652919475,45.268127941624684,0.7153002880009988,5.177554509299897,2.5368844304943763
5002,20260727_isolated_FBs_usual_007_C2_segmentation,63,spore,19.9287016830495,19.9287016830495,45.508654558629985,0.7811050865552632,5.122248720779409,2.7499908437863345
5003,20260727_isolated_FBs_usual_007_C2_segmentation,64,spore,5.02161216551775,5.02161216551775,31.891658671909468,0.44466791666572975,4.478748818492142,1.8436383710813182
5007,20260727_isolated_FBs_usual_007_C2_segmentation,68,spore,19.692081214517252,19.692081214517252,47.85266445267559,0.7369517913522889,5.373266606955741,2.662082207427373
5008,20260727_isolated_FBs_usual_007_C2_segmentation,69,spore,21.37471565741325,21.37471565741325,69.40616740035506,0.5366440170602456,5.610692898515107,2.906047668392127
5009,20260727_isolated_FBs_usual_007_C2_segmentation,70,spore,20.63856308864625,20.63856308864625,59.92453878618176,0.607200884988895,4.700841221609761,3.0694922067074915
5010,20260727_isolated_FBs_usual_007_C2_segmentation,71,spore,20.90147472034875,20.90147472034875,55.47789076323258,0.6614273304643705,5.462645278535204,2.742625137784684
5011,20260727_isolated_FBs_usual_007_C2_segmentation,72,spore,20.95405704668925,20.95405704668925,63.93017706977835,0.5749414656988378,5.1850590088547905,2.864505103362585
5012,20260727_isolated_FBs_usual_007_C2_segmentation,73,spore,22.16345055252075,22.16345055252075,66.89073799100765,0.5704396706557376,5.422709483458446,2.8819408015375902
5014,20260727_isolated_FBs_usual_007_C2_segmentation,75,spore,17.562496997727,17.562496997727,46.114293528530325,0.7085536510136329,4.905693270154995,2.66144970971477
5015,20260727_isolated_FBs_usual_007_C2_segmentation,76,spore,22.373779857882752,22.373779857882752,59.88334640838066,0.6412159301089166,5.516410308829694,2.8083542962788424
5016,20260727_isolated_FBs_usual_007_C2_segmentation,77,spore,20.32306913060325,20.32306913060325,47.478020888939504,0.7585502926955239,5.433533299549607,2.6934774284539973
5017,20260727_isolated_FBs_usual_007_C2_segmentation,78,spore,20.5596895991355,20.5596895991355,63.021563185841735,0.5758897149327412,5.124142137252249,2.869577408584776
5018,20260727_isolated_FBs_usual_007_C2_segmentation,79,spore,16.01131837068225,16.01131837068225,48.01137387289512,0.6398694655288458,5.048454414400791,2.5329941629755006
5019,20260727_isolated_FBs_usual_007_C2_segmentation,80,spore,21.95312124715875,21.95312124715875,71.86254969944535,0.5276091919313036,5.577598895439969,3.008728616474817
5020,20260727_isolated_FBs_usual_007_C2_segmentation,81,spore,22.4526533473935,22.4526533473935,55.10473556395878,0.6984580320887991,5.151381954373152,2.9545875198403357
5021,20260727_isolated_FBs_usual_007_C2_segmentation,82,spore,19.534334235495752,19.534334235495752,52.77585981303626,0.6646319527830881,5.42451894708052,2.651995238826475
5022,20260727_isolated_FBs_usual_007_C2_segmentation,83,spore,20.7700189044975,20.7700189044975,57.58610015130674,0.6345381199257248,4.84074666508226,2.984303288350549
5023,20260727_isolated_FBs_usual_007_C2_segmentation,84,spore,22.00570357349925,22.00570357349925,49.972941747544695,0.7599284685993871,5.500089887506556,2.7722516369373422
5024,20260727_isolated_FBs_usual_007_C2_segmentation,85,spore,20.612271925476,20.612271925476,56.20339548328946,0.6468528252959729,4.813548221347504,2.952032136146012
5025,20260727_isolated_FBs_usual_007_C2_segmentation,86,spore,20.3493602937735,20.3493602937735,63.13509084669799,0.570926877707919,5.24503527447193,2.8398029196123242
5026,20260727_isolated_FBs_usual_007_C2_segmentation,87,spore,20.48081610962475,20.48081610962475,67.25227185905787,0.5382805284092191,5.531930584757074,2.5809389993981493
5027,20260727_isolated_FBs_usual_007_C2_segmentation,88,spore,19.6132077250065,19.6132077250065,58.94557584171662,0.5966669673631244,5.152521030993695,2.7944777593178283
5028,20260727_isolated_FBs_usual_007_C2_segmentation,89,spore,21.164386352051253,21.164386352051253,51.92507173392625,0.71259724652737,5.423033713817048,2.7007004187132333
5029,20260727_isolated_FBs_usual_007_C2_segmentation,90,spore,19.981284009390002,19.981284009390002,51.411152756844736,0.6926423540707207,5.423318027841821,2.670460324353294
5030,20260727_isolated_FBs_usual_007_C2_segmentation,91,spore,19.4028784196445,19.4028784196445,51.50375397208127,0.6779890523829863,5.434874519404225,2.6397857924971055
5031,20260727_isolated_FBs_usual_007_C2_segmentation,92,spore,21.90053892081825,21.90053892081825,51.19795385177392,0.7393806055591366,5.502814954171484,2.7651265505605522
5032,20260727_isolated_FBs_usual_007_C2_segmentation,93,spore,19.692081214517252,19.692081214517252,47.88326115097948,0.7364808900167801,5.255742787309782,2.6988065448905045
5033,20260727_isolated_FBs_usual_007_C2_segmentation,94,spore,22.400071021053,22.400071021053,57.2790814901649,0.6708946719933321,5.352273759744959,2.8633912902061165
5034,20260727_isolated_FBs_usual_007_C2_segmentation,95,spore,22.4526533473935,22.4526533473935,62.058265995155686,0.6201969156498949,5.770608198376601,2.866472132413947
5035,20260727_isolated_FBs_usual_007_C2_segmentation,96,spore,21.0855128625405,21.0855128625405,47.94335263450292,0.7698601437603386,5.395552504157403,2.7334071394352137
5036,20260727_isolated_FBs_usual_007_C2_segmentation,97,spore,14.328683927786251,14.328683927786251,36.4035374260898,0.7836907831549252,4.574353423198031,2.4447114256208438
5037,20260727_isolated_FBs_usual_007_C2_segmentation,98,spore,20.69114541498675,20.69114541498675,46.60057878586001,0.7821364077137302,5.319240089961024,2.7258877593844955
5038,20260727_isolated_FBs_usual_007_C2_segmentation,99,spore,20.4545249464545,20.4545249464545,52.16898107067055,0.693316232488169,5.409105679315665,2.6931487974289334
5039,20260727_isolated_FBs_usual_007_C2_segmentation,100,spore,18.1409025874725,18.1409025874725,39.44916464909902,0.846354369526813,4.846823938699485,2.6761815546325702
5040,20260727_isolated_FBs_usual_007_C2_segmentation,101,spore,21.0855128625405,21.0855128625405,71.19623408619785,0.5184217511682456,5.143733221719837,2.7314749351490155
5041,20260727_isolated_FBs_usual_007_C2_segmentation,102,spore,22.32119753154225,22.32119753154225,62.196993202000165,0.6163958815242171,5.733567522223616,2.822830400365351
5042,20260727_isolated_FBs_usual_007_C2_segmentation,103,spore,21.558753799605,21.558753799605,53.86536950211959,0.6954355961084009,5.5705745390439105,2.728493826261573
5044,20260727_isolated_FBs_usual_007_C2_segmentation,105,spore,22.084577063010002,22.084577063010002,56.1857263006202,0.6775128182424847,5.6128315238046484,2.786855405026739
5045,20260727_isolated_FBs_usual_007_C2_segmentation,106,spore,19.1925491142825,19.1925491142825,60.47880180668465,0.57319543086153,5.1876410698653945,2.743615597815751
5046,20260727_isolated_FBs_usual_007_C2_segmentation,107,spore,19.455460745985,19.455460745985,46.9285124261702,0.7454325456121654,5.292955496259177,2.6560638226949225
5047,20260727_isolated_FBs_usual_007_C2_segmentation,108,spore,22.26861520520175,22.26861520520175,49.41666941831028,0.7745916188362002,5.560611213804176,2.7807634999521977
5048,20260727_isolated_FBs_usual_007_C2_segmentation,109,spore,18.9822198089205,18.9822198089205,63.48990302905554,0.5420143600140802,4.576182721606534,2.9866078386438093
5049,20260727_isolated_FBs_usual_007_C2_segmentation,110,spore,19.4028784196445,19.4028784196445,48.8286620334005,0.7151328726929289,5.2865663785838874,2.626787149296334
5050,20260727_isolated_FBs_usual_007_C2_segmentation,111,spore,20.53339843596525,20.53339843596525,55.71616314540866,0.6508438608788786,5.411689113001864,2.722919285425562
5051,20260727_isolated_FBs_usual_007_C2_segmentation,112,spore,20.69114541498675,20.69114541498675,47.34921091427845,0.7697701521349342,5.3915334040137735,2.6822977961149754
5052,20260727_isolated_FBs_usual_007_C2_segmentation,113,spore,20.822601230838,20.822601230838,52.40182922560312,0.6984912956263372,5.422627174543732,2.6490868716107645
5053,20260727_isolated_FBs_usual_007_C2_segmentation,114,spore,21.0855128625405,21.0855128625405,53.59708351731595,0.6886508356303824,4.997325032286232,2.923872226636647
5054,20260727_isolated_FBs_usual_007_C2_segmentation,115,spore,21.0855128625405,21.0855128625405,54.07630914772273,0.6825479943670559,4.780063836571282,2.973656365445879
5055,20260727_isolated_FBs_usual_007_C2_segmentation,116,spore,15.5117862704475,15.5117862704475,39.09307163638702,0.7694118497349953,4.741421283088559,2.496610447954202
5056,20260727_isolated_FBs_usual_007_C2_segmentation,117,spore,14.95967184387225,14.95967184387225,39.72359883437066,0.7391233374135586,4.719156130060001,2.4604002228633495
5057,20260727_isolated_FBs_usual_007_C2_segmentation,118,spore,15.380330454596251,15.380330454596251,39.25299636893688,0.7619417214463728,4.667882714213681,2.490282155792911
5058,20260727_isolated_FBs_usual_007_C2_segmentation,119,spore,15.380330454596251,15.380330454596251,41.52482688566377,0.7202557570589593,4.6962619744089835,2.5099319314802617
5059,20260727_isolated_FBs_usual_007_C2_segmentation,120,spore,14.8807983543615,14.8807983543615,43.66716819899015,0.6700078894978031,4.603231735735206,2.5279232752945697
5060,20260727_isolated_FBs_usual_007_C2_segmentation,121,spore,16.405685818236,16.405685818236,46.0572698625889,0.677925849382811,4.685530877584953,2.634103720399245
5061,20260727_isolated_FBs_usual_007_C2_segmentation,122,spore,12.27797320050675,12.27797320050675,41.659076351624456,0.6178157019817362,4.333324494959006,2.3942886076966055
5062,20260727_isolated_FBs_usual_007_C2_segmentation,123,spore,17.79911746625925,17.79911746625925,39.30760903031912,0.8386996779145762,4.828436592724943,2.665185468378382
5063,20260727_isolated_FBs_usual_007_C2_segmentation,124,spore,15.69582441263925,15.69582441263925,36.70925573268957,0.825843901715334,4.713919179361104,2.5114802782562564
5065,20260727_isolated_FBs_usual_007_C2_segmentation,126,spore,17.90428211894025,17.90428211894025,42.2131012493401,0.7840458733651301,4.972981964617143,2.6281990760830602
5066,20260727_isolated_FBs_usual_007_C2_segmentation,127,spore,17.431041181875752,17.431041181875752,41.4163582495834,0.7849845368881212,4.878222709619001,2.6027309211555694
5067,20260727_isolated_FBs_usual_007_C2_segmentation,128,spore,17.141838387003002,17.141838387003002,41.893735171108226,0.7674321203030776,4.9973253375663145,2.5248112977651194
5068,20260727_isolated_FBs_usual_007_C2_segmentation,129,spore,21.190677515221502,21.190677515221502,62.828304331969036,0.5894206503824404,4.7957699016474304,3.0887697041787487
5069,20260727_isolated_FBs_usual_007_C2_segmentation,130,spore,19.376587256474252,19.376587256474252,51.902309456384714,0.672174914600912,5.004671489656025,2.8198845248706332
5070,20260727_isolated_FBs_usual_007_C2_segmentation,131,spore,18.403814219175,18.403814219175,41.12090272757072,0.8197725615221274,4.858083451341599,2.6708120415979404
5071,20260727_isolated_FBs_usual_007_C2_segmentation,132,spore,21.00663937302975,21.00663937302975,54.59041210263064,0.6744329887445404,5.005732701776885,2.919482948513227
5072,20260727_isolated_FBs_usual_007_C2_segmentation,133,spore,16.90521791847075,16.90521791847075,38.05487026727783,0.8370557699378756,4.779773604886045,2.6089302920080906
5073,20260727_isolated_FBs_usual_007_C2_segmentation,134,spore,12.8826699534225,12.8826699534225,34.326022671204996,0.7742203099335501,4.461603416416212,2.369590173742874
5074,20260727_isolated_FBs_usual_007_C2_segmentation,135,spore,24.26674360614075,24.26674360614075,50.15804897852932,0.8081360681774578,5.18552083552416,3.02956400697331
5075,20260727_isolated_FBs_usual_007_C2_segmentation,136,spore,17.37845885553525,17.37845885553525,39.19180670651444,0.8278716550260137,4.846214648845612,2.574798884861783
5076,20260727_isolated_FBs_usual_007_C2_segmentation,137,spore,18.2460672401535,18.2460672401535,42.41314398021208,0.7902475747273233,5.130250250363277,2.6088712967581476
5077,20260727_isolated_FBs_usual_007_C2_segmentation,138,spore,12.199099710996,12.199099710996,32.297269994470255,0.7934815465624954,4.461227468727746,2.2699087817405235
5078,20260727_isolated_FBs_usual_007_C2_segmentation,139,spore,18.482687708685752,18.482687708685752,43.662510344475564,0.7742576528219417,5.073015549049231,2.643773091928427
5081,20260727_isolated_FBs_usual_007_C2_segmentation,142,spore,21.00663937302975,21.00663937302975,54.16678707190525,0.6797075621690237,5.111654037814202,2.8775257564863717
5082,20260727_isolated_FBs_usual_007_C2_segmentation,143,spore,8.7812484988635,8.7812484988635,32.54381057958503,0.6324893724854449,3.6153009760153405,2.2841022752981828
5083,20260727_isolated_FBs_usual_007_C2_segmentation,144,spore,15.143709986064,15.143709986064,41.57486979305945,0.7119914024084623,4.506270443595224,2.4951643157688634
5084,20260727_isolated_FBs_usual_007_C2_segmentation,145,spore,17.64137048723775,17.64137048723775,44.600686734893586,0.7347915034927058,5.114524082556967,2.5402687098674495
5085,20260727_isolated_FBs_usual_007_C2_segmentation,146,spore,16.379394655065752,16.379394655065752,37.658908773773234,0.8282249152512677,4.830420241663979,2.5511354252831007
5086,20260727_isolated_FBs_usual_007_C2_segmentation,147,spore,16.984091407981502,16.984091407981502,39.858604486603824,0.8016600612328239,4.844840308702656,2.588420497602127
5087,20260727_isolated_FBs_usual_007_C2_segmentation,148,spore,15.59065975995825,15.59065975995825,43.838157675994594,0.6884538390297565,4.7364786536256815,2.5719234452768243
5088,20260727_isolated_FBs_usual_007_C2_segmentation,149,spore,17.877990955770002,17.877990955770002,41.13214081980418,0.8038628392161007,4.986249961487524,2.6189769376924863
5089,20260727_isolated_FBs_usual_007_C2_segmentation,150,spore,22.400071021053,22.400071021053,57.58583501980161,0.667320888465184,4.991315614496558,2.981617598331561
5090,20260727_isolated_FBs_usual_007_C2_segmentation,151,spore,20.585980762305752,20.585980762305752,53.36023769468713,0.6807391751068119,4.669839254563827,2.9852682511893143
5091,20260727_isolated_FBs_usual_007_C2_segmentation,152,spore,15.9324448811715,15.9324448811715,36.89454178632721,0.8299341208473804,4.759237190214261,2.5019343232484648
5092,20260727_isolated_FBs_usual_007_C2_segmentation,153,spore,15.48549510727725,15.48549510727725,36.91112412058719,0.8139734691537585,4.711171624455738,2.5295192818321213
5093,20260727_isolated_FBs_usual_007_C2_segmentation,154,spore,22.42636218422325,22.42636218422325,61.164795536980854,0.6287651811769227,4.971668058230073,3.0304715277064367
5094,20260727_isolated_FBs_usual_007_C2_segmentation,155,spore,17.32587652919475,17.32587652919475,39.27193566683884,0.8245151252183394,4.780916134939003,2.6238633846806447
5095,20260727_isolated_FBs_usual_007_C2_segmentation,156,spore,22.531526836904252,22.531526836904252,60.59857301464847,0.6366227320268516,4.914546687548038,3.0981998628522778
5096,20260727_isolated_FBs_usual_007_C2_segmentation,157,spore,15.27516580191525,15.27516580191525,36.11183019378478,0.8244390993513112,4.669713315793048,2.4674776549518027
5097,20260727_isolated_FBs_usual_007_C2_segmentation,158,spore,12.093935058315001,12.093935058315001,33.89083381126122,0.751819568535515,4.1801459553590705,2.3284047797796386
5098,20260727_isolated_FBs_usual_007_C2_segmentation,159,spore,10.7793768998025,10.7793768998025,33.26056374033223,0.7094965534245937,4.006428769460537,2.271001126799053
5099,20260727_isolated_FBs_usual_007_C2_segmentation,160,spore,25.081769664418502,25.081769664418502,50.592071643064195,0.8190437702892528,5.177422144485344,3.057561502115315
5100,20260727_isolated_FBs_usual_007_C2_segmentation,161,spore,11.69956761076125,11.69956761076125,39.28042195368902,0.6344847494361477,4.453047699304783,2.3151992691869223
5101,20260727_isolated_FBs_usual_007_C2_segmentation,162,spore,15.748406738979751,15.748406738979751,38.00042240652747,0.7995643993875612,4.721883858486667,2.5449339430604874
5102,20260727_isolated_FBs_usual_007_C2_segmentation,163,spore,14.59159555948875,14.59159555948875,43.96531904836738,0.656814025132849,4.550947033451912,2.5484715600552543
5103,20260727_isolated_FBs_usual_007_C2_segmentation,164,spore,19.58691656183625,19.58691656183625,80.76633640529371,0.43507532818756256,5.108307885368778,3.117977681648269
5104,20260727_isolated_FBs_usual_007_C2_segmentation,165,spore,11.69956761076125,11.69956761076125,32.43927345184662,0.7682918274365296,3.8719023721936074,2.4533222386270936
5105,20260727_isolated_FBs_usual_007_C2_segmentation,166,spore,6.33617032403025,6.33617032403025,19.77861651938675,0.8372197081196853,3.2337752227383185,1.8992005828746832
5124,20260727_isolated_FBs_usual_007_C2_segmentation,185,spore,5.33710612356075,5.33710612356075,31.821456822278414,0.464124639807749,4.120972917406906,1.4305119001777025
5128,20260727_isolated_FBs_usual_007_C2_segmentation,1,vc,25.344681296121,25.344681296121,226.08951749587249,0.18455603607579885,8.656967298523771,4.070427225299971
5393,20260729_isolated_FBs_200_microL_001_C2_segmentation,3,spore,20.2441956410925,20.2441956410925,63.22766934402749,0.5681250884590889,5.084022749674092,2.2581172852183733
5394,20260729_isolated_FBs_200_microL_001_C2_segmentation,4,spore,17.90428211894025,17.90428211894025,51.237084870551854,0.6459580579205003,4.373331844450364,2.8590812065829256
5395,20260729_isolated_FBs_200_microL_001_C2_segmentation,5,spore,6.204714508179,6.204714508179,22.5177685268614,0.7251702457293259,3.4013753277332732,1.7559721025914885
5396,20260729_isolated_FBs_200_microL_001_C2_segmentation,6,spore,18.771890503558502,18.771890503558502,59.59302198694836,0.573183997225512,5.612000720941547,2.48752269327351
5397,20260729_isolated_FBs_200_microL_001_C2_segmentation,7,spore,11.17374434735625,11.17374434735625,35.70931299833231,0.6768645721115281,4.4495984244257265,2.1436725671687955
5398,20260729_isolated_FBs_200_microL_001_C2_segmentation,8,spore,24.319325932481252,24.319325932481252,101.15221467835283,0.40130670639186605,7.5492642066481945,2.648567866641933
5400,20260729_isolated_FBs_200_microL_001_C2_segmentation,10,spore,16.694888613108752,16.694888613108752,37.75064855908646,0.8367878990005992,4.697240428175741,2.58525798457071
5402,20260729_isolated_FBs_200_microL_001_C2_segmentation,12,spore,15.301456965085501,15.301456965085501,38.38208936427078,0.7765642063220926,4.1303626583327695,2.655395417689815
5403,20260729_isolated_FBs_200_microL_001_C2_segmentation,13,spore,16.58972396042775,16.58972396042775,41.44735667715922,0.7589503971254375,4.625335229975352,2.629085781528922
5404,20260729_isolated_FBs_200_microL_001_C2_segmentation,14,spore,15.4066216177665,15.4066216177665,43.990556198675066,0.6806590383318328,4.5170902225000455,2.5868922083339574
5405,20260729_isolated_FBs_200_microL_001_C2_segmentation,15,spore,7.203778708648501,7.203778708648501,29.588494832598055,0.6096325683597292,3.791739179084469,1.9705975995693674
5411,20260729_isolated_FBs_200_microL_001_C2_segmentation,21,spore,16.694888613108752,16.694888613108752,41.38556869175338,0.763292299519918,5.330992698188521,2.4996111769100113
5412,20260729_isolated_FBs_200_microL_001_C2_segmentation,22,spore,16.16906534970375,16.16906534970375,41.21062294616414,0.7503517318592666,4.546437336324483,2.581604175422657
5413,20260729_isolated_FBs_200_microL_001_C2_segmentation,23,spore,12.0413527319745,12.0413527319745,32.983934181501425,0.7702502625174853,4.447837145557244,2.17778929287428
5417,20260729_isolated_FBs_200_microL_001_C2_segmentation,27,spore,8.96528664105525,8.96528664105525,28.793983322149614,0.7248116447732263,3.5067392220529587,2.1638381976612795
5419,20260729_isolated_FBs_200_microL_001_C2_segmentation,29,spore,15.354039291426,15.354039291426,38.68888861679185,0.7721700782781091,4.4730832124213125,2.569103053975261
5422,20260729_isolated_FBs_200_microL_001_C2_segmentation,32,spore,5.179359144539251,5.179359144539251,19.418409807965702,0.7455117281827672,2.7980977598240186,1.8760731056966102
5423,20260729_isolated_FBs_200_microL_001_C2_segmentation,33,spore,9.5174010676305,9.5174010676305,31.00310321989155,0.7005264520246666,4.278960370475621,2.0487949183026717
5424,20260729_isolated_FBs_200_microL_001_C2_segmentation,34,spore,13.85544299072175,13.85544299072175,47.68327078908982,0.5850572478494855,3.576110004923226,2.867400006045219
5427,20260729_isolated_FBs_200_microL_001_C2_segmentation,37,spore,7.2826521981592505,7.2826521981592505,31.517236290708784,0.5764952188514018,2.865382568836146,2.289095944627416
5429,20260729_isolated_FBs_200_microL_001_C2_segmentation,39,spore,12.5671759953795,12.5671759953795,60.31600537134717,0.43338780306417457,3.6848112659950747,2.6726626672692197
5430,20260729_isolated_FBs_200_microL_001_C2_segmentation,40,spore,14.72305137534,14.72305137534,76.25159832872444,0.3809784331759023,5.610168840237137,2.4011021921100486
5434,20260729_isolated_FBs_200_microL_001_C2_segmentation,44,spore,9.044160130566,9.044160130566,51.252380868721154,0.4095895882775539,4.1758067427535055,2.128888166378872
5435,20260729_isolated_FBs_200_microL_001_C2_segmentation,45,spore,16.3531034918955,16.3531034918955,42.57122936830429,0.731871309988187,4.157219941393705,2.7879422103334646
5436,20260729_isolated_FBs_200_microL_001_C2_segmentation,46,spore,20.270486804262752,20.270486804262752,65.23430976132596,0.5511259223978111,5.132309971320151,2.7083646573773046
5437,20260729_isolated_FBs_200_microL_001_C2_segmentation,47,spore,9.17561594641725,9.17561594641725,64.97579447089163,0.32620404674928566,5.860738768371604,2.213884118778916
5438,20260729_isolated_FBs_200_microL_001_C2_segmentation,48,spore,10.80566806297275,10.80566806297275,36.429409622675585,0.6488332133102018,3.5923731644046737,2.365041313293765
5439,20260729_isolated_FBs_200_microL_001_C2_segmentation,49,spore,5.9418028764765,5.9418028764765,46.19716128856396,0.34341109920352686,3.6905469099243096,2.2267885333422246
5441,20260729_isolated_FBs_200_microL_001_C2_segmentation,51,spore,14.90708951753175,14.90708951753175,66.29963114086718,0.4418093662442019,5.1189036211818175,2.579046993726996
5443,20260729_isolated_FBs_200_microL_001_C2_segmentation,53,spore,23.031058937139,23.031058937139,75.15359371801877,0.5208871490565036,7.267904408984415,2.4910063738466683
5444,20260729_isolated_FBs_200_microL_001_C2_segmentation,54,spore,20.585980762305752,20.585980762305752,66.8806651030223,0.5431226519029227,5.41999804395729,2.2216625162588697
5445,20260729_isolated_FBs_200_microL_001_C2_segmentation,55,spore,15.32774812825575,15.32774812825575,50.109073697213304,0.5955067019032727,3.9389147930699724,2.776412179293892
5446,20260729_isolated_FBs_200_microL_001_C2_segmentation,56,spore,14.8807983543615,14.8807983543615,42.223203428576085,0.6929210677925494,3.6194015616721438,2.874038632053751
5447,20260729_isolated_FBs_200_microL_001_C2_segmentation,57,spore,16.11648302336325,16.11648302336325,40.84000741828209,0.7555186027513251,4.568553832485542,2.5754422445468794
5448,20260729_isolated_FBs_200_microL_001_C2_segmentation,58,spore,14.64417788582925,14.64417788582925,41.37990873443728,0.6995271792989755,4.395704482433635,2.5226376333181966
5449,20260729_isolated_FBs_200_microL_001_C2_segmentation,59,spore,16.74747093944925,16.74747093944925,61.45420007031598,0.5151084921265111,4.508542618885914,2.819314299350556
5450,20260729_isolated_FBs_200_microL_001_C2_segmentation,60,spore,8.28171639862875,8.28171639862875,30.618743714058525,0.646512599580989,3.328238626523482,2.167370093586726
5451,20260729_isolated_FBs_200_microL_001_C2_segmentation,61,spore,5.678891244774,5.678891244774,39.37529660604149,0.3909332896189556,2.645468043593526,2.2117260038401407
5453,20260729_isolated_FBs_200_microL_001_C2_segmentation,63,spore,11.121162021015751,11.121162021015751,28.201966295051868,0.8543546362897761,3.6254062918988916,2.3694628903234527
5457,20260729_isolated_FBs_200_microL_001_C2_segmentation,67,spore,14.486430906807751,14.486430906807751,90.8181635356689,0.31643584629798877,7.299915927123149,2.5819539622634218
5458,20260729_isolated_FBs_200_microL_001_C2_segmentation,68,spore,12.80379646391175,12.80379646391175,35.20468814801329,0.751812364698051,4.4351687165474845,2.3107757366376926
5459,20260729_isolated_FBs_200_microL_001_C2_segmentation,69,spore,16.931509081641,16.931509081641,47.65600255532881,0.6691091353901633,4.165654409438367,2.753425007028208
5460,20260729_isolated_FBs_200_microL_001_C2_segmentation,70,spore,8.123969419607251,8.123969419607251,34.42056099215266,0.5677777466300773,2.9485461289855297,2.4058235188461294
5461,20260729_isolated_FBs_200_microL_001_C2_segmentation,71,spore,18.3512318928345,18.3512318928345,47.21214737028184,0.7126460011021247,5.198193479434683,2.574508746278125
5463,20260729_isolated_FBs_200_microL_001_C2_segmentation,73,spore,16.247938839214502,16.247938839214502,43.2267369070656,0.717679468573144,4.049881324107273,2.7764389402772176
5464,20260729_isolated_FBs_200_microL_001_C2_segmentation,74,spore,13.566240195849,13.566240195849,50.318253026640065,0.5466779677400665,4.3158037786827315,2.6090547169755545
5465,20260729_isolated_FBs_200_microL_001_C2_segmentation,75,spore,17.0892560606625,17.0892560606625,49.46172268643913,0.6486797257298312,5.03663389718083,2.676425310378213
5466,20260729_isolated_FBs_200_microL_001_C2_segmentation,76,spore,25.16064315392925,25.16064315392925,83.48076016140985,0.4974073766682185,5.827512827671585,2.3231682804040124
5467,20260729_isolated_FBs_200_microL_001_C2_segmentation,77,spore,11.568111794910001,11.568111794910001,30.150077048510227,0.8204220979554817,3.894788772437571,2.393689450140837
5468,20260729_isolated_FBs_200_microL_001_C2_segmentation,78,spore,17.746535139918752,17.746535139918752,104.4774578221901,0.31492265927151336,6.151714583953623,2.3521971540136137
5469,20260729_isolated_FBs_200_microL_001_C2_segmentation,79,spore,13.066708095614251,13.066708095614251,36.2914303286921,0.7392491472916582,3.685149841308222,2.501970307776008
5470,20260729_isolated_FBs_200_microL_001_C2_segmentation,80,spore,10.4638829417595,10.4638829417595,31.481716078009793,0.7348876940577818,3.897531451240808,2.1859557900008286
5471,20260729_isolated_FBs_200_microL_001_C2_segmentation,81,spore,12.2516820373365,12.2516820373365,42.5442569869376,0.6040974362749691,4.093844432781533,2.143563777732474
5473,20260729_isolated_FBs_200_microL_001_C2_segmentation,83,spore,7.44039917718075,7.44039917718075,40.61019131383499,0.45385094745351007,3.7041717528284503,2.368882391446449
5474,20260729_isolated_FBs_200_microL_001_C2_segmentation,84,spore,22.7681473054365,22.7681473054365,91.72863915004348,0.4235106171711671,4.691037455924216,3.2341860903508586
5475,20260729_isolated_FBs_200_microL_001_C2_segmentation,85,spore,15.1962923124045,15.1962923124045,48.744165244519834,0.6086765631372628,4.026991190514168,2.782819127618912
5476,20260729_isolated_FBs_200_microL_001_C2_segmentation,86,spore,18.11461142430225,18.11461142430225,70.73304330025766,0.4715717663289782,5.808435948962338,2.7415883442124716
5477,20260729_isolated_FBs_200_microL_001_C2_segmentation,87,spore,17.457332345046,17.457332345046,44.74582869966271,0.7273054167225522,3.7541717356353015,2.9727101700298517
5479,20260729_isolated_FBs_200_microL_001_C2_segmentation,89,spore,14.06577229608375,14.06577229608375,35.633821792476425,0.7907953540068584,4.340246311983949,2.470206206817652
5480,20260729_isolated_FBs_200_microL_001_C2_segmentation,90,spore,13.01412576927375,13.01412576927375,31.176042129827195,0.8582355061178938,3.616690641463293,2.6076297655838068
5481,20260729_isolated_FBs_200_microL_001_C2_segmentation,91,spore,8.6760838461825,8.6760838461825,24.327174728915598,0.8393471310346666,3.462805219183521,2.1712245833008437
5482,20260729_isolated_FBs_200_microL_001_C2_segmentation,92,spore,8.07138709326675,8.07138709326675,23.547415982498023,0.8263670380698263,3.1264112952996186,2.184704983461498
5483,20260729_isolated_FBs_200_microL_001_C2_segmentation,93,spore,16.90521791847075,16.90521791847075,51.21281758630589,0.6219936772230994,4.270182179348269,2.845865737820586
5484,20260729_isolated_FBs_200_microL_001_C2_segmentation,94,spore,16.405685818236,16.405685818236,46.44032386726286,0.6723341094927036,4.428029955711304,2.6954628094174087
5485,20260729_isolated_FBs_200_microL_001_C2_segmentation,95,spore,17.85169979259975,17.85169979259975,40.68524587819205,0.8118956777834161,4.645124605908369,2.6753290218130514
5486,20260729_isolated_FBs_200_microL_001_C2_segmentation,96,spore,14.43384858046725,14.43384858046725,40.747855815777044,0.7035594386398075,3.549021777452168,2.7892025143965813
5488,20260729_isolated_FBs_200_microL_001_C2_segmentation,98,spore,9.07045129373625,9.07045129373625,28.331634154279428,0.7423894013560028,3.5236868940946025,2.101210457077997
5489,20260729_isolated_FBs_200_microL_001_C2_segmentation,99,spore,15.48549510727725,15.48549510727725,35.93348333204936,0.8361192115210895,4.524242798246277,2.544653466566637
5490,20260729_isolated_FBs_200_microL_001_C2_segmentation,100,spore,13.67140484853,13.67140484853,37.48881309019395,0.7375495401169361,4.46400643985968,2.398506717681932
5491,20260729_isolated_FBs_200_microL_001_C2_segmentation,101,spore,6.3624614872005,6.3624614872005,22.151333444728497,0.7496082556349066,3.0752579000506066,1.8540684443922009
5492,20260729_isolated_FBs_200_microL_001_C2_segmentation,102,spore,6.12584101866825,6.12584101866825,22.263281984571996,0.727230500400007,3.25225693218889,1.8201831614588808
5493,20260729_isolated_FBs_200_microL_001_C2_segmentation,103,spore,12.093935058315001,12.093935058315001,49.48479111208775,0.514901477417114,3.931784602538571,2.6602573568819325
5494,20260729_isolated_FBs_200_microL_001_C2_segmentation,104,spore,5.573726592093,5.573726592093,39.33777111714572,0.3864602374304975,3.3298568506797546,2.1120315495969435
5495,20260729_isolated_FBs_200_microL_001_C2_segmentation,105,spore,17.772826303089,17.772826303089,40.05866549445538,0.8221643567926625,3.7712299897194663,2.979669122279014
5496,20260729_isolated_FBs_200_microL_001_C2_segmentation,106,spore,15.748406738979751,15.748406738979751,43.514213005798325,0.698249671064948,3.5790145292261073,2.9326498059887953
5497,20260729_isolated_FBs_200_microL_001_C2_segmentation,107,spore,15.7221155758095,15.7221155758095,39.28396428600651,0.7725788354690312,4.3348154389262366,2.6148687524265855
5498,20260729_isolated_FBs_200_microL_001_C2_segmentation,108,spore,7.36152568767,7.36152568767,28.425548561617326,0.64380422810143,3.302167094062908,2.1293402411297104
5499,20260729_isolated_FBs_200_microL_001_C2_segmentation,109,spore,16.721179776279,16.721179776279,43.918135915013934,0.7200315118323696,4.30992776217778,2.733773223651122
5500,20260729_isolated_FBs_200_microL_001_C2_segmentation,110,spore,14.486430906807751,14.486430906807751,36.08179280241842,0.7964715776460067,4.2642519802984005,2.5350241638855415
5503,20260729_isolated_FBs_200_microL_001_C2_segmentation,113,spore,15.69582441263925,15.69582441263925,47.61565795127417,0.6366837357235153,3.8624054672498054,2.8855695828189662
5504,20260729_isolated_FBs_200_microL_001_C2_segmentation,114,spore,11.883605752953,11.883605752953,32.330437974127236,0.7789412325408999,4.36033229597585,2.2344484189657177
5505,20260729_isolated_FBs_200_microL_001_C2_segmentation,115,spore,9.622565720311501,9.622565720311501,38.04137366624978,0.57511565687704,3.615428621876607,2.3300724599818228
5506,20260729_isolated_FBs_200_microL_001_C2_segmentation,116,spore,10.2535536363975,10.2535536363975,27.537527283542666,0.8288490723483466,3.4878551068179418,2.2764381488022876
5510,20260729_isolated_FBs_200_microL_001_C2_segmentation,120,spore,13.723987174870501,13.723987174870501,37.58379037697398,0.7375708590242832,3.4964405479380964,2.7917283862634763
5511,20260729_isolated_FBs_200_microL_001_C2_segmentation,121,spore,12.69863181123075,12.69863181123075,31.797602448756066,0.8278043484669269,3.60043846647433,2.514161247565305
5512,20260729_isolated_FBs_200_microL_001_C2_segmentation,122,spore,16.3531034918955,16.3531034918955,37.18446523373673,0.8378945672538707,4.604902522035367,2.5309408771735313
5513,20260729_isolated_FBs_200_microL_001_C2_segmentation,123,spore,15.038545333383,15.038545333383,39.4413871466122,0.7470261935918084,4.561109678934699,2.4911353628639503
5514,20260729_isolated_FBs_200_microL_001_C2_segmentation,124,spore,13.69769601170025,13.69769601170025,34.78135498166014,0.7959808941089038,4.172216785335611,2.4086156311302327
5515,20260729_isolated_FBs_200_microL_001_C2_segmentation,125,spore,14.22351927510525,14.22351927510525,33.05932477326092,0.8587396635303098,3.65139049319759,2.735086521836026
5516,20260729_isolated_FBs_200_microL_001_C2_segmentation,126,spore,16.11648302336325,16.11648302336325,37.33246574763942,0.8265027429366962,4.686046106696896,2.540528154856027
5518,20260729_isolated_FBs_200_microL_001_C2_segmentation,128,spore,13.566240195849,13.566240195849,31.75884481428132,0.8661486419198815,3.582732903254031,2.636102239133133
5520,20260729_isolated_FBs_200_microL_001_C2_segmentation,130,spore,10.38500945224875,10.38500945224875,26.494495707485633,0.8688265109489756,3.5883330007726615,2.3339077630237246
5521,20260729_isolated_FBs_200_microL_001_C2_segmentation,131,spore,12.462011342698501,12.462011342698501,30.62375000408067,0.8488243870662969,3.6459916523716305,2.513325346242568
5524,20260729_isolated_FBs_200_microL_001_C2_segmentation,134,spore,9.64885688348175,9.64885688348175,26.331801179243364,0.8323783972536403,3.5585312960601794,2.2480003073604804
5525,20260729_isolated_FBs_200_microL_001_C2_segmentation,135,spore,14.828216028021,14.828216028021,34.95203200262781,0.8350983613109327,3.7621881114766023,2.717168729111859
5526,20260729_isolated_FBs_200_microL_001_C2_segmentation,136,spore,10.726794573462,10.726794573462,30.34658328922633,0.7750938645382358,3.8849665585926183,2.306392099008133
5527,20260729_isolated_FBs_200_microL_001_C2_segmentation,137,spore,13.67140484853,13.67140484853,33.759554038389446,0.8190231666792894,3.7012191239151244,2.6138582915004127
5528,20260729_isolated_FBs_200_microL_001_C2_segmentation,138,spore,11.59440295808025,11.59440295808025,33.936218303049145,0.7299945306590262,3.8995324054738703,2.3589991254051172
5529,20260729_isolated_FBs_200_microL_001_C2_segmentation,139,spore,7.782184298394,7.782184298394,33.506823510375696,0.5667852514455498,2.884336633003499,2.3190912686551
5532,20260729_isolated_FBs_200_microL_001_C2_segmentation,142,spore,12.830087627082001,12.830087627082001,30.661930450309583,0.8643793412111382,3.5779170376699225,2.570328332736618
5533,20260729_isolated_FBs_200_microL_001_C2_segmentation,143,spore,9.5174010676305,9.5174010676305,25.263449511741378,0.8596804601165534,3.580050730429861,2.2118796740487006
5534,20260729_isolated_FBs_200_microL_001_C2_segmentation,144,spore,11.96247924246375,11.96247924246375,29.198354333005707,0.8663097748074767,3.6009804886215107,2.4231865933304158
5535,20260729_isolated_FBs_200_microL_001_C2_segmentation,145,spore,5.994385202817,5.994385202817,24.75321246195126,0.6446871096374971,3.2344274403601094,1.8419789199992558
5536,20260729_isolated_FBs_200_microL_001_C2_segmentation,146,spore,12.7775053007415,12.7775053007415,31.64892218117719,0.8351335156530746,4.028657602052188,2.4242274565987447
5537,20260729_isolated_FBs_200_microL_001_C2_segmentation,147,spore,15.012254170212751,15.012254170212751,41.989167465236775,0.7008807518438787,3.72363656421374,2.7693379481923444
5539,20260729_isolated_FBs_200_microL_001_C2_segmentation,149,spore,13.67140484853,13.67140484853,31.755740924484765,0.8707041955013347,3.606836490606935,2.6486087587292753
5541,20260729_isolated_FBs_200_microL_001_C2_segmentation,151,spore,15.80098906532025,15.80098906532025,37.20506018996457,0.8184741383150166,3.7735717391390784,2.8220792635744467
5542,20260729_isolated_FBs_200_microL_001_C2_segmentation,152,spore,15.301456965085501,15.301456965085501,36.265649052730936,0.8218840016018977,3.908880236117254,2.717651096296339
5543,20260729_isolated_FBs_200_microL_001_C2_segmentation,153,spore,13.11929042195475,13.11929042195475,32.69886458594249,0.8226687791206215,4.135438402048414,2.434585040379284
5546,20260729_isolated_FBs_200_microL_001_C2_segmentation,156,spore,9.5174010676305,9.5174010676305,25.259221912402907,0.8598243435883836,3.5315010337254362,2.184644076170626
5547,20260729_isolated_FBs_200_microL_001_C2_segmentation,157,spore,9.622565720311501,9.622565720311501,34.98033471113288,0.6254425460831052,3.8507071156668835,2.2335779649577363
5548,20260729_isolated_FBs_200_microL_001_C2_segmentation,158,spore,9.28078059909825,9.28078059909825,25.018729366895116,0.8536408950254295,3.4706406008062944,2.1807600309739885
5550,20260729_isolated_FBs_200_microL_001_C2_segmentation,160,spore,16.22164767604425,16.22164767604425,39.05132442413105,0.7935573771280586,4.025246485975664,2.777179883945872
5552,20260729_isolated_FBs_200_microL_001_C2_segmentation,162,spore,9.22819827275775,9.22819827275775,32.2795288678388,0.6591256537384338,3.146122780626541,2.421190493430976
5553,20260729_isolated_FBs_200_microL_001_C2_segmentation,163,spore,15.827280228490501,15.827280228490501,36.49856659373892,0.8352423569793478,4.010926826546636,2.7190708946904243
5556,20260729_isolated_FBs_200_microL_001_C2_segmentation,166,spore,6.2310056713492505,6.2310056713492505,19.411780776889447,0.8435759262530604,3.3457851514741623,1.7206408701657874
5573,20260729_isolated_FBs_200_microL_001_C2_segmentation,3,vc,7.44039917718075,7.44039917718075,84.60468181785362,0.21784815459424064,7.027100237944355,3.175923072607302
5600,20260729_isolated_FBs_200_microL_001_C2_segmentation,30,vc,17.1944207133435,17.1944207133435,139.8418071614718,0.23037682893500286,6.518027438519734,2.881806573900968
5603,20260729_isolated_FBs_200_microL_001_C2_segmentation,33,vc,12.409429016358,12.409429016358,109.81595237457871,0.23604051757952102,8.905705016767143,2.3053720513930847
5606,20260729_isolated_FBs_200_microL_001_C2_segmentation,36,vc,24.030123137608502,24.030123137608502,181.93901457322158,0.22134121208967877,6.961904446257576,2.884769090837882
5613,20260729_isolated_FBs_200_microL_001_C2_segmentation,43,vc,6.07325869232775,6.07325869232775,64.2163307941073,0.25068007981482543,5.198317602571743,3.5692266709024247
5631,20260729_isolated_FBs_200_microL_001_C2_segmentation,61,vc,11.22632667369675,11.22632667369675,89.66765853886929,0.27040003627763426,5.740264647848592,2.2264147535722905
5633,20260729_isolated_FBs_200_microL_001_C2_segmentation,63,vc,7.44039917718075,7.44039917718075,83.76560922006075,0.22003032002826214,6.453160732331562,2.1569016065778186
5654,20260729_isolated_FBs_200_microL_001_C2_segmentation,84,vc,6.28358799768975,6.28358799768975,68.22106086504394,0.2413815788088895,5.06370372431151,3.5326810331163228
5773,20260729_isolated_FBs_200_microL_002_C2_segmentation,2,spore,13.776569501211,13.776569501211,33.26389486126067,0.8354845377907607,4.096502105313145,2.4499626168256006
5774,20260729_isolated_FBs_200_microL_002_C2_segmentation,3,spore,13.64511368535975,13.64511368535975,36.92491205661688,0.7478527479226285,4.209887234793905,2.4585446537985223
5775,20260729_isolated_FBs_200_microL_002_C2_segmentation,4,spore,20.139030988411502,20.139030988411502,60.41205573957973,0.5925425700552642,5.275987054175005,2.586201379802971
5776,20260729_isolated_FBs_200_microL_002_C2_segmentation,5,spore,15.248874638745,15.248874638745,49.602664978799076,0.5995208759631346,4.034766239570314,2.783439898957937
5777,20260729_isolated_FBs_200_microL_002_C2_segmentation,6,spore,27.8160506341245,27.8160506341245,87.3432738399143,0.5082978862080444,6.207066152666139,3.0690382838453925
5780,20260729_isolated_FBs_200_microL_002_C2_segmentation,9,spore,15.827280228490501,15.827280228490501,39.84758332100151,0.765043855797777,4.418845627493898,2.5925200158933106
5781,20260729_isolated_FBs_200_microL_002_C2_segmentation,10,spore,16.95780024481125,16.95780024481125,38.65137794919736,0.8258455250100984,3.7070918121050087,2.9683066184369378
5782,20260729_isolated_FBs_200_microL_002_C2_segmentation,11,spore,12.6723406480605,12.6723406480605,32.10738674043127,0.8186854231386047,4.255247854661221,2.363543291253541
5783,20260729_isolated_FBs_200_microL_002_C2_segmentation,12,spore,18.2460672401535,18.2460672401535,42.37076302638769,0.7910380123683328,4.653652987954374,2.686741128338401
5784,20260729_isolated_FBs_200_microL_002_C2_segmentation,13,spore,5.705182407944251,5.705182407944251,19.976918876014487,0.772921357700605,2.5445517277560947,1.969537523846774
5785,20260729_isolated_FBs_200_microL_002_C2_segmentation,14,spore,11.80473226344225,11.80473226344225,34.10212757611967,0.7352021088057499,4.149880802340786,2.334698409973779
5786,20260729_isolated_FBs_200_microL_002_C2_segmentation,15,spore,7.96622244058575,7.96622244058575,27.014215879860306,0.7140468556288609,3.8850955296368035,1.9468603365363804
5787,20260729_isolated_FBs_200_microL_002_C2_segmentation,16,spore,11.06857969467525,11.06857969467525,28.504495843710092,0.8426205074465832,3.4942629993758514,2.2148772940554546
5788,20260729_isolated_FBs_200_microL_002_C2_segmentation,17,spore,10.27984479956775,10.27984479956775,36.19754124286996,0.6316300131082162,4.236281768223365,2.193891288866137
5789,20260729_isolated_FBs_200_microL_002_C2_segmentation,18,spore,16.694888613108752,16.694888613108752,38.684040406798964,0.816597376113689,4.67288618768889,2.6002950389125066
5790,20260729_isolated_FBs_200_microL_002_C2_segmentation,19,spore,10.884541552483501,10.884541552483501,36.88068560811297,0.6440089451226089,4.280073596150131,2.2776735609376835
5791,20260729_isolated_FBs_200_microL_002_C2_segmentation,20,spore,17.16812955017325,17.16812955017325,38.50383835741998,0.835850782862729,4.778943835989263,2.5698793022284936
5792,20260729_isolated_FBs_200_microL_002_C2_segmentation,21,spore,17.983155608451,17.983155608451,53.19535408617422,0.6240044525942393,4.681560919099431,2.548082644286315
5793,20260729_isolated_FBs_200_microL_002_C2_segmentation,22,spore,22.58410916324475,22.58410916324475,45.08832225282126,0.8569497544153207,4.797368620549342,2.9956319775931877
5794,20260729_isolated_FBs_200_microL_002_C2_segmentation,23,spore,16.195356512874,16.195356512874,36.54976728665735,0.8469540520647695,4.718720526824424,2.5079279670515224
5795,20260729_isolated_FBs_200_microL_002_C2_segmentation,24,spore,14.1446457855945,14.1446457855945,36.485832556068054,0.7752133585666253,4.22683857922081,2.5278565907467168
5796,20260729_isolated_FBs_200_microL_002_C2_segmentation,25,spore,17.352167692365,17.352167692365,39.93207750118083,0.8117046673713606,4.801717646207234,2.6165492823709946
5797,20260729_isolated_FBs_200_microL_002_C2_segmentation,26,spore,13.1981639114655,13.1981639114655,37.51875728697396,0.7198544458592689,4.307580703281959,2.584175316746343
5798,20260729_isolated_FBs_200_microL_002_C2_segmentation,27,spore,7.23006987181875,7.23006987181875,43.45302365852163,0.41612689449804924,4.266000300128128,1.822936485174861
5799,20260729_isolated_FBs_200_microL_002_C2_segmentation,28,spore,13.277037400976251,13.277037400976251,39.003253968656765,0.6952122286614513,4.430043386212225,2.3060124125945767
5800,20260729_isolated_FBs_200_microL_002_C2_segmentation,29,spore,13.11929042195475,13.11929042195475,36.95713239666186,0.7278793906092561,4.426893457666264,2.365249889957139
5801,20260729_isolated_FBs_200_microL_002_C2_segmentation,30,spore,16.22164767604425,16.22164767604425,40.17516031409209,0.7713588780010486,4.550262068797732,2.6068651153429694
5803,20260729_isolated_FBs_200_microL_002_C2_segmentation,32,spore,28.57849436606175,28.57849436606175,62.43977121963747,0.7239619110347275,6.584776780405935,2.894287491551206
5804,20260729_isolated_FBs_200_microL_002_C2_segmentation,33,spore,14.249810438275501,14.249810438275501,35.55675198713405,0.799407282015477,4.631594316941836,2.4118865319062306
5805,20260729_isolated_FBs_200_microL_002_C2_segmentation,34,spore,14.933380680702001,14.933380680702001,37.1803715671617,0.7887556617740403,4.761006703929029,2.4004987988374222
5807,20260729_isolated_FBs_200_microL_002_C2_segmentation,36,spore,28.4470385502105,28.4470385502105,85.55717484413587,0.5267271808036491,6.649588259576102,2.9307442421775782
5808,20260729_isolated_FBs_200_microL_002_C2_segmentation,37,spore,6.5727907925625,6.5727907925625,46.65445923747124,0.36371189444026664,3.3928040786490317,2.3413704739734666
5810,20260729_isolated_FBs_200_microL_002_C2_segmentation,39,spore,19.876119356709,19.876119356709,60.44453901290244,0.5870585967038736,5.014698509189127,2.8776480972356606
5811,20260729_isolated_FBs_200_microL_002_C2_segmentation,40,spore,16.195356512874,16.195356512874,36.96223223245483,0.8375028139744706,4.683255113733533,2.5320705492674134
5812,20260729_isolated_FBs_200_microL_002_C2_segmentation,41,spore,16.984091407981502,16.984091407981502,41.644305544233475,0.7672850080173877,4.483003130439966,2.6734787926939947
5815,20260729_isolated_FBs_200_microL_002_C2_segmentation,44,spore,26.21228968073925,26.21228968073925,80.01501659738591,0.5333135246587078,6.018738930503151,2.9763912903343512
5816,20260729_isolated_FBs_200_microL_002_C2_segmentation,45,spore,17.247003039684,17.247003039684,73.57773218523818,0.43874631972796907,5.152481904723728,2.73221892858345
5818,20260729_isolated_FBs_200_microL_002_C2_segmentation,47,spore,16.3531034918955,16.3531034918955,47.012582089942626,0.6627302739079665,4.575002919210212,2.654594679027792
5819,20260729_isolated_FBs_200_microL_002_C2_segmentation,48,spore,34.99353817960275,34.99353817960275,95.3813282236401,0.5424328665061732,7.073934877026932,3.136654924221699
5820,20260729_isolated_FBs_200_microL_002_C2_segmentation,49,spore,17.247003039684,17.247003039684,53.325483125456095,0.6053758413075283,4.86777876672466,2.811050126392577
5821,20260729_isolated_FBs_200_microL_002_C2_segmentation,50,spore,17.8254086294295,17.8254086294295,57.662593374436696,0.5722901659631963,5.598951705426638,2.190103543687564
5822,20260729_isolated_FBs_200_microL_002_C2_segmentation,51,spore,21.11180402571075,21.11180402571075,86.25028155993903,0.428292530426421,7.365510336261025,3.0587247827216593
5823,20260729_isolated_FBs_200_microL_002_C2_segmentation,52,spore,14.617886722659,14.617886722659,45.83050229101991,0.6308400181070437,4.255333205191829,2.578017877821618
5824,20260729_isolated_FBs_200_microL_002_C2_segmentation,53,spore,16.06390069702275,16.06390069702275,39.91635837193203,0.7713187437411088,3.672001687905806,2.8715746316324995
5825,20260729_isolated_FBs_200_microL_002_C2_segmentation,54,spore,20.90147472034875,20.90147472034875,54.29688280367233,0.675813993226828,5.958479406851601,2.6144520633083586
5826,20260729_isolated_FBs_200_microL_002_C2_segmentation,55,spore,13.461075543168,13.461075543168,44.531847443532584,0.614516081934524,3.7126616169409155,2.715351444645251
5827,20260729_isolated_FBs_200_microL_002_C2_segmentation,56,spore,16.90521791847075,16.90521791847075,36.32361265803263,0.8769515585178993,3.580679125934074,2.9689950364878888
5828,20260729_isolated_FBs_200_microL_002_C2_segmentation,57,spore,11.410364815888501,11.410364815888501,35.5515177508905,0.689433419742849,4.028546981551102,2.2976829409080355
5829,20260729_isolated_FBs_200_microL_002_C2_segmentation,58,spore,16.984091407981502,16.984091407981502,52.38409931080457,0.6099761518051948,4.654992770911512,2.810113321642347
5830,20260729_isolated_FBs_200_microL_002_C2_segmentation,59,spore,23.37284405835225,23.37284405835225,67.52992391269709,0.5854128329130731,5.335951516994118,2.332094526819438
5831,20260729_isolated_FBs_200_microL_002_C2_segmentation,60,spore,10.01693316786525,10.01693316786525,35.42610969903819,0.6343328152222171,3.3289538547996798,2.5616817559353033
5832,20260729_isolated_FBs_200_microL_002_C2_segmentation,61,spore,15.879862554831,15.879862554831,41.37903250155248,0.7383602109384865,4.390864890870139,2.617404001088496
5833,20260729_isolated_FBs_200_microL_002_C2_segmentation,62,spore,23.21509707933075,23.21509707933075,67.23041882271555,0.5853720432165934,5.880841995715002,2.3173721634894453
5834,20260729_isolated_FBs_200_microL_002_C2_segmentation,63,spore,15.301456965085501,15.301456965085501,41.099008402516475,0.725228124051858,4.529282483428797,2.5389412001552265
5835,20260729_isolated_FBs_200_microL_002_C2_segmentation,64,spore,15.091127659723501,15.091127659723501,48.49434320494163,0.6089862747980697,3.8390120169342965,2.79831699456401
5836,20260729_isolated_FBs_200_microL_002_C2_segmentation,65,spore,15.985027207512001,15.985027207512001,39.741373732912855,0.7721769541093456,4.168287272589473,2.701028695533846
5837,20260729_isolated_FBs_200_microL_002_C2_segmentation,66,spore,14.17093694876475,14.17093694876475,47.68362765816793,0.5939007588721149,3.843893926506819,2.6610797339610595
5838,20260729_isolated_FBs_200_microL_002_C2_segmentation,67,spore,15.248874638745,15.248874638745,48.33227980146552,0.6152789249824259,4.387517398402689,2.7075879845637774
5839,20260729_isolated_FBs_200_microL_002_C2_segmentation,68,spore,16.379394655065752,16.379394655065752,39.93972316418591,0.7809279598508031,4.585302868117798,2.597470873082305
5840,20260729_isolated_FBs_200_microL_002_C2_segmentation,69,spore,11.7258587739315,11.7258587739315,31.8134929247457,0.7845775483054458,3.752974937237288,2.338116832692614
5841,20260729_isolated_FBs_200_microL_002_C2_segmentation,70,spore,14.11835462242425,14.11835462242425,40.56194195220901,0.6964470600951678,3.934403795534811,2.6315571987276867
5842,20260729_isolated_FBs_200_microL_002_C2_segmentation,71,spore,15.091127659723501,15.091127659723501,44.20517197402694,0.6680754332209916,3.9869208691090736,2.6696235277273517
5843,20260729_isolated_FBs_200_microL_002_C2_segmentation,72,spore,23.031058937139,23.031058937139,63.746895544006094,0.6140932956665428,5.843343189677715,2.292608678255801
5845,20260729_isolated_FBs_200_microL_002_C2_segmentation,74,spore,16.22164767604425,16.22164767604425,45.821917807031035,0.6763022602828559,4.152046802573994,2.791667689368515
5846,20260729_isolated_FBs_200_microL_002_C2_segmentation,75,spore,8.38688105130975,8.38688105130975,27.303176296314962,0.7311468392567191,4.091611000114332,1.9708360762833248
5847,20260729_isolated_FBs_200_microL_002_C2_segmentation,76,spore,12.17280854782575,12.17280854782575,31.23085756125212,0.8193964459826737,3.7646245283271287,2.4551824432899823
5848,20260729_isolated_FBs_200_microL_002_C2_segmentation,77,spore,20.9803482098595,20.9803482098595,70.67082523287043,0.5205379807929581,4.754567850728837,2.4054708527669177
5849,20260729_isolated_FBs_200_microL_002_C2_segmentation,78,spore,16.1427741865335,16.1427741865335,39.785787176954265,0.7763810927323368,3.7480614878384495,2.8783266823086557
5850,20260729_isolated_FBs_200_microL_002_C2_segmentation,79,spore,14.06577229608375,14.06577229608375,34.7226120775113,0.8115478367841271,4.301010758393865,2.4529053733544908
5851,20260729_isolated_FBs_200_microL_002_C2_segmentation,80,spore,15.748406738979751,15.748406738979751,43.58224029496945,0.6971597768335891,4.306238660159577,2.6713853532024006
5852,20260729_isolated_FBs_200_microL_002_C2_segmentation,81,spore,10.069515494205751,10.069515494205751,35.4850418486396,0.6354936066935037,4.05007716420406,2.2142312768656183
5853,20260729_isolated_FBs_200_microL_002_C2_segmentation,82,spore,15.64324208629875,15.64324208629875,38.000429987501875,0.7960007149834294,4.262887147282582,2.6322325497302224
5854,20260729_isolated_FBs_200_microL_002_C2_segmentation,83,spore,15.7221155758095,15.7221155758095,47.3176186281389,0.6414092733449896,4.088889232967281,2.806286746517526
5855,20260729_isolated_FBs_200_microL_002_C2_segmentation,84,spore,18.11461142430225,18.11461142430225,43.847140744800726,0.760727053129042,4.625974022358082,2.696968138908505
5858,20260729_isolated_FBs_200_microL_002_C2_segmentation,87,spore,15.27516580191525,15.27516580191525,39.194036279310865,0.7596054805053848,4.424147136626737,2.542045819816636
5859,20260729_isolated_FBs_200_microL_002_C2_segmentation,88,spore,9.3070717622685,9.3070717622685,37.41327285021592,0.5719180434356715,3.8547221631530424,2.126057309779251
5860,20260729_isolated_FBs_200_microL_002_C2_segmentation,89,spore,12.5671759953795,12.5671759953795,33.71635560516542,0.7752979403708259,4.2454568953809675,2.331709696557489
5861,20260729_isolated_FBs_200_microL_002_C2_segmentation,90,spore,16.4582681445765,16.4582681445765,38.509342339432386,0.8125325699825822,4.547586033662011,2.608233278353333
5862,20260729_isolated_FBs_200_microL_002_C2_segmentation,91,spore,11.59440295808025,11.59440295808025,28.72614289269356,0.8623940166633943,3.6062848184119343,2.448724633737434
5863,20260729_isolated_FBs_200_microL_002_C2_segmentation,92,spore,15.380330454596251,15.380330454596251,40.382788897614425,0.7406248167036033,4.245180123089143,2.6427532767709128
5864,20260729_isolated_FBs_200_microL_002_C2_segmentation,93,spore,5.3108149603905,5.3108149603905,27.311490410772617,0.5389885059698651,3.059748857037802,1.9354890045274047
5865,20260729_isolated_FBs_200_microL_002_C2_segmentation,94,spore,16.22164767604425,16.22164767604425,38.077611842095465,0.8138500574012085,4.436554603895495,2.6244512971372176
5866,20260729_isolated_FBs_200_microL_002_C2_segmentation,95,spore,11.489238305399251,11.489238305399251,29.707017780716438,0.8288689926577172,3.6046840060733163,2.3145303211617123
5867,20260729_isolated_FBs_200_microL_002_C2_segmentation,96,spore,16.8789267553005,16.8789267553005,61.87518139688606,0.5142775012135339,5.358875970417182,2.152821579594158
5868,20260729_isolated_FBs_200_microL_002_C2_segmentation,97,spore,17.11554722383275,17.11554722383275,45.08427682096975,0.712392835004564,4.411950199949131,2.7745838761719614
5869,20260729_isolated_FBs_200_microL_002_C2_segmentation,98,spore,12.093935058315001,12.093935058315001,39.45367654490839,0.6458154039025672,3.9992754631461898,2.206837530540388
5870,20260729_isolated_FBs_200_microL_002_C2_segmentation,99,spore,15.669533249469001,15.669533249469001,44.65454189953014,0.6781449410438358,4.333204630983532,2.6090831006379966
5871,20260729_isolated_FBs_200_microL_002_C2_segmentation,100,spore,14.486430906807751,14.486430906807751,37.98779872508241,0.7565092846157324,4.371561101700812,2.4811574162620187
5872,20260729_isolated_FBs_200_microL_002_C2_segmentation,101,spore,5.573726592093,5.573726592093,30.92905310222237,0.4915276363512838,3.1603675831543185,1.9444671014202606
5873,20260729_isolated_FBs_200_microL_002_C2_segmentation,102,spore,17.352167692365,17.352167692365,51.156723495390146,0.6336030040794969,4.373139172167965,2.783277127081186
5874,20260729_isolated_FBs_200_microL_002_C2_segmentation,103,spore,11.357782489548,11.357782489548,28.67250651027657,0.852211707269529,3.562889686206965,2.3778885586045893
5875,20260729_isolated_FBs_200_microL_002_C2_segmentation,104,spore,16.16906534970375,16.16906534970375,48.60524302436194,0.6361960227861535,4.20226399492057,2.7756074259479773
5876,20260729_isolated_FBs_200_microL_002_C2_segmentation,105,spore,9.044160130566,9.044160130566,28.07414760004832,0.747749918441967,3.9069454671351878,2.0895881976393285
5877,20260729_isolated_FBs_200_microL_002_C2_segmentation,106,spore,15.69582441263925,15.69582441263925,47.34411371551135,0.6403354631479325,3.945126176835912,2.832428188817425
5878,20260729_isolated_FBs_200_microL_002_C2_segmentation,107,spore,16.931509081641,16.931509081641,41.735537101628694,0.7640267474766272,3.9774888097599064,2.881290578463049
5879,20260729_isolated_FBs_200_microL_002_C2_segmentation,108,spore,11.147453184186,11.147453184186,33.05259903231731,0.7301223014684523,4.001787607124444,2.2890132695384957
5880,20260729_isolated_FBs_200_microL_002_C2_segmentation,109,spore,17.431041181875752,17.431041181875752,41.05800420612384,0.7918358777724678,4.672874924666036,2.6463872658347984
5883,20260729_isolated_FBs_200_microL_002_C2_segmentation,112,spore,16.984091407981502,16.984091407981502,40.68894597042032,0.7853005417396328,4.56752306169305,2.6529894739538555
5884,20260729_isolated_FBs_200_microL_002_C2_segmentation,113,spore,11.6206941212505,11.6206941212505,33.684097765360775,0.736569817161712,4.119398281385303,2.2821854350503403
5885,20260729_isolated_FBs_200_microL_002_C2_segmentation,114,spore,13.355910890487001,13.355910890487001,31.814177391849288,0.8556820756281961,3.610015716505574,2.636511947263767
5886,20260729_isolated_FBs_200_microL_002_C2_segmentation,115,spore,10.069515494205751,10.069515494205751,27.272554806292362,0.826857527218499,3.396170851324091,2.340232627662526
5887,20260729_isolated_FBs_200_microL_002_C2_segmentation,116,spore,15.80098906532025,15.80098906532025,40.48509545268695,0.7521627216002662,4.288245808634279,2.6346089088330222
5888,20260729_isolated_FBs_200_microL_002_C2_segmentation,117,spore,16.090191860193002,16.090191860193002,43.50551620214979,0.7084577359773779,4.327518183113558,2.7143310310304023
5889,20260729_isolated_FBs_200_microL_002_C2_segmentation,118,spore,16.694888613108752,16.694888613108752,41.16648673334811,0.7673544283310952,4.512823662713405,2.675686572593255
5890,20260729_isolated_FBs_200_microL_002_C2_segmentation,119,spore,14.775633701680501,14.775633701680501,35.021642652399876,0.8314670108141906,3.951037181698368,2.607232173394607
5891,20260729_isolated_FBs_200_microL_002_C2_segmentation,120,spore,13.75027833804075,13.75027833804075,33.87706231814862,0.8193183990615603,4.188437758340943,2.4983177851025626
5892,20260729_isolated_FBs_200_microL_002_C2_segmentation,121,spore,17.16812955017325,17.16812955017325,40.23169964377449,0.799952866004496,4.5666155310523,2.645211539183737
5893,20260729_isolated_FBs_200_microL_002_C2_segmentation,122,spore,12.908961116592751,12.908961116592751,34.21249222661917,0.7778459733367257,4.186224236530775,2.3777084934301334
5894,20260729_isolated_FBs_200_microL_002_C2_segmentation,123,spore,16.1427741865335,16.1427741865335,43.111536931378,0.7164887898296654,3.741551892426072,2.9113632923709374
5895,20260729_isolated_FBs_200_microL_002_C2_segmentation,124,spore,12.33055552684725,12.33055552684725,49.42053885186016,0.5222740049018237,5.401328008664055,2.259353098860124
5896,20260729_isolated_FBs_200_microL_002_C2_segmentation,125,spore,11.3052001632075,11.3052001632075,29.81350330771937,0.8170650176048693,3.572057620636784,2.34393354054535
5897,20260729_isolated_FBs_200_microL_002_C2_segmentation,126,spore,8.59721035667175,8.59721035667175,24.329987588361014,0.8341559896038643,3.1280823360887036,2.2626597927925616
5898,20260729_isolated_FBs_200_microL_002_C2_segmentation,127,spore,6.7831200979245,6.7831200979245,28.301935476652158,0.6122859947624452,3.071976829473024,2.1535602821603295
5899,20260729_isolated_FBs_200_microL_002_C2_segmentation,128,spore,14.4601397436375,14.4601397436375,40.84067709077388,0.7028125655165285,4.363627681170763,2.4984508882020946
5900,20260729_isolated_FBs_200_microL_002_C2_segmentation,129,spore,14.775633701680501,14.775633701680501,35.53930241351887,0.819355996107479,4.3630693939421175,2.5322178756384983
5902,20260729_isolated_FBs_200_microL_002_C2_segmentation,131,spore,12.462011342698501,12.462011342698501,34.620705748511,0.7508277276526422,3.9093338043379418,2.450704707850028
5903,20260729_isolated_FBs_200_microL_002_C2_segmentation,132,spore,12.619758321720001,12.619758321720001,35.16573105227923,0.7454156378863278,4.2688760452616945,2.362512229805149
5904,20260729_isolated_FBs_200_microL_002_C2_segmentation,133,spore,12.724922974401,12.724922974401,41.873617040966806,0.6294778059656425,3.8740629145102683,2.6460134844404717
5907,20260729_isolated_FBs_200_microL_002_C2_segmentation,136,spore,6.17842334500875,6.17842334500875,22.551149479524828,0.7220499063711577,2.9688451671895395,1.9864636000443234
5909,20260729_isolated_FBs_200_microL_002_C2_segmentation,138,spore,6.730537771584,6.730537771584,21.92144939548294,0.7864082056233233,3.4442424463256196,1.786247422101405
5910,20260729_isolated_FBs_200_microL_002_C2_segmentation,139,spore,11.883605752953,11.883605752953,28.92071210947268,0.8707777010755272,3.5568601796369954,2.434166072757763
5912,20260729_isolated_FBs_200_microL_002_C2_segmentation,141,spore,5.468561939412,5.468561939412,18.09534667463274,0.8295310379058817,3.1962473176683033,1.7800652711528981
5914,20260729_isolated_FBs_200_microL_002_C2_segmentation,143,spore,11.489238305399251,11.489238305399251,28.343322884918585,0.8687487350281462,3.559599812077055,2.41895434607143
5915,20260729_isolated_FBs_200_microL_002_C2_segmentation,144,spore,10.91083271565375,10.91083271565375,27.645078484193174,0.8605409904966659,3.541697546305243,2.355149335748565
5916,20260729_isolated_FBs_200_microL_002_C2_segmentation,145,spore,11.462947142229,11.462947142229,28.324130084840338,0.8680106838793566,3.556105756882175,2.4165167026554673
5917,20260729_isolated_FBs_200_microL_002_C2_segmentation,146,spore,8.492045703990751,8.492045703990751,23.61193693147704,0.8524993539271527,3.497863074269212,2.0778125392255786
5918,20260729_isolated_FBs_200_microL_002_C2_segmentation,147,spore,13.723987174870501,13.723987174870501,31.865401834030862,0.8699312407266987,3.5538023925960895,2.6163059272262936
5919,20260729_isolated_FBs_200_microL_002_C2_segmentation,148,spore,10.27984479956775,10.27984479956775,26.147334172824017,0.8744085840109108,3.5421823725831363,2.317437208391551
5920,20260729_isolated_FBs_200_microL_002_C2_segmentation,149,spore,8.80753966203375,8.80753966203375,24.720677835784837,0.8343087941611693,3.4134532481349193,2.194785878380701
5921,20260729_isolated_FBs_200_microL_002_C2_segmentation,150,spore,9.07045129373625,9.07045129373625,24.87573167394131,0.8455270861948602,3.307859405788038,2.2831690074652697
5928,20260729_isolated_FBs_200_microL_002_C2_segmentation,1,vc,10.437591778589251,10.437591778589251,101.47359849488032,0.22761345665617003,7.386058346691309,3.5616292104880607
5946,20260729_isolated_FBs_200_microL_002_C2_segmentation,19,vc,6.65166428207325,6.65166428207325,55.63446075510032,0.3074400598597448,3.7970701274657603,2.2285137732598317
5960,20260729_isolated_FBs_200_microL_002_C2_segmentation,33,vc,14.512722069978,14.512722069978,112.95612316384936,0.2547261891674131,5.4091774080771255,3.27784121850704
5986,20260729_isolated_FBs_200_microL_002_C2_segmentation,59,vc,6.38875265037075,6.38875265037075,71.46855545799366,0.23297706499466286,5.861125763388868,3.361440277677242
6097,20260729_isolated_FBs_200_microL_003_C2_segmentation,2,spore,17.6150793240675,17.6150793240675,73.36379429225697,0.44626422779298025,5.310316564939807,2.5325988873038408
6098,20260729_isolated_FBs_200_microL_003_C2_segmentation,3,spore,15.64324208629875,15.64324208629875,50.811652883726616,0.5953037880689933,4.445229855051191,2.776145747358978
6101,20260729_isolated_FBs_200_microL_003_C2_segmentation,6,spore,17.247003039684,17.247003039684,44.78313856822049,0.7208507541521816,4.573555875631961,2.7056230457462562
6102,20260729_isolated_FBs_200_microL_003_C2_segmentation,7,spore,16.0376095338525,16.0376095338525,49.521980991638635,0.6210299413397603,4.320642332154527,2.7713872915502313
6103,20260729_isolated_FBs_200_microL_003_C2_segmentation,8,spore,11.410364815888501,11.410364815888501,38.88815256144284,0.630279477054583,4.303856958767261,1.9733699616485059
6104,20260729_isolated_FBs_200_microL_003_C2_segmentation,9,spore,13.11929042195475,13.11929042195475,56.34005524310086,0.47746376696785225,5.18054542179673,2.4050451964044095
6105,20260729_isolated_FBs_200_microL_003_C2_segmentation,10,spore,14.302392764616,14.302392764616,48.94772470145574,0.5821354975297413,4.032643975517943,2.6399402411065602
6107,20260729_isolated_FBs_200_microL_003_C2_segmentation,12,spore,13.1981639114655,13.1981639114655,34.233942458711766,0.7889259108475866,4.129159199046593,2.464718551849156
6108,20260729_isolated_FBs_200_microL_003_C2_segmentation,13,spore,13.145581585125,13.145581585125,40.995172674237466,0.6570593620845782,4.357931798293906,2.3686323102352924
6109,20260729_isolated_FBs_200_microL_003_C2_segmentation,14,spore,14.197228111935,14.197228111935,37.170238910489545,0.762824229205674,4.280709480192379,2.415247371240236
6110,20260729_isolated_FBs_200_microL_003_C2_segmentation,15,spore,11.22632667369675,11.22632667369675,31.917262411848682,0.7596559444534271,3.853526873109678,2.3560709667340567
6111,20260729_isolated_FBs_200_microL_003_C2_segmentation,16,spore,14.17093694876475,14.17093694876475,35.006315716696506,0.8089780964425854,4.503726978422849,2.424234467159324
6112,20260729_isolated_FBs_200_microL_003_C2_segmentation,17,spore,14.6704690489995,14.6704690489995,66.5258374549733,0.4356353434008687,4.849858099413349,2.6739234391277247
6113,20260729_isolated_FBs_200_microL_003_C2_segmentation,18,spore,13.277037400976251,13.277037400976251,40.697604094604884,0.6662686838656691,4.267658698307417,2.400270450034967
6114,20260729_isolated_FBs_200_microL_003_C2_segmentation,19,spore,17.16812955017325,17.16812955017325,57.29534119060024,0.5617116988134704,4.771749736877716,2.7467339143325598
6115,20260729_isolated_FBs_200_microL_003_C2_segmentation,20,spore,15.69582441263925,15.69582441263925,54.815885872674556,0.5530534534052431,4.306413125899176,2.8044373075232145
6116,20260729_isolated_FBs_200_microL_003_C2_segmentation,21,spore,14.249810438275501,14.249810438275501,64.13218021558116,0.44321472258988387,7.041568848513445,2.6298617606706287
6117,20260729_isolated_FBs_200_microL_003_C2_segmentation,22,spore,20.00757517256025,20.00757517256025,57.2239019924844,0.6228301500623866,8.780511036034978,2.4573205327228775
6121,20260729_isolated_FBs_200_microL_003_C2_segmentation,26,spore,12.540884832209251,12.540884832209251,53.17612859995347,0.49089227160878884,4.13398889823492,2.526325917724567
6122,20260729_isolated_FBs_200_microL_003_C2_segmentation,27,spore,7.75589313522375,7.75589313522375,31.90645460895599,0.5938728256580832,2.7985800321578425,2.349022167114017
6123,20260729_isolated_FBs_200_microL_003_C2_segmentation,28,spore,17.06296489749225,17.06296489749225,76.82604496502965,0.4172009736156989,5.741138015917639,2.4462346027307893
6125,20260729_isolated_FBs_200_microL_003_C2_segmentation,30,spore,8.7812484988635,8.7812484988635,29.460452266178613,0.6986862980171372,3.744073968871488,2.1055155184653485
6126,20260729_isolated_FBs_200_microL_003_C2_segmentation,31,spore,6.65166428207325,6.65166428207325,23.815614630393938,0.7181952769333059,3.130977871927946,1.9673528678076737
6128,20260729_isolated_FBs_200_microL_003_C2_segmentation,33,spore,11.80473226344225,11.80473226344225,58.660828876509996,0.4274054183841519,5.546151643387326,2.252664954790888
6129,20260729_isolated_FBs_200_microL_003_C2_segmentation,34,spore,6.835702424265,6.835702424265,22.47007336236615,0.7751785255747193,3.1547316009265267,1.9688416708603813
6132,20260729_isolated_FBs_200_microL_003_C2_segmentation,37,spore,10.148388983716501,10.148388983716501,27.255285149471376,0.8316963545417361,3.5426807788483083,2.323383354997764
6135,20260729_isolated_FBs_200_microL_003_C2_segmentation,40,spore,6.02067636598725,6.02067636598725,25.421624894537352,0.6295704568041077,2.986542201749451,2.0347677109420896
6136,20260729_isolated_FBs_200_microL_003_C2_segmentation,41,spore,13.592531359019251,13.592531359019251,40.345000917567035,0.6826969415300497,4.840155887072487,2.399662523230515
6143,20260729_isolated_FBs_200_microL_003_C2_segmentation,48,spore,11.64698528442075,11.64698528442075,63.60096048568563,0.3906874566154779,4.049116445174899,2.6469185183160775
6145,20260729_isolated_FBs_200_microL_003_C2_segmentation,50,spore,34.41513258985725,34.41513258985725,99.69885105473722,0.5132082183541151,7.380218416574222,3.0746920046181763
6147,20260729_isolated_FBs_200_microL_003_C2_segmentation,52,spore,25.975669212207002,25.975669212207002,118.9023010921863,0.3567289550880295,6.04111546650992,2.7744588648747524
6148,20260729_isolated_FBs_200_microL_003_C2_segmentation,53,spore,9.569983393971,9.569983393971,30.007030371118077,0.7264435901864924,3.6811247230066697,2.1796236472630803
6149,20260729_isolated_FBs_200_microL_003_C2_segmentation,54,spore,10.621629920781,10.621629920781,29.730922930370596,0.7859649463090251,4.010987781027973,2.1946270839829594
6150,20260729_isolated_FBs_200_microL_003_C2_segmentation,55,spore,12.093935058315001,12.093935058315001,85.02802831992895,0.29966344694505015,6.40324091563145,2.3373194670134145
6152,20260729_isolated_FBs_200_microL_003_C2_segmentation,57,spore,8.70237500935275,8.70237500935275,67.79094538807422,0.3018127831792501,5.53544882927362,2.0598059616026787
6153,20260729_isolated_FBs_200_microL_003_C2_segmentation,58,spore,12.093935058315001,12.093935058315001,51.484782083435654,0.4948994833463409,4.167215415378577,2.3988764624754593
6154,20260729_isolated_FBs_200_microL_003_C2_segmentation,59,spore,10.937123878824,10.937123878824,36.249053388640135,0.6573392153713734,4.364689456205516,2.235049898801625
6155,20260729_isolated_FBs_200_microL_003_C2_segmentation,60,spore,10.069515494205751,10.069515494205751,65.81633475423462,0.342627970886984,4.284327909729945,2.4947272582267113
6156,20260729_isolated_FBs_200_microL_003_C2_segmentation,61,spore,24.293034769311,24.293034769311,68.78261738524382,0.5897391248533264,6.0178313430138175,2.838748088682204
6157,20260729_isolated_FBs_200_microL_003_C2_segmentation,62,spore,12.6723406480605,12.6723406480605,33.25931597548063,0.7903304300919237,4.2648426367762635,2.304815594101219
6158,20260729_isolated_FBs_200_microL_003_C2_segmentation,63,spore,16.27423000238475,16.27423000238475,69.1239115996997,0.44928589529187707,5.6042787522574775,2.636814985195559
6159,20260729_isolated_FBs_200_microL_003_C2_segmentation,64,spore,21.8216654313075,21.8216654313075,79.4230501098335,0.4754769757023386,5.039063149447696,3.1143008333807756
6160,20260729_isolated_FBs_200_microL_003_C2_segmentation,65,spore,26.7644041073145,26.7644041073145,84.73954555336876,0.5106261432568634,7.57232662496687,2.673624499631447
6161,20260729_isolated_FBs_200_microL_003_C2_segmentation,66,spore,26.501492475612,26.501492475612,59.11788309801261,0.7271301261633859,5.860642406275689,2.9356522399455605
6162,20260729_isolated_FBs_200_microL_003_C2_segmentation,67,spore,11.778441100272001,11.778441100272001,44.4921619541487,0.5626769932791156,4.0878804385082175,2.5673613730583926
6164,20260729_isolated_FBs_200_microL_003_C2_segmentation,69,spore,13.22445507463575,13.22445507463575,62.411930604142825,0.433312979319702,3.8036291574643095,2.849179001105341
6165,20260729_isolated_FBs_200_microL_003_C2_segmentation,70,spore,6.520208466222,6.520208466222,25.969223457570923,0.6499293486240879,3.268266595320784,1.8549577229340375
6166,20260729_isolated_FBs_200_microL_003_C2_segmentation,71,spore,19.00851097209075,19.00851097209075,52.65773921050704,0.6541148072252122,6.276519477084723,2.397379380919784
6168,20260729_isolated_FBs_200_microL_003_C2_segmentation,73,spore,15.32774812825575,15.32774812825575,39.7473249487394,0.7507496228070545,3.826085279483467,2.8326193478504202
6170,20260729_isolated_FBs_200_microL_003_C2_segmentation,75,spore,11.80473226344225,11.80473226344225,31.43204257481215,0.7976559604439176,3.972963961076436,2.3569149584220943
6171,20260729_isolated_FBs_200_microL_003_C2_segmentation,76,spore,14.933380680702001,14.933380680702001,34.882202282311084,0.8407218197726236,4.660462443657372,2.425968667131048
6172,20260729_isolated_FBs_200_microL_003_C2_segmentation,77,spore,15.827280228490501,15.827280228490501,40.15456607486158,0.7591950746345419,3.599639246915516,2.8735487105136164
6173,20260729_isolated_FBs_200_microL_003_C2_segmentation,78,spore,13.250746237806,13.250746237806,33.753803279255834,0.8022719981216784,4.454509917024156,2.313025926179913
6174,20260729_isolated_FBs_200_microL_003_C2_segmentation,79,spore,14.6704690489995,14.6704690489995,39.57975443016062,0.7322179346985417,4.41934749208462,2.5321530849792864
6175,20260729_isolated_FBs_200_microL_003_C2_segmentation,80,spore,15.11741882289375,15.11741882289375,40.426028543647384,0.7313772990935867,3.7996930686080477,2.7867838228830184
6177,20260729_isolated_FBs_200_microL_003_C2_segmentation,82,spore,10.49017410492975,10.49017410492975,26.93358040318462,0.8604226452982107,3.5812248304359953,2.303045553852191
6178,20260729_isolated_FBs_200_microL_003_C2_segmentation,83,spore,13.881734153892001,13.881734153892001,36.69110427932909,0.7612941462690407,4.324171634522723,2.439492291929119
6179,20260729_isolated_FBs_200_microL_003_C2_segmentation,84,spore,15.06483649655325,15.06483649655325,44.92882960393722,0.656551252419443,3.7815004811269217,2.8236937173884917
6180,20260729_isolated_FBs_200_microL_003_C2_segmentation,85,spore,6.2310056713492505,6.2310056713492505,21.53983778172308,0.7602337174043436,3.0555089617651845,1.9420237170492771
6181,20260729_isolated_FBs_200_microL_003_C2_segmentation,86,spore,12.7775053007415,12.7775053007415,30.65522176719893,0.8622046791414282,3.5872605594238727,2.562295402210203
6182,20260729_isolated_FBs_200_microL_003_C2_segmentation,87,spore,13.513657869508501,13.513657869508501,33.733697020823655,0.8133337563733326,4.164539454728067,2.366590043771902
6183,20260729_isolated_FBs_200_microL_003_C2_segmentation,88,spore,11.3052001632075,11.3052001632075,37.818182749308605,0.6441232453304462,3.5342032020166854,2.489898931007473
6184,20260729_isolated_FBs_200_microL_003_C2_segmentation,89,spore,16.537141634087252,16.537141634087252,41.93806394653045,0.748484327182964,4.082266857862127,2.735726151629131
6185,20260729_isolated_FBs_200_microL_003_C2_segmentation,90,spore,16.300521165555,16.300521165555,36.62907338105168,0.8487748819478803,3.5994813617896475,2.928223321482535
6186,20260729_isolated_FBs_200_microL_003_C2_segmentation,91,spore,12.96154344293325,12.96154344293325,33.150854562365836,0.8049345018113713,4.157829640036402,2.4299403809948936
6187,20260729_isolated_FBs_200_microL_003_C2_segmentation,92,spore,13.881734153892001,13.881734153892001,39.45676031298236,0.7079324984218116,4.029545050331292,2.536278319914348
6189,20260729_isolated_FBs_200_microL_003_C2_segmentation,94,spore,15.038545333383,15.038545333383,38.00769769936957,0.7752047899129471,4.334159271381597,2.5598697943176187
6192,20260729_isolated_FBs_200_microL_003_C2_segmentation,97,spore,12.409429016358,12.409429016358,37.89156796739934,0.6840839697973222,4.051418566057731,2.3339812326334948
6193,20260729_isolated_FBs_200_microL_003_C2_segmentation,98,spore,15.64324208629875,15.64324208629875,47.60443145370583,0.635410790887085,3.895813732874054,2.81394332228982
6194,20260729_isolated_FBs_200_microL_003_C2_segmentation,99,spore,12.908961116592751,12.908961116592751,40.03485778030171,0.6647219646021482,3.814616624231699,2.5779433214952308
6195,20260729_isolated_FBs_200_microL_003_C2_segmentation,100,spore,13.67140484853,13.67140484853,43.162943152541104,0.640592481297803,3.467512644651871,2.8983474782088723
6196,20260729_isolated_FBs_200_microL_003_C2_segmentation,101,spore,17.95686444528075,17.95686444528075,59.826515702963924,0.5542989854618857,5.247536734835568,2.6512334274722384
6197,20260729_isolated_FBs_200_microL_003_C2_segmentation,102,spore,9.017868967395751,9.017868967395751,24.061236006264853,0.8707673541881324,3.516689898827411,2.0829058831889133
6198,20260729_isolated_FBs_200_microL_003_C2_segmentation,103,spore,11.01599736833475,11.01599736833475,29.98585443591877,0.7984546327469786,3.5060572998327597,2.3245079299948643
6199,20260729_isolated_FBs_200_microL_003_C2_segmentation,104,spore,7.96622244058575,7.96622244058575,34.53979300237697,0.5584693546069032,3.3772736995466115,2.1463886116134456
6201,20260729_isolated_FBs_200_microL_003_C2_segmentation,106,spore,15.4066216177665,15.4066216177665,36.9434495002601,0.8104973975876781,4.0069773345255,2.6956077854899667
6202,20260729_isolated_FBs_200_microL_003_C2_segmentation,107,spore,13.513657869508501,13.513657869508501,41.028497797149974,0.6687243254665854,3.597903892062861,2.578378544606029
6203,20260729_isolated_FBs_200_microL_003_C2_segmentation,108,spore,14.06577229608375,14.06577229608375,36.517444283292164,0.7716602646229401,3.910295605472853,2.6180338247421897
6204,20260729_isolated_FBs_200_microL_003_C2_segmentation,109,spore,10.64792108395125,10.64792108395125,27.245449201297433,0.8590795237744352,3.5373950870415394,2.2811228623490565
6205,20260729_isolated_FBs_200_microL_003_C2_segmentation,110,spore,12.540884832209251,12.540884832209251,31.70166071521583,0.8234190252141346,3.7448929562392133,2.5136341249058223
6206,20260729_isolated_FBs_200_microL_003_C2_segmentation,111,spore,19.2977137669635,19.2977137669635,68.56893356307994,0.5074118861982488,4.984207600263977,2.675066820997565
6207,20260729_isolated_FBs_200_microL_003_C2_segmentation,112,spore,15.038545333383,15.038545333383,46.73335240577991,0.6304651344993294,4.901774355284436,2.247044524145454
6208,20260729_isolated_FBs_200_microL_003_C2_segmentation,113,spore,14.6704690489995,14.6704690489995,33.200025404845334,0.8729212008523967,3.543325051559607,2.735743702987688
6209,20260729_isolated_FBs_200_microL_003_C2_segmentation,114,spore,14.8807983543615,14.8807983543615,41.86405583195066,0.6988655691363224,4.363258392067351,2.473508655762326
6210,20260729_isolated_FBs_200_microL_003_C2_segmentation,115,spore,15.143709986064,15.143709986064,42.19967984090209,0.7014496309097316,4.132559509437116,2.6685261100246205
6211,20260729_isolated_FBs_200_microL_003_C2_segmentation,116,spore,10.0432243310355,10.0432243310355,38.776545044026484,0.5805377368755653,3.3191070903215123,2.5086944704391176
6213,20260729_isolated_FBs_200_microL_003_C2_segmentation,118,spore,13.69769601170025,13.69769601170025,32.91465480956347,0.8411236331294275,3.692062898214644,2.5796739902739243
6214,20260729_isolated_FBs_200_microL_003_C2_segmentation,119,spore,13.38220205365725,13.38220205365725,33.709067526681416,0.8086410310845117,4.244639300256003,2.4765533094657743
6215,20260729_isolated_FBs_200_microL_003_C2_segmentation,120,spore,9.990642004695001,9.990642004695001,27.48326373419226,0.8162278653345724,3.4529296810581185,2.3466470027024875
6217,20260729_isolated_FBs_200_microL_003_C2_segmentation,122,spore,15.32774812825575,15.32774812825575,45.02429097759991,0.6627597806637623,3.8319398922619077,2.6155420447404283
6218,20260729_isolated_FBs_200_microL_003_C2_segmentation,123,spore,7.387816850840251,7.387816850840251,55.81580193926192,0.32865307688958306,3.6466951648801613,2.7167781340758133
6219,20260729_isolated_FBs_200_microL_003_C2_segmentation,124,spore,14.53901323314825,14.53901323314825,55.3147493751342,0.5207945890899065,5.7701385322924414,2.0376839357276695
6220,20260729_isolated_FBs_200_microL_003_C2_segmentation,125,spore,9.780312699333,9.780312699333,25.92349394887062,0.8531506966449189,3.5396155116680306,2.269624664462731
6221,20260729_isolated_FBs_200_microL_003_C2_segmentation,126,spore,10.49017410492975,10.49017410492975,33.67407170328045,0.6881930614765122,3.8048092684497563,2.2661916878671486
6222,20260729_isolated_FBs_200_microL_003_C2_segmentation,127,spore,15.538077433617751,15.538077433617751,34.640443825531975,0.8692916960935075,3.5892904441042335,2.847015796897189
6223,20260729_isolated_FBs_200_microL_003_C2_segmentation,128,spore,13.53994903267875,13.53994903267875,31.484472931949092,0.8725675344156106,3.5962705336650482,2.6747022817516424
6224,20260729_isolated_FBs_200_microL_003_C2_segmentation,129,spore,7.913640114245251,7.913640114245251,27.828715663961326,0.6900943818451618,3.1042423863731696,2.2394559674015913
6226,20260729_isolated_FBs_200_microL_003_C2_segmentation,131,spore,8.3605898881395,8.3605898881395,30.67332648583489,0.6494531998506241,3.291129138251701,2.215201583135142
6227,20260729_isolated_FBs_200_microL_003_C2_segmentation,132,spore,10.91083271565375,10.91083271565375,30.217633930379336,0.7872794830977363,3.2907133085983564,2.4913837283449816
6228,20260729_isolated_FBs_200_microL_003_C2_segmentation,133,spore,14.53901323314825,14.53901323314825,32.83548487362005,0.8773320169417738,3.565947110582813,2.723375308801213
6229,20260729_isolated_FBs_200_microL_003_C2_segmentation,134,spore,14.486430906807751,14.486430906807751,32.939242009373615,0.8724585231639648,3.577544187209356,2.734029399102489
6230,20260729_isolated_FBs_200_microL_003_C2_segmentation,135,spore,11.75214993710175,11.75214993710175,28.78534971212949,0.8684086956782651,3.5664321407122928,2.4115738174106296
6231,20260729_isolated_FBs_200_microL_003_C2_segmentation,136,spore,15.43291278093675,15.43291278093675,34.19440903704975,0.8766527978655106,3.5892532280661187,2.852337235712718
6232,20260729_isolated_FBs_200_microL_003_C2_segmentation,137,spore,15.9324448811715,15.9324448811715,36.28183732998471,0.8439495173028856,3.5517068527882127,2.9143672893165777
6233,20260729_isolated_FBs_200_microL_003_C2_segmentation,138,spore,14.696760212169751,14.696760212169751,33.138105847348584,0.8755968341263594,3.5540242932250417,2.78024074611811
6234,20260729_isolated_FBs_200_microL_003_C2_segmentation,139,spore,14.775633701680501,14.775633701680501,33.439872278990606,0.8707970020653638,3.5727710892345796,2.765559119521669
6235,20260729_isolated_FBs_200_microL_003_C2_segmentation,140,spore,15.906153718001251,15.906153718001251,40.597594908432654,0.7534028675275211,3.575913927901518,2.957646007176766
6236,20260729_isolated_FBs_200_microL_003_C2_segmentation,141,spore,10.095806657376,10.095806657376,45.62147335005985,0.495156138793857,3.5955592279345376,2.4965134445236723
6237,20260729_isolated_FBs_200_microL_003_C2_segmentation,142,spore,10.411300615419,10.411300615419,27.00899809363073,0.8537138122081904,3.474837005577932,2.271978447662422
6238,20260729_isolated_FBs_200_microL_003_C2_segmentation,143,spore,10.91083271565375,10.91083271565375,27.398265864075597,0.8682930277108731,3.5623502166008363,2.409588459453995
6239,20260729_isolated_FBs_200_microL_003_C2_segmentation,144,spore,12.48830250586875,12.48830250586875,29.882456177317707,0.8711041979160012,3.554421027406474,2.5519091721012375
6240,20260729_isolated_FBs_200_microL_003_C2_segmentation,145,spore,10.70050341029175,10.70050341029175,31.32676159181758,0.7496147020651885,3.450107068658817,2.4164793936449054
6241,20260729_isolated_FBs_200_microL_003_C2_segmentation,146,spore,15.6169509231285,15.6169509231285,34.352824072348476,0.8795337508512094,3.582897379864327,2.849597172268399
6242,20260729_isolated_FBs_200_microL_003_C2_segmentation,147,spore,12.935252279763,12.935252279763,31.751481184847684,0.8392732936089229,3.6049214813169987,2.545579799331729
6243,20260729_isolated_FBs_200_microL_003_C2_segmentation,148,spore,12.462011342698501,12.462011342698501,48.44782182467332,0.536539824658269,3.573937183874008,2.783156791678699
6244,20260729_isolated_FBs_200_microL_003_C2_segmentation,149,spore,8.308007561799,8.308007561799,25.316993469218517,0.7835557771579276,2.601659030572824,2.3946143968877984
6245,20260729_isolated_FBs_200_microL_003_C2_segmentation,150,spore,13.461075543168,13.461075543168,31.474296632877614,0.8694566468475083,3.5457383603658097,2.6577287539127292
6246,20260729_isolated_FBs_200_microL_003_C2_segmentation,151,spore,14.512722069978,14.512722069978,32.774740830897585,0.8778981028441076,3.5880043499712597,2.6854725170363563
6247,20260729_isolated_FBs_200_microL_003_C2_segmentation,152,spore,11.01599736833475,11.01599736833475,30.072934457991465,0.7961426053942513,3.454042818717511,2.3749880079496872
6248,20260729_isolated_FBs_200_microL_003_C2_segmentation,153,spore,7.59814615620225,7.59814615620225,46.40797152690578,0.402744823708896,3.2214290557700758,2.558114141274548
6249,20260729_isolated_FBs_200_microL_003_C2_segmentation,154,spore,14.38126625412675,14.38126625412675,32.88640774855549,0.8696258453889755,3.5243871826446234,2.760703305030868
6250,20260729_isolated_FBs_200_microL_003_C2_segmentation,155,spore,11.357782489548,11.357782489548,28.267155636710257,0.8644324189833216,3.5310652272898366,2.4769361819037403
6251,20260729_isolated_FBs_200_microL_003_C2_segmentation,156,spore,11.568111794910001,11.568111794910001,29.036208743007514,0.8518946011371075,3.5327946766645018,2.4814643163821475
6252,20260729_isolated_FBs_200_microL_003_C2_segmentation,157,spore,13.69769601170025,13.69769601170025,32.51258203589069,0.851525541898185,3.6161745940058316,2.6766426135443173
6253,20260729_isolated_FBs_200_microL_003_C2_segmentation,158,spore,14.43384858046725,14.43384858046725,33.20070321650659,0.8634919078843669,3.5354629975216785,2.762376036758604
6254,20260729_isolated_FBs_200_microL_003_C2_segmentation,159,spore,5.7840558974550005,5.7840558974550005,23.607490170303045,0.6600689359336189,2.9945209381041997,1.8472398780500638
6255,20260729_isolated_FBs_200_microL_003_C2_segmentation,160,spore,7.80847546156425,7.80847546156425,22.86943056961887,0.8322866717563248,2.5724103545344557,2.360021548913234
6256,20260729_isolated_FBs_200_microL_003_C2_segmentation,161,spore,13.48736670633825,13.48736670633825,31.120490082392834,0.8804860386086741,3.5269232772772434,2.660046665787542
6257,20260729_isolated_FBs_200_microL_003_C2_segmentation,162,spore,9.385945251779251,9.385945251779251,29.981259766881987,0.7177164906910383,3.3789794192323215,2.2397250218700995
6258,20260729_isolated_FBs_200_microL_003_C2_segmentation,163,spore,12.383137853187751,12.383137853187751,37.057082449481975,0.698500475050271,3.7468319779704546,2.4999695257386976
6259,20260729_isolated_FBs_200_microL_003_C2_segmentation,164,spore,10.621629920781,10.621629920781,27.122937247242945,0.8615388160831217,3.4784254412419173,2.3310336610367757
6260,20260729_isolated_FBs_200_microL_003_C2_segmentation,165,spore,14.249810438275501,14.249810438275501,34.67685595219102,0.8196915689969662,3.5359386691023516,2.736652180718861
6261,20260729_isolated_FBs_200_microL_003_C2_segmentation,166,spore,11.64698528442075,11.64698528442075,28.69372811833846,0.8659766130067061,3.5908025490206597,2.4702826391665837
6263,20260729_isolated_FBs_200_microL_003_C2_segmentation,168,spore,9.96435084152475,9.96435084152475,29.56900210780295,0.7573212270939979,3.483563237292883,2.3471553593359045
6264,20260729_isolated_FBs_200_microL_003_C2_segmentation,169,spore,5.12677681819875,5.12677681819875,38.63155128244373,0.3721958997428647,4.5321490198850585,1.7654270624302608
6265,20260729_isolated_FBs_200_microL_003_C2_segmentation,170,spore,11.6206941212505,11.6206941212505,43.838158568237816,0.5659610381140684,3.5616905638046115,2.596473465576717
6266,20260729_isolated_FBs_200_microL_003_C2_segmentation,171,spore,14.27610160144575,14.27610160144575,32.51673443117741,0.8752194367039304,3.539794125465863,2.7507446269178524
6267,20260729_isolated_FBs_200_microL_003_C2_segmentation,172,spore,14.64417788582925,14.64417788582925,41.76624557952937,0.6930565684083717,3.53690596348477,2.884170041473159
6269,20260729_isolated_FBs_200_microL_003_C2_segmentation,174,spore,13.69769601170025,13.69769601170025,31.80065042044073,0.8705889241443169,3.5374907710416923,2.624903774491366
6270,20260729_isolated_FBs_200_microL_003_C2_segmentation,175,spore,10.621629920781,10.621629920781,30.887040980139922,0.7565458685314514,3.4287722020405256,2.42745038062661
6271,20260729_isolated_FBs_200_microL_003_C2_segmentation,176,spore,14.27610160144575,14.27610160144575,34.259338349135874,0.8307013317735082,3.5969502312132255,2.716425908981152
6272,20260729_isolated_FBs_200_microL_003_C2_segmentation,177,spore,11.27890900003725,11.27890900003725,28.45205481774682,0.8548341879422473,3.4780174385948954,2.3852571462560226
6273,20260729_isolated_FBs_200_microL_003_C2_segmentation,178,spore,15.4066216177665,15.4066216177665,34.24036687029478,0.8744815670724979,3.5712833306547314,2.831984658025248
6274,20260729_isolated_FBs_200_microL_003_C2_segmentation,179,spore,9.990642004695001,9.990642004695001,52.05490867644829,0.4309412168911597,4.666458726152659,2.241064391521173
6276,20260729_isolated_FBs_200_microL_003_C2_segmentation,181,spore,12.7775053007415,12.7775053007415,30.450888776039868,0.8679902856758074,3.570916110589048,2.5610101623188126
6277,20260729_isolated_FBs_200_microL_003_C2_segmentation,182,spore,13.145581585125,13.145581585125,30.88174219026436,0.8722390673403588,3.579690297979506,2.634535953839519
6278,20260729_isolated_FBs_200_microL_003_C2_segmentation,183,spore,12.33055552684725,12.33055552684725,31.424483900331737,0.8213679127533644,3.51845501408774,2.5645576738921503
6279,20260729_isolated_FBs_200_microL_003_C2_segmentation,184,spore,13.776569501211,13.776569501211,32.080522238377235,0.8663035351099894,3.5911972968187786,2.6772568554913225
6280,20260729_isolated_FBs_200_microL_003_C2_segmentation,185,spore,15.4066216177665,15.4066216177665,34.07070398737855,0.8788362485543242,3.5748202954773576,2.840309251061389
6283,20260729_isolated_FBs_200_microL_003_C2_segmentation,188,spore,9.3070717622685,9.3070717622685,32.21024937028657,0.6643017742904873,3.348849044014055,2.32280058894815
6284,20260729_isolated_FBs_200_microL_003_C2_segmentation,189,spore,10.38500945224875,10.38500945224875,30.764231518010433,0.7482429798843235,3.4528328286043357,2.3425170952087977
6285,20260729_isolated_FBs_200_microL_003_C2_segmentation,190,spore,11.410364815888501,11.410364815888501,28.492975192968313,0.8602262239744579,3.5380530897283546,2.4221013898969335
6286,20260729_isolated_FBs_200_microL_003_C2_segmentation,191,spore,14.512722069978,14.512722069978,32.62102277016669,0.8820349686572772,3.580338196995909,2.71262176387975
6288,20260729_isolated_FBs_200_microL_003_C2_segmentation,193,spore,5.8366382237955,5.8366382237955,18.545360273704215,0.8453256228834959,2.531333585905226,1.8982366112049216
6289,20260729_isolated_FBs_200_microL_003_C2_segmentation,194,spore,7.913640114245251,7.913640114245251,22.3166534501181,0.8605430189876669,2.592127638504299,2.286967819187737
6308,20260729_isolated_FBs_200_microL_003_C2_segmentation,11,vc,13.592531359019251,13.592531359019251,133.0838938705132,0.20696275057332636,8.321650799596341,3.2763865950495585
6340,20260729_isolated_FBs_200_microL_003_C2_segmentation,43,vc,13.11929042195475,13.11929042195475,127.88815541001765,0.21034266168984633,7.1449865313833385,2.7830316332626372
6347,20260729_isolated_FBs_200_microL_003_C2_segmentation,50,vc,11.462947142229,11.462947142229,112.91485343154466,0.21773616825474007,6.139846652796237,2.6950294141711773
6351,20260729_isolated_FBs_200_microL_003_C2_segmentation,54,vc,8.097678256437,8.097678256437,89.84841514990703,0.21704379857142025,6.373882478721002,3.9499148569587446
6352,20260729_isolated_FBs_200_microL_003_C2_segmentation,55,vc,9.385945251779251,9.385945251779251,88.15188291616892,0.244101927656455,7.695492437195886,3.2354161324918214
6353,20260729_isolated_FBs_200_microL_003_C2_segmentation,56,vc,15.48549510727725,15.48549510727725,148.22893791146532,0.20269102763688768,7.471896165143882,3.425448268076495
6355,20260729_isolated_FBs_200_microL_003_C2_segmentation,58,vc,16.5634327972575,16.5634327972575,136.60820944217298,0.2300245689356929,5.973137065584197,2.985837039691232
6359,20260729_isolated_FBs_200_microL_003_C2_segmentation,62,vc,5.047903328688,5.047903328688,56.25688297781143,0.2529584229845522,6.244221295852934,2.2870878660778216
6362,20260729_isolated_FBs_200_microL_003_C2_segmentation,65,vc,16.43197698140625,16.43197698140625,141.18582165239312,0.22138740895242182,6.707665424692583,2.3430532257588514
6395,20260729_isolated_FBs_200_microL_003_C2_segmentation,98,vc,6.38875265037075,6.38875265037075,47.1064886606747,0.3534658337612798,3.789931205403678,2.258925812406029
6401,20260729_isolated_FBs_200_microL_003_C2_segmentation,104,vc,12.5671759953795,12.5671759953795,93.72441222274364,0.2789051479498293,4.908184172418306,3.4325350882902086
6407,20260729_isolated_FBs_200_microL_003_C2_segmentation,110,vc,6.730537771584,6.730537771584,56.31573963417215,0.3061170428684834,4.697477884867258,2.008912074104633
6536,20260729_isolated_FBs_200_microL_004_C2_segmentation,2,spore,14.11835462242425,14.11835462242425,46.22946278099778,0.6110658338858834,3.7697699938050953,2.740016750523419
6537,20260729_isolated_FBs_200_microL_004_C2_segmentation,3,spore,21.663918452286,21.663918452286,82.93039893495603,0.45317058403977206,4.994001634085064,3.010962370775792
6538,20260729_isolated_FBs_200_microL_004_C2_segmentation,4,spore,14.22351927510525,14.22351927510525,41.99267387359623,0.67605491181117,3.8892660570292414,2.731789502745431
6539,20260729_isolated_FBs_200_microL_004_C2_segmentation,5,spore,16.6685974499385,16.6685974499385,35.997923896489056,0.876609236384718,3.578948631457739,2.9680211677416715
6540,20260729_isolated_FBs_200_microL_004_C2_segmentation,6,spore,13.277037400976251,13.277037400976251,36.112543332113304,0.7508620721400644,4.189230405480012,2.473484249914904
6541,20260729_isolated_FBs_200_microL_004_C2_segmentation,7,spore,15.69582441263925,15.69582441263925,34.572551008978316,0.8768839469056653,3.5743870445525965,2.899768440085275
6542,20260729_isolated_FBs_200_microL_004_C2_segmentation,8,spore,21.53246263643475,21.53246263643475,58.348108620336646,0.6414849571207959,4.821960379641957,2.3338757785934696
6543,20260729_isolated_FBs_200_microL_004_C2_segmentation,9,spore,13.38220205365725,13.38220205365725,34.687160035268214,0.7858393449898446,3.796278402063011,2.6125136733523386
6548,20260729_isolated_FBs_200_microL_004_C2_segmentation,14,spore,9.64885688348175,9.64885688348175,25.76140043149522,0.8508086554015014,3.4656134094428324,2.2546501694441887
6549,20260729_isolated_FBs_200_microL_004_C2_segmentation,15,spore,11.357782489548,11.357782489548,33.16852062832019,0.7366938670142609,4.164947000195394,2.2763958683169334
6550,20260729_isolated_FBs_200_microL_004_C2_segmentation,16,spore,7.387816850840251,7.387816850840251,25.816163120066026,0.7105639579779303,3.317624189684811,2.026355923412736
6551,20260729_isolated_FBs_200_microL_004_C2_segmentation,17,spore,11.7258587739315,11.7258587739315,28.9046278910112,0.8635348075071317,3.466247328092278,2.480004731273473
6552,20260729_isolated_FBs_200_microL_004_C2_segmentation,18,spore,15.95873604434175,15.95873604434175,39.15049450272617,0.7829713428854427,4.502663997711267,2.624915534648367
6553,20260729_isolated_FBs_200_microL_004_C2_segmentation,19,spore,12.987834606103501,12.987834606103501,32.497691346064954,0.82222267207597,3.8021794711295525,2.519484479663852
6555,20260729_isolated_FBs_200_microL_004_C2_segmentation,21,spore,14.90708951753175,14.90708951753175,52.41423029359724,0.5588520112285055,3.8306754546554225,2.9232960191999866
6568,20260729_isolated_FBs_200_microL_004_C2_segmentation,34,spore,18.3512318928345,18.3512318928345,48.65695696645576,0.691484838438846,4.839775866611796,2.7689178433769372
6575,20260729_isolated_FBs_200_microL_004_C2_segmentation,41,spore,20.428233783284252,20.428233783284252,105.75218458373757,0.3417291212219761,8.973217323535067,2.612440087858796
6576,20260729_isolated_FBs_200_microL_004_C2_segmentation,42,spore,22.400071021053,22.400071021053,73.70259365503662,0.5213959059335959,6.467785409573826,2.5948802129912054
6577,20260729_isolated_FBs_200_microL_004_C2_segmentation,43,spore,23.00476777396875,23.00476777396875,79.77420121984525,0.49034328160836266,6.23903797847994,2.555442822475965
6579,20260729_isolated_FBs_200_microL_004_C2_segmentation,45,spore,6.17842334500875,6.17842334500875,34.98697196018076,0.46540339040443096,3.889864908716219,2.068402952750818
6581,20260729_isolated_FBs_200_microL_004_C2_segmentation,47,spore,7.75589313522375,7.75589313522375,33.44402173931885,0.566569909057175,3.1688862935568696,2.251845012529474
6582,20260729_isolated_FBs_200_microL_004_C2_segmentation,48,spore,18.824472829899,18.824472829899,84.57688171758262,0.40462030274868427,7.018744811230903,2.767084989498558
6585,20260729_isolated_FBs_200_microL_004_C2_segmentation,51,spore,23.05735010030925,23.05735010030925,76.14526660254351,0.5144945857315697,5.142651492922858,3.038412230648608
6586,20260729_isolated_FBs_200_microL_004_C2_segmentation,52,spore,12.462011342698501,12.462011342698501,34.417004122613335,0.7552716016268851,4.3059179365626825,2.3531392738973453
6587,20260729_isolated_FBs_200_microL_004_C2_segmentation,53,spore,9.17561594641725,9.17561594641725,28.862344722904552,0.7343605414127878,3.958456975162853,2.0513518494480865
6588,20260729_isolated_FBs_200_microL_004_C2_segmentation,54,spore,22.16345055252075,22.16345055252075,80.108122329147,0.47632037101968544,7.023230751111783,2.7256567919019488
6589,20260729_isolated_FBs_200_microL_004_C2_segmentation,55,spore,12.409429016358,12.409429016358,39.49860532541882,0.6562513795975083,4.368534999701262,2.289089529392436
6591,20260729_isolated_FBs_200_microL_004_C2_segmentation,57,spore,13.9343164802325,13.9343164802325,35.74913063764511,0.7833257797135877,3.815986596812286,2.603004055764896
6592,20260729_isolated_FBs_200_microL_004_C2_segmentation,58,spore,14.197228111935,14.197228111935,45.44475683692251,0.62393025774203,4.525076726063096,2.5914678286591446
6593,20260729_isolated_FBs_200_microL_004_C2_segmentation,59,spore,11.38407365271825,11.38407365271825,33.85224311813124,0.7229281530995442,4.004746493466729,2.351724228498148
6594,20260729_isolated_FBs_200_microL_004_C2_segmentation,60,spore,15.59065975995825,15.59065975995825,39.615571047615326,0.7618354891755876,4.11812394939343,2.6680736407497645
6596,20260729_isolated_FBs_200_microL_004_C2_segmentation,62,spore,9.96435084152475,9.96435084152475,35.13276184153308,0.6373889152589652,3.730267256268225,2.1352061525125174
6597,20260729_isolated_FBs_200_microL_004_C2_segmentation,63,spore,14.80192486485075,14.80192486485075,44.61720212712403,0.6534222546396428,3.755798471317068,2.8044393490739017
6598,20260729_isolated_FBs_200_microL_004_C2_segmentation,64,spore,6.625373118903,6.625373118903,20.470786550617333,0.8333417790601411,3.0909334805942694,1.9470958269128265
6599,20260729_isolated_FBs_200_microL_004_C2_segmentation,65,spore,17.48362350821625,17.48362350821625,53.88278895373427,0.6045817339359641,4.410568686053025,2.7886769866204237
6600,20260729_isolated_FBs_200_microL_004_C2_segmentation,66,spore,13.592531359019251,13.592531359019251,34.23906891276762,0.8044438592247825,4.379175470210943,2.3880895162649636
6601,20260729_isolated_FBs_200_microL_004_C2_segmentation,67,spore,16.5634327972575,16.5634327972575,43.13576526377186,0.728473096463271,4.127660937571185,2.766994653338071
6602,20260729_isolated_FBs_200_microL_004_C2_segmentation,68,spore,10.831959226143,10.831959226143,27.998226733785117,0.8455869580738828,3.5781576584200097,2.373864078168208
6603,20260729_isolated_FBs_200_microL_004_C2_segmentation,69,spore,6.3098791608600004,6.3098791608600004,22.356839533713654,0.738620022473362,3.2805530476633162,1.9174132309285663
6604,20260729_isolated_FBs_200_microL_004_C2_segmentation,70,spore,21.05922169937025,21.05922169937025,63.52863940374384,0.5805096560844333,5.219803912673457,2.247936402932237
6607,20260729_isolated_FBs_200_microL_004_C2_segmentation,73,spore,11.75214993710175,11.75214993710175,28.74061291000264,0.8697604353960453,3.587975622975049,2.475783370712837
6608,20260729_isolated_FBs_200_microL_004_C2_segmentation,74,spore,23.68833801639525,23.68833801639525,63.94673827740273,0.6237666071710074,5.298882817883711,2.357455035576522
6609,20260729_isolated_FBs_200_microL_004_C2_segmentation,75,spore,16.195356512874,16.195356512874,102.84222832884358,0.30100449988768624,6.618643818453083,2.6396218871222423
6610,20260729_isolated_FBs_200_microL_004_C2_segmentation,76,spore,10.12209782054625,10.12209782054625,36.021539651782604,0.6282061823884981,3.925023051806114,2.244594365644833
6611,20260729_isolated_FBs_200_microL_004_C2_segmentation,77,spore,11.778441100272001,11.778441100272001,52.30622385027537,0.47861829950693435,4.105808363078514,2.471405956257218
6612,20260729_isolated_FBs_200_microL_004_C2_segmentation,78,spore,20.401942620114,20.401942620114,49.98938432831898,0.7223051050678764,4.466409513863059,2.882683210420412
6613,20260729_isolated_FBs_200_microL_004_C2_segmentation,79,spore,13.69769601170025,13.69769601170025,37.39063608989602,0.7404338875128776,3.7332849996737303,2.5934228191288695
6618,20260729_isolated_FBs_200_microL_004_C2_segmentation,84,spore,8.75495733569325,8.75495733569325,25.034332159111226,0.8205734674207906,3.486637037192855,2.1081103605902425
6619,20260729_isolated_FBs_200_microL_004_C2_segmentation,85,spore,19.42916958281475,19.42916958281475,56.66080598134239,0.6168376432385869,5.210164029167858,2.65264210942438
6620,20260729_isolated_FBs_200_microL_004_C2_segmentation,86,spore,10.2535536363975,10.2535536363975,30.18418784981518,0.7561725383269299,3.7164852427572725,2.2402279934458047
6621,20260729_isolated_FBs_200_microL_004_C2_segmentation,87,spore,14.01318996974325,14.01318996974325,77.14864102933274,0.3643458695645024,6.083238036949809,2.6217034718770935
6622,20260729_isolated_FBs_200_microL_004_C2_segmentation,88,spore,11.54182063173975,11.54182063173975,36.04230377019742,0.6852585490510386,3.6592458449265157,2.5261640917478387
6623,20260729_isolated_FBs_200_microL_004_C2_segmentation,89,spore,19.42916958281475,19.42916958281475,56.15034285890751,0.6224453181586519,4.409163862368375,2.9356675159440955
6624,20260729_isolated_FBs_200_microL_004_C2_segmentation,90,spore,13.723987174870501,13.723987174870501,36.476182990322805,0.7599673617463659,4.097703522204936,2.4521500735362594
6625,20260729_isolated_FBs_200_microL_004_C2_segmentation,91,spore,18.43010538234525,18.43010538234525,71.8899751329877,0.46935451875374035,6.1339048483536205,2.686583384595289
6627,20260729_isolated_FBs_200_microL_004_C2_segmentation,93,spore,8.6760838461825,8.6760838461825,26.16018223980508,0.7805352473357422,3.8825446210463133,2.0132873747377773
6628,20260729_isolated_FBs_200_microL_004_C2_segmentation,94,spore,23.267679405671252,23.267679405671252,60.71498528904317,0.6491677621633196,4.819814930491675,3.0731543100725904
6629,20260729_isolated_FBs_200_microL_004_C2_segmentation,95,spore,12.33055552684725,12.33055552684725,65.79113676206825,0.3923182364808826,5.496307202699225,2.5118826037268542
6631,20260729_isolated_FBs_200_microL_004_C2_segmentation,97,spore,12.462011342698501,12.462011342698501,32.60993613301649,0.797124708274636,4.258108041202885,2.3370641755533623
6632,20260729_isolated_FBs_200_microL_004_C2_segmentation,98,spore,16.16906534970375,16.16906534970375,42.21635898261739,0.7324758232083879,4.340846092952378,2.6627062942054045
6633,20260729_isolated_FBs_200_microL_004_C2_segmentation,99,spore,16.510850470917,16.510850470917,40.15912077708663,0.7808115423085397,4.539467022681385,2.6228049060945304
6634,20260729_isolated_FBs_200_microL_004_C2_segmentation,100,spore,17.299585366024502,17.299585366024502,46.85849484245963,0.6903239159083462,3.974309074017139,2.880534330731338
6635,20260729_isolated_FBs_200_microL_004_C2_segmentation,101,spore,14.59159555948875,14.59159555948875,36.2702657518108,0.7961628505290564,4.4437745793501655,2.4131210703535975
6636,20260729_isolated_FBs_200_microL_004_C2_segmentation,102,spore,14.38126625412675,14.38126625412675,37.1795996202934,0.7692086636816353,4.258412453219728,2.478791093842512
6637,20260729_isolated_FBs_200_microL_004_C2_segmentation,103,spore,14.59159555948875,14.59159555948875,35.429005765712475,0.8150676979582292,4.3747638094158425,2.442289536648178
6639,20260729_isolated_FBs_200_microL_004_C2_segmentation,105,spore,15.538077433617751,15.538077433617751,36.06043232301715,0.8350607085569476,4.484578117998883,2.5302407199082433
6640,20260729_isolated_FBs_200_microL_004_C2_segmentation,106,spore,10.75308573663225,10.75308573663225,32.26122288994969,0.7302844240356544,3.9575340265115266,2.2604927334611293
6641,20260729_isolated_FBs_200_microL_004_C2_segmentation,107,spore,10.6742122471215,10.6742122471215,29.236749253275697,0.8018853221773816,3.9335639172596557,2.2054465579474787
6642,20260729_isolated_FBs_200_microL_004_C2_segmentation,108,spore,15.27516580191525,15.27516580191525,36.383253387679396,0.8182886902294786,4.441836353791732,2.552002077327743
6643,20260729_isolated_FBs_200_microL_004_C2_segmentation,109,spore,8.1502605827775,8.1502605827775,31.14795760346827,0.6287850574451654,3.2540316379613405,2.262216460415914
6644,20260729_isolated_FBs_200_microL_004_C2_segmentation,110,spore,9.911768515184251,9.911768515184251,28.65170840309112,0.7788151105144494,3.5190890745138272,2.3009495627569865
6645,20260729_isolated_FBs_200_microL_004_C2_segmentation,111,spore,10.70050341029175,10.70050341029175,28.693867145789195,0.8183979154153029,3.5820458010118443,2.3682177501797685
6646,20260729_isolated_FBs_200_microL_004_C2_segmentation,112,spore,6.625373118903,6.625373118903,23.454004617207058,0.7273453707063904,3.209127916087561,1.7424696394553911
6647,20260729_isolated_FBs_200_microL_004_C2_segmentation,113,spore,17.1944207133435,17.1944207133435,50.242590057058834,0.6412151931222705,4.152068102740042,2.867529697974049
6648,20260729_isolated_FBs_200_microL_004_C2_segmentation,114,spore,11.90989691612325,11.90989691612325,30.300577652976923,0.8323485324993891,3.699649243392015,2.460500446345788
6649,20260729_isolated_FBs_200_microL_004_C2_segmentation,115,spore,23.451717547863,23.451717547863,69.72408385549762,0.5682652219817935,5.940315840467778,2.4890091331874316
6650,20260729_isolated_FBs_200_microL_004_C2_segmentation,116,spore,12.85637879025225,12.85637879025225,32.46492528526824,0.8174894497979914,4.288286350604387,2.3135603612441287
6651,20260729_isolated_FBs_200_microL_004_C2_segmentation,117,spore,10.621629920781,10.621629920781,32.93406132604551,0.7095226736037749,4.035854677542161,2.2341713206423575
6652,20260729_isolated_FBs_200_microL_004_C2_segmentation,118,spore,15.748406738979751,15.748406738979751,47.57558916416512,0.6386423258597169,4.161770674842871,2.808107892914713
6662,20260729_isolated_FBs_200_microL_004_C2_segmentation,128,spore,14.74934253851025,14.74934253851025,34.51291476798045,0.84272186102015,3.7092651197123243,2.7215151433612363
6663,20260729_isolated_FBs_200_microL_004_C2_segmentation,129,spore,15.091127659723501,15.091127659723501,35.79977206941276,0.824932330851036,4.04798963273359,2.630298960785567
6664,20260729_isolated_FBs_200_microL_004_C2_segmentation,130,spore,5.60001775526325,5.60001775526325,22.25136608067737,0.6853625687538355,2.802959369373409,1.965435116154699
6665,20260729_isolated_FBs_200_microL_004_C2_segmentation,131,spore,17.247003039684,17.247003039684,52.352508103058895,0.6166267936323989,4.173979853232493,2.9018843332027378
6666,20260729_isolated_FBs_200_microL_004_C2_segmentation,132,spore,13.22445507463575,13.22445507463575,32.65661846686046,0.8281292082528213,3.881666319092843,2.511524697451212
6667,20260729_isolated_FBs_200_microL_004_C2_segmentation,133,spore,13.64511368535975,13.64511368535975,48.14520586397772,0.573564832734539,4.047354611395169,2.277912980488454
6668,20260729_isolated_FBs_200_microL_004_C2_segmentation,134,spore,17.0892560606625,17.0892560606625,41.49183912786076,0.7732801770365522,4.45348032695664,2.6627568887247612
6669,20260729_isolated_FBs_200_microL_004_C2_segmentation,135,spore,14.328683927786251,14.328683927786251,42.24605141963892,0.675308479641712,4.266008775723336,2.5107813149566938
6670,20260729_isolated_FBs_200_microL_004_C2_segmentation,136,spore,13.9343164802325,13.9343164802325,34.04704097103095,0.8224860320355858,4.040069220429146,2.5058239358109753
6671,20260729_isolated_FBs_200_microL_004_C2_segmentation,137,spore,19.6132077250065,19.6132077250065,76.72963905173596,0.45837408349120057,6.112358905414319,2.6648800841219282
6672,20260729_isolated_FBs_200_microL_004_C2_segmentation,138,spore,16.43197698140625,16.43197698140625,39.13836363355075,0.7986221276161805,3.5872734556196355,2.902705217112968
6673,20260729_isolated_FBs_200_microL_004_C2_segmentation,139,spore,12.59346715854975,12.59346715854975,30.769132817109174,0.8507443574355519,3.650284609110527,2.5566290409010977
6674,20260729_isolated_FBs_200_microL_004_C2_segmentation,140,spore,16.48455930774675,16.48455930774675,46.615571812120756,0.6719516161858152,4.362995814016193,2.713169969563772
6675,20260729_isolated_FBs_200_microL_004_C2_segmentation,141,spore,12.830087627082001,12.830087627082001,34.87889887657901,0.7598731639059088,3.688775897956614,2.558605421087864
6676,20260729_isolated_FBs_200_microL_004_C2_segmentation,142,spore,12.5671759953795,12.5671759953795,42.59322736134423,0.6137177827763959,3.5749237768559223,2.5483180221741075
6677,20260729_isolated_FBs_200_microL_004_C2_segmentation,143,spore,15.27516580191525,15.27516580191525,57.214228212570035,0.5203601567476963,5.3019991614186885,2.4748454621255727
6678,20260729_isolated_FBs_200_microL_004_C2_segmentation,144,spore,12.12022622148525,12.12022622148525,35.093482568253236,0.7271066891694605,3.589101405822775,2.5389351625345338
6679,20260729_isolated_FBs_200_microL_004_C2_segmentation,145,spore,15.48549510727725,15.48549510727725,42.276999060737296,0.7106624504647459,4.492973714981384,2.564440857147519
6680,20260729_isolated_FBs_200_microL_004_C2_segmentation,146,spore,15.879862554831,15.879862554831,45.04518271608323,0.6782663389079352,4.142692090460555,2.8202903333082676
6681,20260729_isolated_FBs_200_microL_004_C2_segmentation,147,spore,15.95873604434175,15.95873604434175,49.498825913867165,0.6192816635442856,3.977210219624423,2.8621857866509917
6682,20260729_isolated_FBs_200_microL_004_C2_segmentation,148,spore,19.823537030368502,19.823537030368502,55.21097645037076,0.6415730717722056,5.246016033779823,2.638636759920199
6683,20260729_isolated_FBs_200_microL_004_C2_segmentation,149,spore,15.85357139166075,15.85357139166075,39.97253213262452,0.7634967732809306,4.216624900384332,2.628092554703626
6684,20260729_isolated_FBs_200_microL_004_C2_segmentation,150,spore,18.9822198089205,18.9822198089205,58.835696561826154,0.5848904860247218,4.663482558548478,2.552353983882248
6685,20260729_isolated_FBs_200_microL_004_C2_segmentation,151,spore,9.464818741290001,9.464818741290001,28.539606443268653,0.7581893481801648,3.535851956323565,2.252253896936661
6686,20260729_isolated_FBs_200_microL_004_C2_segmentation,152,spore,12.987834606103501,12.987834606103501,31.96915441906717,0.8358162453907446,3.8123342448282025,2.5242509247800866
6687,20260729_isolated_FBs_200_microL_004_C2_segmentation,153,spore,14.828216028021,14.828216028021,58.71813334425083,0.4970931974072986,4.096527696879705,2.5411672725627406
6688,20260729_isolated_FBs_200_microL_004_C2_segmentation,154,spore,15.222583475574751,15.222583475574751,46.964843592704355,0.6324654707379024,3.6401865197541174,2.9795667320572736
6689,20260729_isolated_FBs_200_microL_004_C2_segmentation,155,spore,16.80005326578975,16.80005326578975,35.86213798617997,0.8845486412133289,3.5797039269826896,2.9298403975274105
6690,20260729_isolated_FBs_200_microL_004_C2_segmentation,156,spore,18.69301701404775,18.69301701404775,60.48227615742478,0.5631735702866202,4.696031151277267,2.6380498766528406
6691,20260729_isolated_FBs_200_microL_004_C2_segmentation,157,spore,14.6704690489995,14.6704690489995,37.095102987523816,0.7812623152569448,4.462781416926248,2.4581788729987935
6692,20260729_isolated_FBs_200_microL_004_C2_segmentation,158,spore,16.11648302336325,16.11648302336325,49.47231087670771,0.6236899953574112,3.658456255083744,2.980786636809567
6693,20260729_isolated_FBs_200_microL_004_C2_segmentation,159,spore,16.616015123598,16.616015123598,44.38597944499553,0.709451812645374,4.25012000532416,2.8142731824558607
6694,20260729_isolated_FBs_200_microL_004_C2_segmentation,160,spore,17.036673734322,17.036673734322,41.565233752016894,0.7703305144688883,4.236697476417028,2.74850937883586
6695,20260729_isolated_FBs_200_microL_004_C2_segmentation,161,spore,16.379394655065752,16.379394655065752,39.65415987855802,0.7865516915030846,4.2786916916181665,2.623572520894481
6696,20260729_isolated_FBs_200_microL_004_C2_segmentation,162,spore,10.516465268100001,10.516465268100001,33.789128360290746,0.6869951383943872,4.156549275475092,2.069040313024389
6697,20260729_isolated_FBs_200_microL_004_C2_segmentation,163,spore,12.8826699534225,12.8826699534225,30.77014154859561,0.8636913115695224,3.648448374765507,2.5722190774452947
6699,20260729_isolated_FBs_200_microL_004_C2_segmentation,165,spore,7.17748754547825,7.17748754547825,21.807749211042502,0.8251284825109705,3.348207260455673,1.8698323839587982
6701,20260729_isolated_FBs_200_microL_004_C2_segmentation,167,spore,10.54275643127025,10.54275643127025,27.44479434364883,0.847214914381163,3.5296758269652466,2.3316658423900103
6702,20260729_isolated_FBs_200_microL_004_C2_segmentation,168,spore,15.43291278093675,15.43291278093675,38.482169995811745,0.7789743758460064,3.6756216071642016,2.8304595892895885
6703,20260729_isolated_FBs_200_microL_004_C2_segmentation,169,spore,13.434784379997751,13.434784379997751,31.433913515787026,0.8694397081866096,3.611120647361137,2.590756455324282
6704,20260729_isolated_FBs_200_microL_004_C2_segmentation,170,spore,10.5690475944405,10.5690475944405,35.20453663438842,0.6615703928948568,3.8783586681639224,2.1706058249021662
6705,20260729_isolated_FBs_200_microL_004_C2_segmentation,171,spore,12.540884832209251,12.540884832209251,33.86324217699986,0.7708579830410357,3.7101051252279706,2.455978693447005
6707,20260729_isolated_FBs_200_microL_004_C2_segmentation,173,spore,14.302392764616,14.302392764616,32.625462506426345,0.8733733067054037,3.583866473792514,2.7370670185124495
6718,20260729_isolated_FBs_200_microL_004_C2_segmentation,184,spore,14.775633701680501,14.775633701680501,37.02132598875299,0.7865558499671267,4.1239338301459805,2.607649299867036
6719,20260729_isolated_FBs_200_microL_004_C2_segmentation,185,spore,8.833830825204,8.833830825204,24.99623709494679,0.8267525460630157,3.3692956601073107,2.2391809580986464
6720,20260729_isolated_FBs_200_microL_004_C2_segmentation,186,spore,12.2516820373365,12.2516820373365,31.401905420070108,0.8184495886547724,3.782070862533625,2.468011392143221
6721,20260729_isolated_FBs_200_microL_004_C2_segmentation,187,spore,12.935252279763,12.935252279763,30.70969418727339,0.8677445639303145,3.6204210845427163,2.6009833582370345
6722,20260729_isolated_FBs_200_microL_004_C2_segmentation,188,spore,10.095806657376,10.095806657376,27.709216833409588,0.8152432717934324,3.5665625774403646,2.2809806269714237
6723,20260729_isolated_FBs_200_microL_004_C2_segmentation,189,spore,11.936188079293501,11.936188079293501,34.36044000121235,0.7350820935353181,3.593409100912051,2.4120308087377267
6725,20260729_isolated_FBs_200_microL_004_C2_segmentation,191,spore,10.516465268100001,10.516465268100001,29.923627873706856,0.7757403952513494,3.4745078110872836,2.3917647442683303
6728,20260729_isolated_FBs_200_microL_004_C2_segmentation,194,spore,8.54462803033125,8.54462803033125,27.667687832969776,0.7305333245482849,3.041616222989755,2.240818528856243
6729,20260729_isolated_FBs_200_microL_004_C2_segmentation,195,spore,11.90989691612325,11.90989691612325,32.38469193651385,0.7787828086424612,3.938962390153841,2.36599225201319
6731,20260729_isolated_FBs_200_microL_004_C2_segmentation,197,spore,12.383137853187751,12.383137853187751,37.31879298239106,0.6936020065588353,3.5456011349308736,2.5635466095205355
6732,20260729_isolated_FBs_200_microL_004_C2_segmentation,198,spore,13.6188225221895,13.6188225221895,31.880365195489798,0.8650752302092948,3.6014784590868603,2.593807367374131
6733,20260729_isolated_FBs_200_microL_004_C2_segmentation,199,spore,11.252617836867,11.252617836867,28.978683671518112,0.8379945291330779,3.5649272691433205,2.345608670033518
6734,20260729_isolated_FBs_200_microL_004_C2_segmentation,200,spore,10.70050341029175,10.70050341029175,27.203647117909,0.8632298807411725,3.500544855615464,2.349505217084432
6735,20260729_isolated_FBs_200_microL_004_C2_segmentation,201,spore,9.85918618884375,9.85918618884375,27.25656094174201,0.8157813607766642,3.401788792021847,2.3465254331238605
6736,20260729_isolated_FBs_200_microL_004_C2_segmentation,202,spore,11.042288531505001,11.042288531505001,27.746426530951332,0.8642707070723156,3.5188297684439744,2.43673736393628
6737,20260729_isolated_FBs_200_microL_004_C2_segmentation,203,spore,10.306135962738,10.306135962738,26.74663515763421,0.8562729325462386,3.421632980907513,2.3763824555174997
6739,20260729_isolated_FBs_200_microL_004_C2_segmentation,205,spore,12.383137853187751,12.383137853187751,30.27087894012854,0.8550921083638118,3.538520923848187,2.5156353842745225
6740,20260729_isolated_FBs_200_microL_004_C2_segmentation,206,spore,9.911768515184251,9.911768515184251,29.85399762673965,0.7474504327820616,3.185675040024842,2.3747054277400337
6741,20260729_isolated_FBs_200_microL_004_C2_segmentation,207,spore,8.518336867161,8.518336867161,30.207158649883446,0.6677452209418488,3.3715984404662143,2.200724785877512
6746,20260729_isolated_FBs_200_microL_004_C2_segmentation,212,spore,8.518336867161,8.518336867161,24.29920693666591,0.8300964669038502,2.8602874794535746,2.292648088340851
6752,20260729_isolated_FBs_200_microL_004_C2_segmentation,218,spore,8.1502605827775,8.1502605827775,23.3019985152223,0.84050174057826,2.9463025752975884,2.269760965027964
6765,20260729_isolated_FBs_200_microL_004_C2_segmentation,2,vc,22.925894284458,22.925894284458,182.20119675966575,0.21419882766384332,8.572721550300502,3.7110758165580306
6773,20260729_isolated_FBs_200_microL_004_C2_segmentation,10,vc,5.91551171330625,5.91551171330625,64.3887162903811,0.24566082361070168,5.978638677558486,3.4510504427155935
6781,20260729_isolated_FBs_200_microL_004_C2_segmentation,18,vc,5.81034706062525,5.81034706062525,53.50047311079717,0.2921423721934612,3.940967198311009,2.031216080583359
6785,20260729_isolated_FBs_200_microL_004_C2_segmentation,22,vc,6.70424660841375,6.70424660841375,48.60366893009422,0.35376515834455446,3.8364932595923973,1.887433695199997
6789,20260729_isolated_FBs_200_microL_004_C2_segmentation,26,vc,27.57943016559225,27.57943016559225,206.01169885423013,0.21428039263490817,8.249400311528053,3.1498188545476475
6790,20260729_isolated_FBs_200_microL_004_C2_segmentation,27,vc,32.04892790453475,32.04892790453475,245.99920681504722,0.19834720657449914,8.766575353371238,3.3432524416740783
6792,20260729_isolated_FBs_200_microL_004_C2_segmentation,29,vc,5.60001775526325,5.60001775526325,51.44567870555744,0.29643409901573703,7.008969606762982,1.9909823691935769
6798,20260729_isolated_FBs_200_microL_004_C2_segmentation,35,vc,9.70143920982225,9.70143920982225,95.26535710144809,0.23090849067263955,6.387422233738444,2.5553882078563976
6808,20260729_isolated_FBs_200_microL_004_C2_segmentation,45,vc,6.3098791608600004,6.3098791608600004,36.39330412636812,0.45374306387477953,3.7157022185521194,2.058130550539299
6829,20260729_isolated_FBs_200_microL_004_C2_segmentation,66,vc,6.099549855498,6.099549855498,58.329510277293764,0.2767755046124181,3.961263515594596,2.387177501098738
6842,20260729_isolated_FBs_200_microL_004_C2_segmentation,79,vc,14.565304396318501,14.565304396318501,134.53331116190537,0.2143880973675975,5.484785254169284,2.8797727305954237
6843,20260729_isolated_FBs_200_microL_004_C2_segmentation,80,vc,6.625373118903,6.625373118903,56.281718700718216,0.30310306928551856,4.59827982012204,2.0186497435800277
6855,20260729_isolated_FBs_200_microL_004_C2_segmentation,92,vc,10.27984479956775,10.27984479956775,86.57836483338559,0.2640781388481796,4.418909983947349,3.1173248890616243
7032,20260729_isolated_FBs_200_microL_005_C2_segmentation,2,spore,17.247003039684,17.247003039684,67.97261757163722,0.4749259387602812,4.795657753010247,2.8574310173338766
7033,20260729_isolated_FBs_200_microL_005_C2_segmentation,3,spore,16.48455930774675,16.48455930774675,40.19024629258319,0.7793783743087181,4.740567913591046,2.560432308756099
7034,20260729_isolated_FBs_200_microL_005_C2_segmentation,4,spore,19.42916958281475,19.42916958281475,57.425564563486475,0.6086229763904323,5.072665795848935,2.7861444718722965
7035,20260729_isolated_FBs_200_microL_005_C2_segmentation,5,spore,11.0948708578455,11.0948708578455,34.25211736654034,0.7023359010639179,4.0015413038003755,2.289360501463235
7037,20260729_isolated_FBs_200_microL_005_C2_segmentation,7,spore,16.379394655065752,16.379394655065752,44.12841985659852,0.706801798681439,4.849913883263664,2.539903840854943
7038,20260729_isolated_FBs_200_microL_005_C2_segmentation,8,spore,21.42729798375375,21.42729798375375,72.53319280022495,0.5143502269615434,5.308588468014312,2.4554527995112503
7039,20260729_isolated_FBs_200_microL_005_C2_segmentation,9,spore,16.616015123598,16.616015123598,44.90325268881424,0.7012791209474393,4.049710729402176,2.896648508641587
7040,20260729_isolated_FBs_200_microL_005_C2_segmentation,10,spore,18.58785236136675,18.58785236136675,57.442818984102075,0.590746543805918,4.89782527074631,2.7972992109683044
7042,20260729_isolated_FBs_200_microL_005_C2_segmentation,12,spore,7.7296019720535005,7.7296019720535005,30.049528823326867,0.6291456697280782,3.806233316116827,2.0013757875200526
7043,20260729_isolated_FBs_200_microL_005_C2_segmentation,13,spore,10.621629920781,10.621629920781,30.74456134677154,0.7600519318237171,4.113521353530459,2.162408552968609
7044,20260729_isolated_FBs_200_microL_005_C2_segmentation,14,spore,18.298649566494,18.298649566494,74.47830950011004,0.45088626652043234,5.298026153395037,2.7339676743912698
7045,20260729_isolated_FBs_200_microL_005_C2_segmentation,15,spore,18.53527003502625,18.53527003502625,71.56162165189937,0.47330006340937203,5.373097536752067,2.7289427129464197
7046,20260729_isolated_FBs_200_microL_005_C2_segmentation,16,spore,17.01038257115175,17.01038257115175,45.6340874286517,0.7009238027788096,4.7881076086667385,2.6331623947199514
7047,20260729_isolated_FBs_200_microL_005_C2_segmentation,17,spore,13.040416932444,13.040416932444,48.94663484378836,0.5473800149153233,3.5937735924162544,2.7989691303698265
7048,20260729_isolated_FBs_200_microL_005_C2_segmentation,18,spore,19.376587256474252,19.376587256474252,51.357401526812026,0.6793067676568861,5.040517475438639,2.7064066593049083
7050,20260729_isolated_FBs_200_microL_005_C2_segmentation,20,spore,23.32026173201175,23.32026173201175,82.50475000554043,0.4784399673101429,5.030568364247736,2.364584809111615
7052,20260729_isolated_FBs_200_microL_005_C2_segmentation,22,spore,25.2920989697805,25.2920989697805,74.08241228035351,0.5624607963544584,6.227845670101609,2.2697113457252676
7053,20260729_isolated_FBs_200_microL_005_C2_segmentation,23,spore,8.3605898881395,8.3605898881395,24.473493931435236,0.8139781794989547,3.422228535456879,2.106188722117458
7054,20260729_isolated_FBs_200_microL_005_C2_segmentation,24,spore,9.2019071095875,9.2019071095875,25.572497881523915,0.8304169460575577,3.5080576237781775,2.196233022043551
7055,20260729_isolated_FBs_200_microL_005_C2_segmentation,25,spore,14.3549750909565,14.3549750909565,39.63922985582771,0.7205993708157589,4.488677491887774,2.4912839768103936
7056,20260729_isolated_FBs_200_microL_005_C2_segmentation,26,spore,17.48362350821625,17.48362350821625,41.77358588674737,0.7798360921964606,4.570598717871583,2.7220687716363234
7057,20260729_isolated_FBs_200_microL_005_C2_segmentation,27,spore,8.43946337765025,8.43946337765025,34.05326820286287,0.5886654508526677,3.7989735980180135,1.844868166946523
7058,20260729_isolated_FBs_200_microL_005_C2_segmentation,28,spore,10.5690475944405,10.5690475944405,35.16142344289727,0.6623815776604586,4.256587561235297,2.116915046878786
7059,20260729_isolated_FBs_200_microL_005_C2_segmentation,29,spore,15.32774812825575,15.32774812825575,59.246501080536135,0.5036633162909052,4.568779968253198,2.358326928112905
7060,20260729_isolated_FBs_200_microL_005_C2_segmentation,30,spore,13.01412576927375,13.01412576927375,32.967207783324824,0.8116060805604136,3.6919120871443494,2.60332408188971
7062,20260729_isolated_FBs_200_microL_005_C2_segmentation,32,spore,15.248874638745,15.248874638745,35.578073023443025,0.8358472123715283,4.635959308621897,2.445627791302384
7063,20260729_isolated_FBs_200_microL_005_C2_segmentation,33,spore,15.012254170212751,15.012254170212751,38.89547585359645,0.7566278240972466,4.031047750901127,2.6739074774559906
7065,20260729_isolated_FBs_200_microL_005_C2_segmentation,35,spore,8.570919193501501,8.570919193501501,27.159059098616915,0.7457404001394856,3.7543525972041163,2.049002755912279
7066,20260729_isolated_FBs_200_microL_005_C2_segmentation,36,spore,6.65166428207325,6.65166428207325,26.862002129341093,0.6367456104893184,3.305491166177119,1.9203322027817378
7067,20260729_isolated_FBs_200_microL_005_C2_segmentation,37,spore,11.43665597905875,11.43665597905875,35.56600425065482,0.6902108045094782,3.9311263661017395,2.371125750386271
7072,20260729_isolated_FBs_200_microL_005_C2_segmentation,42,spore,45.19450948965975,45.19450948965975,154.54064379399233,0.3970378028250922,7.354342761622086,3.7091141620579857
7075,20260729_isolated_FBs_200_microL_005_C2_segmentation,45,spore,27.158771554868252,27.158771554868252,73.92431484735852,0.5910672517547129,5.698268740115705,3.0628548671178883
7076,20260729_isolated_FBs_200_microL_005_C2_segmentation,46,spore,21.558753799605,21.558753799605,106.51437842202111,0.35168862555706604,5.573146484561327,2.949213184262041
7082,20260729_isolated_FBs_200_microL_005_C2_segmentation,52,spore,46.0095355479375,46.0095355479375,121.51935144602263,0.5109800144854882,6.460738361190082,3.864082868333922
7085,20260729_isolated_FBs_200_microL_005_C2_segmentation,55,spore,8.38688105130975,8.38688105130975,30.433761315647704,0.655937031367061,3.677550096156906,2.0440031814196438
7087,20260729_isolated_FBs_200_microL_005_C2_segmentation,57,spore,11.462947142229,11.462947142229,45.14157943557419,0.5446341894243781,4.345940968315995,2.201680885370342
7088,20260729_isolated_FBs_200_microL_005_C2_segmentation,58,spore,8.54462803033125,8.54462803033125,30.261292737359163,0.6679214979547307,3.906544110100043,2.049398317405499
7089,20260729_isolated_FBs_200_microL_005_C2_segmentation,59,spore,23.89866732175725,23.89866732175725,74.77553328735725,0.536587306286522,7.564722704562315,2.541678303666168
7090,20260729_isolated_FBs_200_microL_005_C2_segmentation,60,spore,16.537141634087252,16.537141634087252,37.67238456759485,0.8332359083894069,3.7973556987699606,2.8962483243773027
7091,20260729_isolated_FBs_200_microL_005_C2_segmentation,61,spore,17.48362350821625,17.48362350821625,58.468369231904106,0.5571653597134777,4.927688480665707,2.657820895578273
7092,20260729_isolated_FBs_200_microL_005_C2_segmentation,62,spore,13.8291518275515,13.8291518275515,62.0773719238032,0.4488292635351474,4.30566270192098,2.554568834943213
7093,20260729_isolated_FBs_200_microL_005_C2_segmentation,63,spore,11.936188079293501,11.936188079293501,36.05455451353737,0.7005424005836035,3.7918484834984523,2.4503651547549268
7096,20260729_isolated_FBs_200_microL_005_C2_segmentation,66,spore,7.913640114245251,7.913640114245251,37.06165852051694,0.5181754163277607,3.285391009359166,2.178042876316588
7097,20260729_isolated_FBs_200_microL_005_C2_segmentation,67,spore,30.760660909192502,30.760660909192502,94.4933358240335,0.5024351929617678,6.290802487020446,3.214750893644343
7098,20260729_isolated_FBs_200_microL_005_C2_segmentation,68,spore,12.015061568804251,12.015061568804251,38.354608225086054,0.6614300277707038,3.747181283813714,2.5456001417402865
7099,20260729_isolated_FBs_200_microL_005_C2_segmentation,69,spore,30.6554962565115,30.6554962565115,73.33723665757947,0.6458997999705324,6.94010572736138,2.897109045118097
7100,20260729_isolated_FBs_200_microL_005_C2_segmentation,70,spore,13.461075543168,13.461075543168,33.6306555558174,0.8137080874586736,4.433666472585733,2.334984616153015
7104,20260729_isolated_FBs_200_microL_005_C2_segmentation,74,spore,17.06296489749225,17.06296489749225,45.46411145120676,0.704993449456342,4.8217220555470295,2.552869423220628
7105,20260729_isolated_FBs_200_microL_005_C2_segmentation,75,spore,9.359654088609,9.359654088609,34.343454297079575,0.625383879206397,3.6193063506372773,2.1372478880559176
7107,20260729_isolated_FBs_200_microL_005_C2_segmentation,77,spore,13.0929992587845,13.0929992587845,39.39920663230926,0.6818508873175315,4.319857493727677,2.3089463634707004
7108,20260729_isolated_FBs_200_microL_005_C2_segmentation,78,spore,14.90708951753175,14.90708951753175,61.899323524464165,0.47321677118157884,5.009581134613631,2.5041401411954913
7109,20260729_isolated_FBs_200_microL_005_C2_segmentation,79,spore,16.27423000238475,16.27423000238475,60.160429121514966,0.5162263461654906,5.20692089545965,2.5229243209596346
7110,20260729_isolated_FBs_200_microL_005_C2_segmentation,80,spore,26.21228968073925,26.21228968073925,73.47734323707365,0.5807652896416347,6.8799238071357545,2.3483285852594165
7112,20260729_isolated_FBs_200_microL_005_C2_segmentation,82,spore,17.036673734322,17.036673734322,79.71829056858735,0.40165146131253987,6.391445719140525,2.5614438551421914
7113,20260729_isolated_FBs_200_microL_005_C2_segmentation,83,spore,8.54462803033125,8.54462803033125,24.49782481425187,0.8250596993176675,3.1879101228950666,2.1487574470567927
7114,20260729_isolated_FBs_200_microL_005_C2_segmentation,84,spore,26.79069527048475,26.79069527048475,80.84821033167057,0.5355537156477134,5.284806739929866,3.1570840591519396
7115,20260729_isolated_FBs_200_microL_005_C2_segmentation,85,spore,15.5117862704475,15.5117862704475,59.552049660735904,0.5050820707420053,5.087536220947181,2.402056710231955
7116,20260729_isolated_FBs_200_microL_005_C2_segmentation,86,spore,35.151285158624255,35.151285158624255,97.27483459177583,0.5334713434788428,6.167579154069157,3.3234880295213407
7118,20260729_isolated_FBs_200_microL_005_C2_segmentation,88,spore,7.834766624734501,7.834766624734501,61.39860011527912,0.3107012722032324,5.011640786995705,2.261578187753459
7120,20260729_isolated_FBs_200_microL_005_C2_segmentation,90,spore,15.27516580191525,15.27516580191525,43.14723593582586,0.6900095478925273,4.2817027340037415,2.5895163246890145
7121,20260729_isolated_FBs_200_microL_005_C2_segmentation,91,spore,16.74747093944925,16.74747093944925,42.57715779315019,0.7434873996721815,4.123598212024283,2.7543828869224742
7122,20260729_isolated_FBs_200_microL_005_C2_segmentation,92,spore,9.5174010676305,9.5174010676305,37.21640266815642,0.5835731651454912,3.5823545257172635,1.817175327122328
7123,20260729_isolated_FBs_200_microL_005_C2_segmentation,93,spore,15.748406738979751,15.748406738979751,37.01672726789225,0.8208122965074548,4.687892979296169,2.5142867383960747
7124,20260729_isolated_FBs_200_microL_005_C2_segmentation,94,spore,18.43010538234525,18.43010538234525,41.759803021526494,0.8079991341043542,4.6856870534948545,2.660006148068269
7125,20260729_isolated_FBs_200_microL_005_C2_segmentation,95,spore,16.090191860193002,16.090191860193002,38.19001303864299,0.8070649119683404,3.819861735473651,2.8227046965220643
7126,20260729_isolated_FBs_200_microL_005_C2_segmentation,96,spore,16.537141634087252,16.537141634087252,42.89669100253489,0.7317576913920946,4.181008909426205,2.8080058601606592
7127,20260729_isolated_FBs_200_microL_005_C2_segmentation,97,spore,16.195356512874,16.195356512874,42.68268986039445,0.7252582629330269,4.363125724271343,2.649147191806751
7129,20260729_isolated_FBs_200_microL_005_C2_segmentation,99,spore,20.5596895991355,20.5596895991355,81.08871069686437,0.44757734764567636,7.120562520046623,2.779643855698502
7130,20260729_isolated_FBs_200_microL_005_C2_segmentation,100,spore,10.91083271565375,10.91083271565375,39.21999728525733,0.606571261290937,3.920101847413786,2.3349242080106722
7132,20260729_isolated_FBs_200_microL_005_C2_segmentation,102,spore,17.48362350821625,17.48362350821625,51.06757105557743,0.6379106995220283,4.359846551691902,2.874201023290567
7133,20260729_isolated_FBs_200_microL_005_C2_segmentation,103,spore,16.3531034918955,16.3531034918955,45.773154107721936,0.6806754311110997,4.383913905304757,2.7059635150135772
7136,20260729_isolated_FBs_200_microL_005_C2_segmentation,106,spore,16.95780024481125,16.95780024481125,41.66294408495097,0.7661500697054304,4.455002733964915,2.7016491355818593
7137,20260729_isolated_FBs_200_microL_005_C2_segmentation,107,spore,19.63949888817675,19.63949888817675,57.97833866048451,0.6071629923362046,4.965248030160716,2.316904944169897
7139,20260729_isolated_FBs_200_microL_005_C2_segmentation,109,spore,10.64792108395125,10.64792108395125,58.67029959842757,0.39894133292440986,3.9276270448200643,2.673975506762656
7141,20260729_isolated_FBs_200_microL_005_C2_segmentation,111,spore,15.17000114923425,15.17000114923425,62.102438305483936,0.4771986593521128,4.093398012071558,2.900393637401394
7142,20260729_isolated_FBs_200_microL_005_C2_segmentation,112,spore,5.468561939412,5.468561939412,20.61541175129225,0.7281276692100956,3.124137858048301,1.6962932386792662
7143,20260729_isolated_FBs_200_microL_005_C2_segmentation,113,spore,17.32587652919475,17.32587652919475,84.71224072302675,0.38223879663129345,6.867353572746459,2.4590803333895765
7144,20260729_isolated_FBs_200_microL_005_C2_segmentation,114,spore,16.8789267553005,16.8789267553005,41.018882664222005,0.7757650040448326,4.6736232954310175,2.592325664258392
7145,20260729_isolated_FBs_200_microL_005_C2_segmentation,115,spore,15.038545333383,15.038545333383,39.28854935582311,0.7499322269008045,3.742464242430215,2.728967665387196
7147,20260729_isolated_FBs_200_microL_005_C2_segmentation,117,spore,8.833830825204,8.833830825204,29.83970937632197,0.6925571023369432,3.626562072971996,2.1550068708122048
7148,20260729_isolated_FBs_200_microL_005_C2_segmentation,118,spore,13.250746237806,13.250746237806,32.69152216126292,0.8283410930660842,4.283437023876219,2.438037162601269
7149,20260729_isolated_FBs_200_microL_005_C2_segmentation,119,spore,13.8291518275515,13.8291518275515,42.33813676051668,0.6580861430052691,4.443118071222245,2.5268159901688043
7150,20260729_isolated_FBs_200_microL_005_C2_segmentation,120,spore,21.322133331072752,21.322133331072752,60.44706672401261,0.6151712020313255,5.392927701132066,2.3145545583358564
7151,20260729_isolated_FBs_200_microL_005_C2_segmentation,121,spore,16.616015123598,16.616015123598,86.00777474410683,0.3661263608665801,5.003872496276205,3.0919704639578183
7152,20260729_isolated_FBs_200_microL_005_C2_segmentation,122,spore,18.5615611981965,18.5615611981965,52.44432845175696,0.6464405586213839,4.518798470741141,2.9339840523222525
7153,20260729_isolated_FBs_200_microL_005_C2_segmentation,123,spore,18.2460672401535,18.2460672401535,48.51328316235518,0.6908805585215771,4.694020712831264,2.7517165220095396
7154,20260729_isolated_FBs_200_microL_005_C2_segmentation,124,spore,17.877990955770002,17.877990955770002,45.421131630784444,0.7279563127404455,4.573084186148291,2.3698605581434693
7155,20260729_isolated_FBs_200_microL_005_C2_segmentation,125,spore,13.67140484853,13.67140484853,61.184193718916426,0.4519117630482685,4.008076381782921,2.841333472902664
7156,20260729_isolated_FBs_200_microL_005_C2_segmentation,126,spore,15.906153718001251,15.906153718001251,41.90753156946405,0.7298531617887181,4.600361150681879,2.5277718234446613
7157,20260729_isolated_FBs_200_microL_005_C2_segmentation,127,spore,9.911768515184251,9.911768515184251,40.69872305494039,0.5482821516600989,4.794804698239791,2.3241533535477448
7158,20260729_isolated_FBs_200_microL_005_C2_segmentation,128,spore,19.63949888817675,19.63949888817675,88.81933206886364,0.39633603149017704,6.580481626234861,2.787099201394385
7159,20260729_isolated_FBs_200_microL_005_C2_segmentation,129,spore,15.95873604434175,15.95873604434175,47.42723907301551,0.6463314300930829,4.021061609172262,2.766366290465457
7160,20260729_isolated_FBs_200_microL_005_C2_segmentation,130,spore,14.197228111935,14.197228111935,35.880851372940405,0.7902365122715126,4.446733808843078,2.3438326058895336
7161,20260729_isolated_FBs_200_microL_005_C2_segmentation,131,spore,14.4601397436375,14.4601397436375,34.581567487105126,0.8300185078163934,4.234782751020597,2.5463574901161974
7162,20260729_isolated_FBs_200_microL_005_C2_segmentation,132,spore,15.80098906532025,15.80098906532025,47.74922444476646,0.6377355849028286,4.158306874333401,2.719574039747865
7163,20260729_isolated_FBs_200_microL_005_C2_segmentation,133,spore,16.7737621026195,16.7737621026195,40.51168636412967,0.782211366002863,4.482063561789237,2.685876692698576
7166,20260729_isolated_FBs_200_microL_005_C2_segmentation,136,spore,15.748406738979751,15.748406738979751,48.42653861499988,0.6274201251405884,4.053274295364908,2.8069907428970016
7167,20260729_isolated_FBs_200_microL_005_C2_segmentation,137,spore,11.988770405634,11.988770405634,29.926789643286646,0.8464612647504416,3.639391394108245,2.464984341056933
7168,20260729_isolated_FBs_200_microL_005_C2_segmentation,138,spore,13.90802531706225,13.90802531706225,33.45678097026886,0.8359435535350176,3.798468855100102,2.554091088770906
7169,20260729_isolated_FBs_200_microL_005_C2_segmentation,139,spore,15.69582441263925,15.69582441263925,39.04327725215862,0.7764746485689603,4.453112078195944,2.561895333445575
7170,20260729_isolated_FBs_200_microL_005_C2_segmentation,140,spore,13.90802531706225,13.90802531706225,33.33074692149965,0.839104519319633,3.7953277472853784,2.5727312552375934
7171,20260729_isolated_FBs_200_microL_005_C2_segmentation,141,spore,14.01318996974325,14.01318996974325,34.19287725082495,0.8220656160450411,4.3067286041229185,2.428210749713795
7176,20260729_isolated_FBs_200_microL_005_C2_segmentation,146,spore,16.80005326578975,16.80005326578975,36.113240445028595,0.8783982006535022,3.565075295482339,2.939955817022379
7177,20260729_isolated_FBs_200_microL_005_C2_segmentation,147,spore,14.17093694876475,14.17093694876475,47.94942172467248,0.5906086378803922,4.92158917519957,2.205399168630558
7178,20260729_isolated_FBs_200_microL_005_C2_segmentation,148,spore,8.623501519842,8.623501519842,40.92836155800627,0.49687696248405844,3.4147234135902926,2.3228405759440816
7179,20260729_isolated_FBs_200_microL_005_C2_segmentation,149,spore,6.9934494032865,6.9934494032865,28.873266937119574,0.6125137230399031,3.034176589488569,2.170315583688734
7185,20260729_isolated_FBs_200_microL_005_C2_segmentation,155,spore,16.984091407981502,16.984091407981502,37.81620026773103,0.8449566875350936,4.608617315761316,2.613981539037852
7186,20260729_isolated_FBs_200_microL_005_C2_segmentation,156,spore,10.5690475944405,10.5690475944405,46.74259863008436,0.4982666735585319,3.8218438209177825,2.4992081920175404
7187,20260729_isolated_FBs_200_microL_005_C2_segmentation,157,spore,8.097678256437,8.097678256437,23.516640535470177,0.8292443510519422,3.2958403190504937,2.1230857647539714
7188,20260729_isolated_FBs_200_microL_005_C2_segmentation,158,spore,12.6723406480605,12.6723406480605,32.51089742461414,0.8085242666836895,3.795826291797965,2.4714911044612022
7194,20260729_isolated_FBs_200_microL_005_C2_segmentation,164,spore,14.59159555948875,14.59159555948875,35.63828123592961,0.8102814492999454,4.33949326198821,2.482216660519512
7196,20260729_isolated_FBs_200_microL_005_C2_segmentation,166,spore,14.95967184387225,14.95967184387225,42.419667183852226,0.6921468482363299,4.205548200510377,2.658386274493775
7197,20260729_isolated_FBs_200_microL_005_C2_segmentation,167,spore,17.69395281357825,17.69395281357825,40.592478250401314,0.8089502266082998,4.553291967585801,2.687446800634518
7198,20260729_isolated_FBs_200_microL_005_C2_segmentation,168,spore,14.249810438275501,14.249810438275501,35.62670145652736,0.7978377256737438,4.336381637135436,2.4525296361339346
7199,20260729_isolated_FBs_200_microL_005_C2_segmentation,169,spore,9.385945251779251,9.385945251779251,26.648276007609006,0.8074835512901025,3.342298043885427,2.2898566493325325
7200,20260729_isolated_FBs_200_microL_005_C2_segmentation,170,spore,15.012254170212751,15.012254170212751,42.629129930906835,0.6903589003583409,4.0676490310088615,2.641531474900028
7201,20260729_isolated_FBs_200_microL_005_C2_segmentation,171,spore,10.4638829417595,10.4638829417595,32.80003874366136,0.7053505611489977,4.103343922063461,2.235673182421118
7203,20260729_isolated_FBs_200_microL_005_C2_segmentation,173,spore,13.4084932168275,13.4084932168275,35.16620842441855,0.7761492279268487,4.255726710813023,2.3769836180270443
7204,20260729_isolated_FBs_200_microL_005_C2_segmentation,174,spore,16.32681232872525,16.32681232872525,45.315839508075825,0.6868074987761479,4.17111169772979,2.7555758531724437
7205,20260729_isolated_FBs_200_microL_005_C2_segmentation,175,spore,14.696760212169751,14.696760212169751,42.14909856648762,0.6884042970245794,4.292771948094126,2.4340253712487003
7206,20260729_isolated_FBs_200_microL_005_C2_segmentation,176,spore,6.0469675291575005,6.0469675291575005,31.97749618640979,0.5019549712045484,3.2495026715062347,2.267495915755959
7207,20260729_isolated_FBs_200_microL_005_C2_segmentation,177,spore,12.69863181123075,12.69863181123075,32.07677080294109,0.8205998583713238,3.9426652396627446,2.4375242872412795
7213,20260729_isolated_FBs_200_microL_005_C2_segmentation,183,spore,14.90708951753175,14.90708951753175,39.63786420422353,0.738985275938499,3.8609964085980777,2.7561270605099604
7214,20260729_isolated_FBs_200_microL_005_C2_segmentation,184,spore,13.17187274829525,13.17187274829525,33.20619051611045,0.8122631545994593,4.031038190338698,2.4098572450198494
7215,20260729_isolated_FBs_200_microL_005_C2_segmentation,185,spore,17.247003039684,17.247003039684,41.21394462393113,0.7832775897762204,4.525237391536403,2.657273179049701
7218,20260729_isolated_FBs_200_microL_005_C2_segmentation,188,spore,13.53994903267875,13.53994903267875,32.07336250544884,0.8565465786114151,3.556966761225142,2.7042707760993268
7219,20260729_isolated_FBs_200_microL_005_C2_segmentation,189,spore,7.151196382308,7.151196382308,27.97360070883586,0.6416845104015566,3.297085301004097,1.912098151902838
7221,20260729_isolated_FBs_200_microL_005_C2_segmentation,191,spore,7.75589313522375,7.75589313522375,31.64806138563106,0.5987215496224694,3.2666331674670928,2.1298812223757566
7223,20260729_isolated_FBs_200_microL_005_C2_segmentation,193,spore,8.41317221448,8.41317221448,37.85560102905973,0.5284377457371936,3.354066146662043,2.2365445069568044
7224,20260729_isolated_FBs_200_microL_005_C2_segmentation,194,spore,11.27890900003725,11.27890900003725,29.60353991372148,0.8215838121488829,3.418841515022906,2.4594321168998685
7225,20260729_isolated_FBs_200_microL_005_C2_segmentation,195,spore,13.434784379997751,13.434784379997751,31.371333639099213,0.8711740759489669,3.5893331554542773,2.6597919273705344
7233,20260729_isolated_FBs_200_microL_005_C2_segmentation,203,spore,13.8291518275515,13.8291518275515,31.955362727539637,0.8719081476345124,3.538357774947452,2.705013188657147
7234,20260729_isolated_FBs_200_microL_005_C2_segmentation,204,spore,13.90802531706225,13.90802531706225,32.137701341617024,0.8702545361547653,3.5328181576502717,2.6979899725071923
7239,20260729_isolated_FBs_200_microL_005_C2_segmentation,209,spore,7.96622244058575,7.96622244058575,22.077275360798545,0.8737226669077424,2.5731394572265542,2.232263950812938
7241,20260729_isolated_FBs_200_microL_005_C2_segmentation,211,spore,11.27890900003725,11.27890900003725,28.080625842727713,0.8661412787463116,3.48227522212872,2.4017023522068777
7242,20260729_isolated_FBs_200_microL_005_C2_segmentation,212,spore,8.492045703990751,8.492045703990751,23.40713542221032,0.8599583253554769,2.635190306247724,2.3336076883021097
7243,20260729_isolated_FBs_200_microL_005_C2_segmentation,213,spore,7.49298150352125,7.49298150352125,22.229429929298153,0.8330266703613474,3.153105394473118,2.061122357622109
7244,20260729_isolated_FBs_200_microL_005_C2_segmentation,214,spore,12.304264363677001,12.304264363677001,37.006074615110634,0.6964899808687128,3.339636061068023,2.621855086761679
7252,20260729_isolated_FBs_200_microL_005_C2_segmentation,222,spore,13.22445507463575,13.22445507463575,31.433669318395282,0.8603481611149121,3.4879091066933094,2.6417568117663346
7256,20260729_isolated_FBs_200_microL_005_C2_segmentation,226,spore,11.5155294685695,11.5155294685695,28.52023540956558,0.8646764401892,3.5527348128823433,2.425838659340544
7257,20260729_isolated_FBs_200_microL_005_C2_segmentation,227,spore,11.96247924246375,11.96247924246375,28.77094783201806,0.8791792301964231,3.515035548905933,2.504618685235743
7258,20260729_isolated_FBs_200_microL_005_C2_segmentation,228,spore,8.86012198837425,8.86012198837425,39.76588282493655,0.5207148504051524,3.1260549553215813,2.478034500973233
7261,20260729_isolated_FBs_200_microL_005_C2_segmentation,231,spore,9.5174010676305,9.5174010676305,32.22913919153133,0.6738775668601161,3.282659947782538,2.3534475788672684
7262,20260729_isolated_FBs_200_microL_005_C2_segmentation,232,spore,13.040416932444,13.040416932444,30.880336691635108,0.8676203882875833,3.5969099666278015,2.6036624783584426
7275,20260729_isolated_FBs_200_microL_005_C2_segmentation,245,spore,7.96622244058575,7.96622244058575,21.59472654515725,0.8932465926788624,2.57445584671552,2.2224852865971214
7277,20260729_isolated_FBs_200_microL_005_C2_segmentation,247,spore,7.44039917718075,7.44039917718075,20.770559540130847,0.8873604858088577,2.494979801961359,2.2257780947224126
7322,20260729_isolated_FBs_200_microL_005_C2_segmentation,35,vc,54.922239862652255,54.922239862652255,298.41984343558124,0.23414699400099517,8.88520642119673,4.527482903956274
7338,20260729_isolated_FBs_200_microL_005_C2_segmentation,51,vc,27.553139002422,27.553139002422,204.66024240448047,0.2155582731404634,8.1404231619331,3.4543028306809855
7343,20260729_isolated_FBs_200_microL_005_C2_segmentation,56,vc,22.4526533473935,22.4526533473935,194.00122347874714,0.19839228057751251,6.92393475449043,4.5839217682253945
7344,20260729_isolated_FBs_200_microL_005_C2_segmentation,57,vc,18.69301701404775,18.69301701404775,163.16688902085784,0.2087557077728193,9.114584859230119,3.4439360114107966
7350,20260729_isolated_FBs_200_microL_005_C2_segmentation,63,vc,10.12209782054625,10.12209782054625,85.99836323541348,0.26313237900188113,5.402451750284642,2.0284383794888905
7362,20260729_isolated_FBs_200_microL_005_C2_segmentation,75,vc,51.50438865051975,51.50438865051975,327.01438909437496,0.2047136269593523,10.567384092668977,3.6016205110938873
7370,20260729_isolated_FBs_200_microL_005_C2_segmentation,83,vc,26.00196037537725,26.00196037537725,192.16678663545738,0.22087328541200976,6.925566629327204,3.2974837828380874
7376,20260729_isolated_FBs_200_microL_005_C2_segmentation,89,vc,6.9934494032865,6.9934494032865,69.85828684210333,0.2531592603745502,5.160605732717272,3.08066082678689
7449,20260729_isolated_FBs_200_microL_005_C2_segmentation,162,vc,5.81034706062525,5.81034706062525,68.41671926860275,0.22844935119877122,4.687734615004715,3.7910702668860803
7455,20260729_isolated_FBs_200_microL_005_C2_segmentation,168,vc,9.675148046652,9.675148046652,91.55827255352594,0.2398234320653765,5.067594223255554,3.0879434417461824
7466,20260729_isolated_FBs_200_microL_005_C2_segmentation,179,vc,6.80941126109475,6.80941126109475,74.30331810766518,0.23382034271930885,5.001643475461059,2.8934218292771305
7482,20260729_isolated_FBs_200_microL_005_C2_segmentation,195,vc,6.8882847506055,6.8882847506055,74.02328548036806,0.23651380515362372,5.242267836388255,2.610856515734769
7712,20260729_isolated_FBs_200_microL_007_C2_segmentation,2,spore,13.4084932168275,13.4084932168275,34.90921774675594,0.7818629943451972,3.5578633012951304,2.6704134259371126
7714,20260729_isolated_FBs_200_microL_007_C2_segmentation,4,spore,10.437591778589251,10.437591778589251,32.448733513614826,0.7117922338346153,3.039394757882327,2.6045458253618894
7715,20260729_isolated_FBs_200_microL_007_C2_segmentation,5,spore,13.75027833804075,13.75027833804075,42.4020307654396,0.6545936588970465,4.41543590589878,2.445712509630202
7716,20260729_isolated_FBs_200_microL_007_C2_segmentation,6,spore,9.2019071095875,9.2019071095875,34.94032355932258,0.6077744402619427,3.6661030699574413,2.315009883945781
7717,20260729_isolated_FBs_200_microL_007_C2_segmentation,7,spore,12.12022622148525,12.12022622148525,47.973834643735906,0.5318879783348855,3.766683309240216,2.664252687409856
7718,20260729_isolated_FBs_200_microL_007_C2_segmentation,8,spore,12.199099710996,12.199099710996,41.06810442110911,0.6240192506130438,4.241209553071861,2.3833066134159595
7719,20260729_isolated_FBs_200_microL_007_C2_segmentation,9,spore,13.776569501211,13.776569501211,34.69654755314298,0.8009866048117328,4.5590838343680815,2.3764047314854375
7720,20260729_isolated_FBs_200_microL_007_C2_segmentation,10,spore,16.6685974499385,16.6685974499385,38.99934434739063,0.8091446947735115,4.6429577545027,2.6267107741326527
7721,20260729_isolated_FBs_200_microL_007_C2_segmentation,11,spore,21.032930536200002,21.032930536200002,75.58777114899355,0.48749007330985156,5.786167730019477,2.3396739696530084
7722,20260729_isolated_FBs_200_microL_007_C2_segmentation,12,spore,16.7737621026195,16.7737621026195,38.551084685367954,0.8219924754021996,4.111160196568298,2.7952997597572655
7723,20260729_isolated_FBs_200_microL_007_C2_segmentation,13,spore,14.1446457855945,14.1446457855945,38.98919781231066,0.7254395161461464,4.559199033422125,2.4206211600321863
7724,20260729_isolated_FBs_200_microL_007_C2_segmentation,14,spore,13.90802531706225,13.90802531706225,35.959448156588465,0.7777644487852083,4.029587305868408,2.545741777611931
7725,20260729_isolated_FBs_200_microL_007_C2_segmentation,15,spore,17.877990955770002,17.877990955770002,47.54000536861291,0.6955110594975727,4.707259648577569,2.790352354281078
7726,20260729_isolated_FBs_200_microL_007_C2_segmentation,16,spore,11.857314589782751,11.857314589782751,42.52185868705111,0.5913747528725111,3.214437985903629,2.759392392689814
7727,20260729_isolated_FBs_200_microL_007_C2_segmentation,17,spore,8.1502605827775,8.1502605827775,23.262177035590454,0.8419405578863632,3.2701825753597458,2.1678239214818116
7728,20260729_isolated_FBs_200_microL_007_C2_segmentation,18,spore,14.64417788582925,14.64417788582925,34.36135039269395,0.8424107465463477,4.6017513386061415,2.4295009188051964
7729,20260729_isolated_FBs_200_microL_007_C2_segmentation,19,spore,13.64511368535975,13.64511368535975,35.67068363605485,0.7741482397727453,4.570466951916386,2.303956058999179
7730,20260729_isolated_FBs_200_microL_007_C2_segmentation,20,spore,9.675148046652,9.675148046652,26.894927291644606,0.816429764604173,3.6243797773601654,2.2263656596065764
7731,20260729_isolated_FBs_200_microL_007_C2_segmentation,21,spore,8.80753966203375,8.80753966203375,26.60277179724101,0.775283082274885,3.5844708603805455,2.106201492289867
7732,20260729_isolated_FBs_200_microL_007_C2_segmentation,22,spore,6.44133497671125,6.44133497671125,21.20110437365766,0.789665013852214,3.361082626958664,1.9164186412137136
7733,20260729_isolated_FBs_200_microL_007_C2_segmentation,23,spore,14.43384858046725,14.43384858046725,47.23582001371763,0.6069236980579221,3.4625308723663264,2.958732436275598
7735,20260729_isolated_FBs_200_microL_007_C2_segmentation,25,spore,16.090191860193002,16.090191860193002,38.80174141791781,0.7943411399795918,4.55328962014728,2.605354308445845
7736,20260729_isolated_FBs_200_microL_007_C2_segmentation,26,spore,11.96247924246375,11.96247924246375,30.14119472280495,0.8392109204562127,3.637634970177961,2.3755388267666007
7737,20260729_isolated_FBs_200_microL_007_C2_segmentation,27,spore,10.937123878824,10.937123878824,30.273071632101725,0.7870996574783139,4.274146083608387,2.1723406238815453
7738,20260729_isolated_FBs_200_microL_007_C2_segmentation,28,spore,13.723987174870501,13.723987174870501,36.7232304926566,0.7548548475133878,4.195117209517878,2.4937068470899004
7739,20260729_isolated_FBs_200_microL_007_C2_segmentation,29,spore,17.37845885553525,17.37845885553525,42.21833773627662,0.7685235284311609,4.6445655593589015,2.6756456480795068
7740,20260729_isolated_FBs_200_microL_007_C2_segmentation,30,spore,16.1427741865335,16.1427741865335,42.24868485353026,0.7311217622689834,5.097182568961218,2.380594839504592
7741,20260729_isolated_FBs_200_microL_007_C2_segmentation,31,spore,18.824472829899,18.824472829899,58.85859357662929,0.5814193205543416,5.247001443225602,2.6771573222928855
7742,20260729_isolated_FBs_200_microL_007_C2_segmentation,32,spore,20.428233783284252,20.428233783284252,55.46466954319531,0.6515607395255547,6.650703426133146,2.269650910049085
7743,20260729_isolated_FBs_200_microL_007_C2_segmentation,33,spore,13.64511368535975,13.64511368535975,44.198566590396695,0.6247803736318971,4.79229903456287,2.3277940575929827
7744,20260729_isolated_FBs_200_microL_007_C2_segmentation,34,spore,15.7221155758095,15.7221155758095,55.69712074858798,0.5449107417542647,6.13754018107692,2.36728135677441
7745,20260729_isolated_FBs_200_microL_007_C2_segmentation,35,spore,18.06202909796175,18.06202909796175,68.96849144102174,0.48270050834039724,6.185025470546748,2.582490518757394
7746,20260729_isolated_FBs_200_microL_007_C2_segmentation,36,spore,11.80473226344225,11.80473226344225,55.97873061669709,0.44788361280288735,4.445311497357539,2.694162991817931
7747,20260729_isolated_FBs_200_microL_007_C2_segmentation,37,spore,11.06857969467525,11.06857969467525,30.756373052044026,0.7809266948249539,3.5688704105218063,2.353581886442628
7748,20260729_isolated_FBs_200_microL_007_C2_segmentation,38,spore,19.823537030368502,19.823537030368502,61.88621298943232,0.5723710346092094,6.053741551619046,2.2675866129210216
7749,20260729_isolated_FBs_200_microL_007_C2_segmentation,39,spore,11.64698528442075,11.64698528442075,50.30847369601573,0.49391475560551373,4.556272797959658,2.1653136115411757
7750,20260729_isolated_FBs_200_microL_007_C2_segmentation,40,spore,18.00944677162125,18.00944677162125,46.93384624677236,0.7079428929618868,4.396827474404589,2.780774333018172
7751,20260729_isolated_FBs_200_microL_007_C2_segmentation,41,spore,19.16625795111225,19.16625795111225,63.88354992820279,0.5421506328428706,4.162676356452591,2.894026165566704
7752,20260729_isolated_FBs_200_microL_007_C2_segmentation,42,spore,12.0413527319745,12.0413527319745,47.232114570826774,0.537894273695149,4.464865593057443,2.126141583856584
7753,20260729_isolated_FBs_200_microL_007_C2_segmentation,43,spore,17.9305732821105,17.9305732821105,52.20629981720153,0.6345862554385403,3.613319960815334,3.0969015218075775
7754,20260729_isolated_FBs_200_microL_007_C2_segmentation,44,spore,14.8807983543615,14.8807983543615,60.71638362916893,0.4818690682245338,4.730837842447121,2.400968140227406
7755,20260729_isolated_FBs_200_microL_007_C2_segmentation,45,spore,12.85637879025225,12.85637879025225,42.52774886485221,0.624056871515272,5.484110207185405,1.9677780875588975
7756,20260729_isolated_FBs_200_microL_007_C2_segmentation,46,spore,16.22164767604425,16.22164767604425,69.0413676711166,0.4488536022491737,4.293926490041797,2.787438567254381
7757,20260729_isolated_FBs_200_microL_007_C2_segmentation,47,spore,24.05641430077875,24.05641430077875,69.72537082406933,0.5779814340452378,5.9106110131658856,2.3387630330398137
7758,20260729_isolated_FBs_200_microL_007_C2_segmentation,48,spore,9.33336292543875,9.33336292543875,41.594053714052464,0.5154006697307282,3.3124064983997465,2.474065309880467
7759,20260729_isolated_FBs_200_microL_007_C2_segmentation,49,spore,10.22726247322725,10.22726247322725,31.096029622230915,0.7327437414791982,3.868643866584695,2.260565819339064
7760,20260729_isolated_FBs_200_microL_007_C2_segmentation,50,spore,18.5615611981965,18.5615611981965,56.35176449331205,0.6016163164669083,4.191775403235546,2.9623554471694584
7761,20260729_isolated_FBs_200_microL_007_C2_segmentation,51,spore,25.84421339635575,25.84421339635575,85.89088761756669,0.4921671002631702,7.143453258959895,2.6958848368056123
7762,20260729_isolated_FBs_200_microL_007_C2_segmentation,52,spore,10.12209782054625,10.12209782054625,29.46033073119773,0.7681160851476383,3.6806446559297075,2.2910161057069587
7763,20260729_isolated_FBs_200_microL_007_C2_segmentation,53,spore,9.990642004695001,9.990642004695001,30.48698874033834,0.7358091637468116,3.8779404824789823,2.2163015070015697
7764,20260729_isolated_FBs_200_microL_007_C2_segmentation,54,spore,16.27423000238475,16.27423000238475,47.32270334262297,0.6562684782459486,4.363028502798283,2.7023442539891347
7765,20260729_isolated_FBs_200_microL_007_C2_segmentation,55,spore,15.354039291426,15.354039291426,44.4569507437397,0.671984957401246,4.246349636298039,2.6853771780324154
7766,20260729_isolated_FBs_200_microL_007_C2_segmentation,56,spore,13.38220205365725,13.38220205365725,34.83645475685066,0.7824715606662772,3.5534481398214215,2.5952060795218412
7767,20260729_isolated_FBs_200_microL_007_C2_segmentation,57,spore,19.1925491142825,19.1925491142825,71.65394378673972,0.48379992820418927,5.9384146148807595,2.552351653573472
7768,20260729_isolated_FBs_200_microL_007_C2_segmentation,58,spore,12.987834606103501,12.987834606103501,32.27261058022564,0.8279571480106409,4.006456694977532,2.484184810489107
7769,20260729_isolated_FBs_200_microL_007_C2_segmentation,59,spore,13.1981639114655,13.1981639114655,33.25516467296004,0.8121458576960058,4.142750677993606,2.4473666621642884
7771,20260729_isolated_FBs_200_microL_007_C2_segmentation,61,spore,14.38126625412675,14.38126625412675,37.31718356629419,0.7663726842980544,4.466637679305831,2.396310866703289
7772,20260729_isolated_FBs_200_microL_007_C2_segmentation,62,spore,16.4582681445765,16.4582681445765,37.635888032905584,0.8313898391886141,3.652418708400531,2.853922862216037
7773,20260729_isolated_FBs_200_microL_007_C2_segmentation,63,spore,14.617886722659,14.617886722659,37.69062924935764,0.7670796553659197,4.459961473934372,2.3992618222864532
7774,20260729_isolated_FBs_200_microL_007_C2_segmentation,64,spore,14.4601397436375,14.4601397436375,34.69162904427916,0.8273852175394525,4.158668940046218,2.5614059512335987
7775,20260729_isolated_FBs_200_microL_007_C2_segmentation,65,spore,14.27610160144575,14.27610160144575,34.1751538948444,0.8327476177539528,3.7701791093649493,2.634705996958389
7776,20260729_isolated_FBs_200_microL_007_C2_segmentation,66,spore,17.431041181875752,17.431041181875752,47.50161867627707,0.6844230092811188,4.614124133796892,2.7322947235118695
7777,20260729_isolated_FBs_200_microL_007_C2_segmentation,67,spore,15.17000114923425,15.17000114923425,37.00919332093709,0.8007523980564258,4.125987069389207,2.6276197027637496
7778,20260729_isolated_FBs_200_microL_007_C2_segmentation,68,spore,21.26955100473225,21.26955100473225,84.28466827502601,0.440461301138673,5.886060948929268,2.5988700186336366
7779,20260729_isolated_FBs_200_microL_007_C2_segmentation,69,spore,21.322133331072752,21.322133331072752,61.36570427135588,0.6059621597667514,5.346370975513081,2.464237444175182
7780,20260729_isolated_FBs_200_microL_007_C2_segmentation,70,spore,8.6760838461825,8.6760838461825,28.941579788694554,0.7055227967503902,3.460073058343284,2.191588263155325
7781,20260729_isolated_FBs_200_microL_007_C2_segmentation,71,spore,17.06296489749225,17.06296489749225,49.323459933598485,0.6498307458885403,4.329506584843382,2.720359972149242
7782,20260729_isolated_FBs_200_microL_007_C2_segmentation,72,spore,12.987834606103501,12.987834606103501,31.10818487685932,0.8589488175100282,3.6030089243564434,2.545405064978529
7784,20260729_isolated_FBs_200_microL_007_C2_segmentation,74,spore,15.879862554831,15.879862554831,39.07867919943682,0.7818235363163728,3.8331717426354746,2.828345921186745
7785,20260729_isolated_FBs_200_microL_007_C2_segmentation,75,spore,14.6704690489995,14.6704690489995,36.38048798659298,0.7966085022116198,4.1943883759024905,2.570828289374369
7786,20260729_isolated_FBs_200_microL_007_C2_segmentation,76,spore,13.592531359019251,13.592531359019251,31.790659167526595,0.8663994221480315,3.6390692404016316,2.6431078326359345
7787,20260729_isolated_FBs_200_microL_007_C2_segmentation,77,spore,14.6704690489995,14.6704690489995,37.880232667114925,0.7650693779895135,3.8122409418753773,2.6175928847123413
7788,20260729_isolated_FBs_200_microL_007_C2_segmentation,78,spore,15.538077433617751,15.538077433617751,34.944116594500436,0.861737342396223,3.597633821408234,2.8302298503634797
7789,20260729_isolated_FBs_200_microL_007_C2_segmentation,79,spore,13.4084932168275,13.4084932168275,31.43214950775085,0.8683537697921875,3.6336876399930342,2.623279679358602
7790,20260729_isolated_FBs_200_microL_007_C2_segmentation,80,spore,12.7775053007415,12.7775053007415,43.111031666815364,0.6130930906982296,3.2942993108274807,2.803268351544504
7791,20260729_isolated_FBs_200_microL_007_C2_segmentation,81,spore,12.33055552684725,12.33055552684725,32.21150709241997,0.8012994448384892,3.9646457843044223,2.4528324466106817
7792,20260729_isolated_FBs_200_microL_007_C2_segmentation,82,spore,11.27890900003725,11.27890900003725,30.943804731001343,0.7859986639280299,4.012458389133096,2.2127246187017557
7793,20260729_isolated_FBs_200_microL_007_C2_segmentation,83,spore,8.492045703990751,8.492045703990751,23.799978621300284,0.8457638260665429,3.2747745237297567,2.197775972428888
7794,20260729_isolated_FBs_200_microL_007_C2_segmentation,84,spore,13.776569501211,13.776569501211,44.19461641380784,0.6288428790298961,3.6520169549218453,2.7817740598442096
7795,20260729_isolated_FBs_200_microL_007_C2_segmentation,85,spore,11.2000355105265,11.2000355105265,34.637490521247614,0.6989036431329915,3.342173607281971,2.4971715633755207
7796,20260729_isolated_FBs_200_microL_007_C2_segmentation,86,spore,14.64417788582925,14.64417788582925,40.613396030380414,0.7127296327299723,3.8981364395128906,2.676098927048539
7797,20260729_isolated_FBs_200_microL_007_C2_segmentation,87,spore,13.67140484853,13.67140484853,40.58823972760794,0.6812282828662561,3.392724232971581,2.764252964616736
7798,20260729_isolated_FBs_200_microL_007_C2_segmentation,88,spore,14.43384858046725,14.43384858046725,45.23555425297974,0.6337611871227481,4.060493732363617,2.6935506358749777
7799,20260729_isolated_FBs_200_microL_007_C2_segmentation,89,spore,14.95967184387225,14.95967184387225,37.87163420347159,0.7752672828109959,4.19941174525709,2.5857605889621493
7800,20260729_isolated_FBs_200_microL_007_C2_segmentation,90,spore,11.042288531505001,11.042288531505001,30.241742798821043,0.7929577285330999,3.7618733631290864,2.3751043561767213
7801,20260729_isolated_FBs_200_microL_007_C2_segmentation,91,spore,14.039481132913501,14.039481132913501,34.25471060000821,0.8216077492294016,4.320621730866466,2.333677512237599
7802,20260729_isolated_FBs_200_microL_007_C2_segmentation,92,spore,13.1981639114655,13.1981639114655,54.04394792860673,0.49974225183958215,5.044509637103456,2.3380420859491644
7803,20260729_isolated_FBs_200_microL_007_C2_segmentation,93,spore,9.2019071095875,9.2019071095875,33.149995906125824,0.6405984378994828,3.8657248093179613,2.203133097068928
7804,20260729_isolated_FBs_200_microL_007_C2_segmentation,94,spore,12.64604948489025,12.64604948489025,40.27540512065887,0.6517496273335031,3.427136906859937,2.8152658558161487
7805,20260729_isolated_FBs_200_microL_007_C2_segmentation,95,spore,12.96154344293325,12.96154344293325,34.79577527977355,0.7668823696907388,4.394773076989754,2.344083993375353
7806,20260729_isolated_FBs_200_microL_007_C2_segmentation,96,spore,13.881734153892001,13.881734153892001,33.3416791673524,0.8377719300757781,3.771500212327572,2.586034512524135
7807,20260729_isolated_FBs_200_microL_007_C2_segmentation,97,spore,10.148388983716501,10.148388983716501,31.629051645720683,0.7166867206363992,3.7058658784867786,2.2629965297940613
7808,20260729_isolated_FBs_200_microL_007_C2_segmentation,98,spore,16.5634327972575,16.5634327972575,48.36259235011855,0.6497427652869743,4.519452233153461,2.5627885199561367
7809,20260729_isolated_FBs_200_microL_007_C2_segmentation,99,spore,16.721179776279,16.721179776279,41.6534679824553,0.7591790871546769,4.381557195740163,2.697195833085977
7810,20260729_isolated_FBs_200_microL_007_C2_segmentation,100,spore,16.22164767604425,16.22164767604425,37.53777250162661,0.8255542222716459,3.667949211487347,2.921115443374957
7811,20260729_isolated_FBs_200_microL_007_C2_segmentation,101,spore,14.249810438275501,14.249810438275501,43.72892534425199,0.6500120055447353,3.585999254122901,2.7687769965225275
7812,20260729_isolated_FBs_200_microL_007_C2_segmentation,102,spore,16.6685974499385,16.6685974499385,39.76672381165271,0.7935306093555959,4.382335644565701,2.6645484841936025
7813,20260729_isolated_FBs_200_microL_007_C2_segmentation,103,spore,12.80379646391175,12.80379646391175,32.540791237812705,0.8133582140516622,3.832838214850933,2.4850682763958414
7815,20260729_isolated_FBs_200_microL_007_C2_segmentation,105,spore,7.782184298394,7.782184298394,26.820046896588956,0.7080962036231673,3.1243677589406915,2.1886531508647686
7816,20260729_isolated_FBs_200_microL_007_C2_segmentation,106,spore,14.43384858046725,14.43384858046725,40.61948375756394,0.7057829374354225,4.15919519205123,2.447391159724596
7817,20260729_isolated_FBs_200_microL_007_C2_segmentation,107,spore,10.148388983716501,10.148388983716501,31.64479450132578,0.7163301787237444,3.5167601638619956,2.3688667438455697
7818,20260729_isolated_FBs_200_microL_007_C2_segmentation,108,spore,15.69582441263925,15.69582441263925,37.779455598242635,0.8024497575015491,4.412826297678191,2.5323726881503057
7820,20260729_isolated_FBs_200_microL_007_C2_segmentation,110,spore,10.148388983716501,10.148388983716501,27.408163408508848,0.8270572881134223,3.2120271643920097,2.4136725210593233
7821,20260729_isolated_FBs_200_microL_007_C2_segmentation,111,spore,11.568111794910001,11.568111794910001,29.106645917591216,0.849833042793453,3.566949231507814,2.4650775256917568
7822,20260729_isolated_FBs_200_microL_007_C2_segmentation,112,spore,11.0948708578455,11.0948708578455,27.527629662826453,0.8739034929136043,3.529047678621269,2.361447863178819
7825,20260729_isolated_FBs_200_microL_007_C2_segmentation,115,spore,8.9915778042255,8.9915778042255,24.727020116291726,0.8456739380561551,3.3235609721334116,2.260148023193022
7826,20260729_isolated_FBs_200_microL_007_C2_segmentation,116,spore,9.96435084152475,9.96435084152475,26.66259082355957,0.8398746059006109,3.4353941443452,2.3248013162619534
7827,20260729_isolated_FBs_200_microL_007_C2_segmentation,117,spore,6.33617032403025,6.33617032403025,22.00488935265807,0.7525167377118358,2.4503295188863166,2.086582428224782
7972,20260729_isolated_FBs_usual_001_C2_segmentation,1,spore,13.38220205365725,13.38220205365725,51.22326234681611,0.53215148494671,3.926522379245308,2.7844485492764752
7973,20260729_isolated_FBs_usual_001_C2_segmentation,2,spore,16.22164767604425,16.22164767604425,46.94598739205104,0.6601089529674588,4.440303725133655,2.696385645107186
7974,20260729_isolated_FBs_usual_001_C2_segmentation,3,spore,12.462011342698501,12.462011342698501,33.78741533241882,0.7693452006062157,3.6637171193381635,2.5030624141755817
7975,20260729_isolated_FBs_usual_001_C2_segmentation,4,spore,16.4582681445765,16.4582681445765,48.12167547136738,0.6502287086411987,4.6056527397120455,2.670454745738564
7976,20260729_isolated_FBs_usual_001_C2_segmentation,5,spore,13.6188225221895,13.6188225221895,39.07778760832559,0.7057440031423117,4.324945273436567,2.4537261947013285
7977,20260729_isolated_FBs_usual_001_C2_segmentation,6,spore,12.59346715854975,12.59346715854975,42.57756393522447,0.6147995260406317,3.7324130000834095,2.6184636938603836
7978,20260729_isolated_FBs_usual_001_C2_segmentation,7,spore,8.833830825204,8.833830825204,25.347933671091845,0.8152815502989241,3.4787120724159086,2.142735421347665
7979,20260729_isolated_FBs_usual_001_C2_segmentation,8,spore,16.405685818236,16.405685818236,40.297204663480926,0.7748282803383862,4.601111515280686,2.604187974449228
7980,20260729_isolated_FBs_usual_001_C2_segmentation,9,spore,8.623501519842,8.623501519842,32.5770211673156,0.6242547428122389,3.5801867170764936,2.110466308719105
7981,20260729_isolated_FBs_usual_001_C2_segmentation,10,spore,5.047903328688,5.047903328688,22.391289960675394,0.6355441077796857,2.8711409950811984,1.930699229514278
7982,20260729_isolated_FBs_usual_001_C2_segmentation,11,spore,7.887348951075,7.887348951075,28.08390591513288,0.6823082961909787,3.397599780708741,2.1065467582785713
7983,20260729_isolated_FBs_usual_001_C2_segmentation,12,spore,14.80192486485075,14.80192486485075,40.82924173565128,0.7140439442489441,4.109056121190302,2.6177828322690893
7984,20260729_isolated_FBs_usual_001_C2_segmentation,13,spore,15.564368596788,15.564368596788,41.62241913377599,0.7242877574721296,4.47408968795428,2.6143514252501023
7985,20260729_isolated_FBs_usual_001_C2_segmentation,14,spore,12.43572017952825,12.43572017952825,32.98895643693514,0.786857655620868,3.901816914574581,2.462505025796785
7986,20260729_isolated_FBs_usual_001_C2_segmentation,15,spore,13.9343164802325,13.9343164802325,40.83139267875515,0.6858256305665157,4.394541908899762,2.449672561138151
7987,20260729_isolated_FBs_usual_001_C2_segmentation,16,spore,15.95873604434175,15.95873604434175,49.806754201030685,0.6154529791622982,4.498513432088997,2.6814366919911583
7988,20260729_isolated_FBs_usual_001_C2_segmentation,17,spore,8.1502605827775,8.1502605827775,25.12395204338041,0.7795497411067808,3.478924959588464,2.064180528889202
7989,20260729_isolated_FBs_usual_001_C2_segmentation,18,spore,13.3033285641465,13.3033285641465,37.852630059496455,0.7172902744580506,4.276673128816086,2.3890067877358057
7990,20260729_isolated_FBs_usual_001_C2_segmentation,19,spore,10.595338757610751,10.595338757610751,26.749766805213454,0.8721155335299019,3.5131014987003275,2.337754556866585
7991,20260729_isolated_FBs_usual_001_C2_segmentation,20,spore,9.49110990446025,9.49110990446025,25.427524892861815,0.8525595128828429,3.415181797054035,2.2444813948381634
7992,20260729_isolated_FBs_usual_001_C2_segmentation,21,spore,10.85825038931325,10.85825038931325,31.647143780612893,0.7493007588972997,4.002086782342927,2.25774685782099
7993,20260729_isolated_FBs_usual_001_C2_segmentation,22,spore,12.96154344293325,12.96154344293325,32.36886084867655,0.8243807752928752,3.5069082753369103,2.616336687421084
7994,20260729_isolated_FBs_usual_001_C2_segmentation,23,spore,11.042288531505001,11.042288531505001,28.77854377518139,0.833274395812761,3.5359311836242022,2.3797901370399184
7995,20260729_isolated_FBs_usual_001_C2_segmentation,24,spore,13.960607643402751,13.960607643402751,34.91692202332255,0.8030040195177641,4.386846259038174,2.4631384346117216
8004,20260729_isolated_FBs_usual_001_C2_segmentation,33,spore,16.58972396042775,16.58972396042775,112.9350713324989,0.2785360423363679,6.180822332645984,2.4547295324763736
8005,20260729_isolated_FBs_usual_001_C2_segmentation,34,spore,12.27797320050675,12.27797320050675,34.66724002315439,0.7424193989166528,4.268676807343495,2.267197194457904
8006,20260729_isolated_FBs_usual_001_C2_segmentation,35,spore,29.20948228214775,29.20948228214775,90.9638146113949,0.504233117629001,5.533298831676929,3.2455521020519846
8007,20260729_isolated_FBs_usual_001_C2_segmentation,36,spore,15.459203944107001,15.459203944107001,36.066005210680906,0.8321037919617799,3.986809872824045,2.695578362777675
8009,20260729_isolated_FBs_usual_001_C2_segmentation,38,spore,16.82634442896,16.82634442896,66.31426242086516,0.47885463699742525,5.5426085210114895,2.5217942408440246
8010,20260729_isolated_FBs_usual_001_C2_segmentation,39,spore,11.936188079293501,11.936188079293501,37.601904937421125,0.6717144839582196,4.025677905885857,2.3804785068438017
8011,20260729_isolated_FBs_usual_001_C2_segmentation,40,spore,22.32119753154225,22.32119753154225,79.43425896365969,0.48263773028262075,5.846640690687026,2.637696931476636
8012,20260729_isolated_FBs_usual_001_C2_segmentation,41,spore,11.01599736833475,11.01599736833475,36.670020277392716,0.6529133120222592,4.007866022553168,2.0399651319200363
8013,20260729_isolated_FBs_usual_001_C2_segmentation,42,spore,14.72305137534,14.72305137534,48.817662980412564,0.5950758943559362,5.3260303763807775,2.2318862124977956
8014,20260729_isolated_FBs_usual_001_C2_segmentation,43,spore,16.48455930774675,16.48455930774675,38.66545478438222,0.81011354950447,3.8974993223006194,2.7734163939224
8015,20260729_isolated_FBs_usual_001_C2_segmentation,44,spore,15.879862554831,15.879862554831,72.91943826564707,0.4189915870576634,4.097053557385128,2.9862472993566596
8017,20260729_isolated_FBs_usual_001_C2_segmentation,46,spore,13.17187274829525,13.17187274829525,35.32072476190556,0.7636356627069215,3.6014675086144705,2.6086100729091704
8018,20260729_isolated_FBs_usual_001_C2_segmentation,47,spore,10.726794573462,10.726794573462,54.78086261632406,0.42937349639632666,5.499613829751703,2.2683241935859306
8019,20260729_isolated_FBs_usual_001_C2_segmentation,48,spore,11.6206941212505,11.6206941212505,28.314931546006072,0.8762404984796319,3.531518218303487,2.4610253044428103
8020,20260729_isolated_FBs_usual_001_C2_segmentation,49,spore,9.49110990446025,9.49110990446025,25.498911566890765,0.8501726899050546,3.5344457568868144,2.2292093939277047
8021,20260729_isolated_FBs_usual_001_C2_segmentation,50,spore,12.304264363677001,12.304264363677001,37.45828144188211,0.6880817594553671,3.4518461634823785,2.6534433063078113
8022,20260729_isolated_FBs_usual_001_C2_segmentation,51,spore,14.775633701680501,14.775633701680501,42.408025344048944,0.6866469328329611,3.5441673919419228,2.8657957712463906
8023,20260729_isolated_FBs_usual_001_C2_segmentation,52,spore,14.59159555948875,14.59159555948875,33.899197099118844,0.8518502100794213,3.5615999725677567,2.7799976480918507
8024,20260729_isolated_FBs_usual_001_C2_segmentation,53,spore,12.2516820373365,12.2516820373365,30.719127335016783,0.8366408424869536,3.6148587554487848,2.49111136128199
8025,20260729_isolated_FBs_usual_001_C2_segmentation,54,spore,11.7258587739315,11.7258587739315,29.67340930952456,0.84116226826413,3.448739594822428,2.5017675323843624
8026,20260729_isolated_FBs_usual_001_C2_segmentation,55,spore,9.2019071095875,9.2019071095875,25.534851528958548,0.831641240198923,2.7533744728010867,2.433442587601991
8027,20260729_isolated_FBs_usual_001_C2_segmentation,56,spore,13.592531359019251,13.592531359019251,36.185258397892,0.7611776162984267,3.491630748918348,2.728156464212879
8028,20260729_isolated_FBs_usual_001_C2_segmentation,57,spore,12.48830250586875,12.48830250586875,29.989269514060382,0.8680015699581466,3.5856037632000426,2.52490638376903
8029,20260729_isolated_FBs_usual_001_C2_segmentation,58,spore,12.5671759953795,12.5671759953795,39.20545363438882,0.6667496134916896,3.2320380858486857,2.747512674250299
8030,20260729_isolated_FBs_usual_001_C2_segmentation,59,spore,9.80660386250325,9.80660386250325,27.8537778824835,0.7954491791634201,2.8660041374566214,2.5011225773541144
8031,20260729_isolated_FBs_usual_001_C2_segmentation,60,spore,12.908961116592751,12.908961116592751,35.270232043288885,0.7545186911055044,3.8410907069621167,2.4907744996042767
8032,20260729_isolated_FBs_usual_001_C2_segmentation,61,spore,16.0376095338525,16.0376095338525,60.12160469295149,0.5115404538407416,6.150847248370973,2.468520124817965
8033,20260729_isolated_FBs_usual_001_C2_segmentation,62,spore,13.066708095614251,13.066708095614251,35.638505580825345,0.7527927584852155,3.8113436941838152,2.5073898569221074
8034,20260729_isolated_FBs_usual_001_C2_segmentation,63,spore,15.038545333383,15.038545333383,33.607129952418056,0.8767112619206168,3.5484081260198894,2.822669361708898
8035,20260729_isolated_FBs_usual_001_C2_segmentation,64,spore,10.17468014688675,10.17468014688675,28.418969968816327,0.799017519262033,3.3294463268243346,2.4381349214116033
8036,20260729_isolated_FBs_usual_001_C2_segmentation,65,spore,14.80192486485075,14.80192486485075,48.90733380473242,0.5961043169111998,4.1826438533363755,2.452435663398641
8037,20260729_isolated_FBs_usual_001_C2_segmentation,66,spore,13.3033285641465,13.3033285641465,30.916546121290715,0.8782133456245773,3.551886627531453,2.608246663031997
8038,20260729_isolated_FBs_usual_001_C2_segmentation,67,spore,17.69395281357825,17.69395281357825,55.82475904867387,0.5882209800605432,5.598545585832031,2.43858065119806
8040,20260729_isolated_FBs_usual_001_C2_segmentation,69,spore,12.27797320050675,12.27797320050675,39.16217716832668,0.6572063496231133,3.486645205359559,2.62336003291935
8041,20260729_isolated_FBs_usual_001_C2_segmentation,70,spore,12.64604948489025,12.64604948489025,33.16410834181244,0.7915026693179814,3.683251686399704,2.561011060543031
8042,20260729_isolated_FBs_usual_001_C2_segmentation,71,spore,17.141838387003002,17.141838387003002,49.138009639560494,0.6542918251189217,3.9241514380340345,2.934584670399924
8043,20260729_isolated_FBs_usual_001_C2_segmentation,72,spore,12.64604948489025,12.64604948489025,33.37893265516189,0.7864086173539142,3.429530062799452,2.635502882737089
8044,20260729_isolated_FBs_usual_001_C2_segmentation,73,spore,14.95967184387225,14.95967184387225,33.427712947125144,0.8783322685275862,3.5309837188072644,2.77038478792734
8045,20260729_isolated_FBs_usual_001_C2_segmentation,74,spore,13.986898806573,13.986898806573,36.102886901411395,0.7776004122801055,3.4625075576295883,2.769541488839529
8046,20260729_isolated_FBs_usual_001_C2_segmentation,75,spore,12.5671759953795,12.5671759953795,43.11195817141777,0.6063334203832444,3.241640407302301,2.776454111214533
8047,20260729_isolated_FBs_usual_001_C2_segmentation,76,spore,12.5671759953795,12.5671759953795,35.76701814030754,0.730847088089696,3.2106894529201573,2.770929446514841
8048,20260729_isolated_FBs_usual_001_C2_segmentation,77,spore,10.4638829417595,10.4638829417595,27.577242032133775,0.8389354420065737,3.4892165065055103,2.387211528262573
8049,20260729_isolated_FBs_usual_001_C2_segmentation,78,spore,8.17655174594775,8.17655174594775,23.36183806426815,0.8401507929589741,2.622725422883808,2.419587070818102
8050,20260729_isolated_FBs_usual_001_C2_segmentation,79,spore,10.2535536363975,10.2535536363975,29.823822612911474,0.7653094722287662,3.27934747172554,2.464602691354258
8051,20260729_isolated_FBs_usual_001_C2_segmentation,80,spore,9.85918618884375,9.85918618884375,27.570173827656735,0.8065017839256844,2.9891606911459445,2.4750457726571224
8052,20260729_isolated_FBs_usual_001_C2_segmentation,81,spore,12.59346715854975,12.59346715854975,32.40378010367767,0.8078275449218276,3.8363140173272248,2.515282551048818
8053,20260729_isolated_FBs_usual_001_C2_segmentation,82,spore,14.1446457855945,14.1446457855945,35.419662538861466,0.7985481161729389,3.9354681249291827,2.617313539740419
8054,20260729_isolated_FBs_usual_001_C2_segmentation,83,spore,13.69769601170025,13.69769601170025,35.87502355423834,0.771715006535521,3.9120486492666102,2.574748839812406
8055,20260729_isolated_FBs_usual_001_C2_segmentation,84,spore,13.461075543168,13.461075543168,40.38278369294723,0.6776535421723522,3.5917790000049687,2.72763699522606
8056,20260729_isolated_FBs_usual_001_C2_segmentation,85,spore,14.74934253851025,14.74934253851025,37.352110191483696,0.7786651841997846,3.5564131560547247,2.747399551418166
8057,20260729_isolated_FBs_usual_001_C2_segmentation,86,spore,16.90521791847075,16.90521791847075,68.8318055597368,0.46278095529278485,6.729816164589291,2.5738189977046835
8058,20260729_isolated_FBs_usual_001_C2_segmentation,87,spore,14.59159555948875,14.59159555948875,34.25096997208199,0.8431013251287718,3.5492872916819422,2.6892796490342517
8059,20260729_isolated_FBs_usual_001_C2_segmentation,88,spore,16.195356512874,16.195356512874,37.16525084202412,0.8329278776306747,3.5741785966600133,2.9408235481194245
8060,20260729_isolated_FBs_usual_001_C2_segmentation,89,spore,12.12022622148525,12.12022622148525,31.86148124914371,0.8008637678235552,3.6854282560802174,2.5081570228860364
8061,20260729_isolated_FBs_usual_001_C2_segmentation,90,spore,11.01599736833475,11.01599736833475,30.674288150668076,0.7805346377928717,3.521866455688208,2.4504998927707913
8062,20260729_isolated_FBs_usual_001_C2_segmentation,91,spore,18.3512318928345,18.3512318928345,75.3480949323425,0.4465348202510889,5.936206760528267,2.6223931423390345
8063,20260729_isolated_FBs_usual_001_C2_segmentation,92,spore,13.513657869508501,13.513657869508501,37.26025601787191,0.7363544281914313,3.3007114154743764,2.7802240408792707
8064,20260729_isolated_FBs_usual_001_C2_segmentation,93,spore,12.7775053007415,12.7775053007415,37.93796897354645,0.6966918989845517,3.227049672432182,2.7230296920017145
8065,20260729_isolated_FBs_usual_001_C2_segmentation,94,spore,13.90802531706225,13.90802531706225,40.582048692670774,0.6891712290311355,3.3691773081566403,2.857230787304071
8066,20260729_isolated_FBs_usual_001_C2_segmentation,95,spore,11.69956761076125,11.69956761076125,28.70551918541267,0.8682242784062798,3.6084448939633598,2.460804461525123
8067,20260729_isolated_FBs_usual_001_C2_segmentation,96,spore,12.304264363677001,12.304264363677001,30.976588128156724,0.8320593634802698,3.558286329617643,2.5374238245756784
8068,20260729_isolated_FBs_usual_001_C2_segmentation,97,spore,8.17655174594775,8.17655174594775,24.115554594948918,0.8138924069689473,2.663777314950851,2.3490756581979593
8069,20260729_isolated_FBs_usual_001_C2_segmentation,98,spore,12.1465173846555,12.1465173846555,34.74837242852429,0.7353896405075124,3.5854364362510003,2.5468112544004304
8070,20260729_isolated_FBs_usual_001_C2_segmentation,99,spore,14.64417788582925,14.64417788582925,33.4275402532961,0.8659437881851241,3.5991585562919672,2.752329356835574
8071,20260729_isolated_FBs_usual_001_C2_segmentation,100,spore,17.141838387003002,17.141838387003002,39.79533227249554,0.8078987201220084,3.9806926599108925,2.858187461192681
8072,20260729_isolated_FBs_usual_001_C2_segmentation,101,spore,13.64511368535975,13.64511368535975,45.35009046426134,0.6089160278545457,3.550702158633072,2.671288956896518
8073,20260729_isolated_FBs_usual_001_C2_segmentation,102,spore,14.407557417297001,14.407557417297001,32.83561197127722,0.8720323218350359,3.5816528082436205,2.75242489974135
8074,20260729_isolated_FBs_usual_001_C2_segmentation,103,spore,10.437591778589251,10.437591778589251,27.586566477648113,0.8372465102343954,3.1405688778340926,2.4972045923837847
8075,20260729_isolated_FBs_usual_001_C2_segmentation,104,spore,13.040416932444,13.040416932444,38.43771810057386,0.6970343463351368,3.8100592561763906,2.55561113763317
8076,20260729_isolated_FBs_usual_001_C2_segmentation,105,spore,13.75027833804075,13.75027833804075,33.25045317263326,0.8347585616143981,3.565274837754908,2.678017959816678
8077,20260729_isolated_FBs_usual_001_C2_segmentation,106,spore,21.05922169937025,21.05922169937025,69.93153626477428,0.527358479186677,6.444392230585785,2.5283784166255963
8078,20260729_isolated_FBs_usual_001_C2_segmentation,107,spore,16.195356512874,16.195356512874,38.107836690590155,0.8123256577590681,3.629303950613169,2.864690316572209
8079,20260729_isolated_FBs_usual_001_C2_segmentation,108,spore,14.249810438275501,14.249810438275501,32.59809183539309,0.8719628930081048,3.594187596170579,2.73880839328049
8080,20260729_isolated_FBs_usual_001_C2_segmentation,109,spore,14.407557417297001,14.407557417297001,38.87874210683975,0.7364876895322644,3.897321397956614,2.66168686994668
8081,20260729_isolated_FBs_usual_001_C2_segmentation,110,spore,16.8789267553005,16.8789267553005,36.89867216679834,0.8623891269604398,3.5604190191123903,2.9283994365706043
8082,20260729_isolated_FBs_usual_001_C2_segmentation,111,spore,12.908961116592751,12.908961116592751,32.74839300117422,0.8126215327675942,3.931500472911625,2.4944494324228064
8083,20260729_isolated_FBs_usual_001_C2_segmentation,112,spore,12.724922974401,12.724922974401,30.364431495390765,0.8680719936019375,3.5712448563986174,2.5279052745286097
8084,20260729_isolated_FBs_usual_001_C2_segmentation,113,spore,20.3493602937735,20.3493602937735,57.811822371435674,0.6234973888095401,5.380263182110289,2.4449131003496687
8085,20260729_isolated_FBs_usual_001_C2_segmentation,114,spore,13.3033285641465,13.3033285641465,32.87403903184569,0.8259199113937074,3.8056559249791095,2.5705095690274846
8086,20260729_isolated_FBs_usual_001_C2_segmentation,115,spore,13.11929042195475,13.11929042195475,35.41650379953938,0.7595423636338067,3.9090958516384,2.521621976919797
8087,20260729_isolated_FBs_usual_001_C2_segmentation,116,spore,14.01318996974325,14.01318996974325,42.48335218903774,0.6616424376418436,3.625131201087567,2.7151084245834993
8088,20260729_isolated_FBs_usual_001_C2_segmentation,117,spore,14.039481132913501,14.039481132913501,45.05993099019164,0.624588965364893,3.4515640922067523,2.8753144295732938
8089,20260729_isolated_FBs_usual_001_C2_segmentation,118,spore,9.9380596783545,9.9380596783545,29.134103231230277,0.7672735079216003,2.966225978743678,2.499878007209193
8090,20260729_isolated_FBs_usual_001_C2_segmentation,119,spore,13.802860664381251,13.802860664381251,32.216557295444524,0.8637427157565439,3.6178860490754325,2.6932225697260193
8091,20260729_isolated_FBs_usual_001_C2_segmentation,120,spore,12.935252279763,12.935252279763,33.13103829682193,0.8043264431445564,3.5211681338329224,2.622879338593042
8092,20260729_isolated_FBs_usual_001_C2_segmentation,121,spore,10.12209782054625,10.12209782054625,28.744571510087148,0.787242693823466,2.9624325955404824,2.545468283638982
8094,20260729_isolated_FBs_usual_001_C2_segmentation,123,spore,5.91551171330625,5.91551171330625,22.224359561555307,0.7117318738171038,2.817863695768063,1.9953421499698694
8095,20260729_isolated_FBs_usual_001_C2_segmentation,124,spore,8.38688105130975,8.38688105130975,24.788830681910817,0.8053074913810684,2.946814515955619,2.288944613891974
8096,20260729_isolated_FBs_usual_001_C2_segmentation,125,spore,11.357782489548,11.357782489548,30.84113834234001,0.7922874134407037,3.370022857023377,2.476904670660152
8097,20260729_isolated_FBs_usual_001_C2_segmentation,126,spore,11.462947142229,11.462947142229,28.465666013834287,0.8636947933444283,3.4971839615014035,2.3915320288518838
8098,20260729_isolated_FBs_usual_001_C2_segmentation,127,spore,11.5155294685695,11.5155294685695,30.38390658788626,0.8116393971910486,3.3075443931499984,2.516400948308282
8099,20260729_isolated_FBs_usual_001_C2_segmentation,128,spore,14.11835462242425,14.11835462242425,40.60449645009044,0.6957171666711778,3.5068753652003926,2.7597354024811516
8100,20260729_isolated_FBs_usual_001_C2_segmentation,129,spore,7.387816850840251,7.387816850840251,23.084863272912045,0.7946347712582305,3.190685133703352,2.0238914771146135
8103,20260729_isolated_FBs_usual_001_C2_segmentation,132,spore,14.249810438275501,14.249810438275501,38.79203471047731,0.7327361577054925,3.5441008753315746,2.7064146202636725
8104,20260729_isolated_FBs_usual_001_C2_segmentation,133,spore,8.728666172523,8.728666172523,31.885260885146913,0.642973004467636,3.1837288522731377,2.2481597233419133
8105,20260729_isolated_FBs_usual_001_C2_segmentation,134,spore,10.884541552483501,10.884541552483501,28.010783538667418,0.8479409867664618,3.3617694324396057,2.398558505208932
8106,20260729_isolated_FBs_usual_001_C2_segmentation,135,spore,12.64604948489025,12.64604948489025,30.072541235226694,0.8728720354150477,3.4923695088886566,2.550718071677276
8107,20260729_isolated_FBs_usual_001_C2_segmentation,136,spore,9.64885688348175,9.64885688348175,45.60389921223262,0.48061729020971294,4.477588344752212,1.884287626206349
8108,20260729_isolated_FBs_usual_001_C2_segmentation,137,spore,10.80566806297275,10.80566806297275,27.966225485264427,0.8451841639097295,3.3243432828377393,2.4418848669926763
8109,20260729_isolated_FBs_usual_001_C2_segmentation,138,spore,11.147453184186,11.147453184186,28.98978010663877,0.8324464547926334,3.4101220211620027,2.4228843752826914
8110,20260729_isolated_FBs_usual_001_C2_segmentation,139,spore,10.33242712590825,10.33242712590825,27.72569104407373,0.8274402552352094,3.2089742405472235,2.4689148908395753
8111,20260729_isolated_FBs_usual_001_C2_segmentation,140,spore,7.650728482542751,7.650728482542751,23.778162142715022,0.7896616251967686,3.0502808796418264,2.145547241949085
8112,20260729_isolated_FBs_usual_001_C2_segmentation,141,spore,12.22539087416625,12.22539087416625,37.358137795757614,0.6869746957885973,3.1253518384502414,2.7792751760891026
8113,20260729_isolated_FBs_usual_001_C2_segmentation,142,spore,12.462011342698501,12.462011342698501,29.722980788509492,0.8745484180016793,3.4742465538129923,2.5321492240218504
8114,20260729_isolated_FBs_usual_001_C2_segmentation,143,spore,7.0986140559675,7.0986140559675,20.17728312933678,0.8852592625507147,2.4448106423259346,2.217412046466707
8115,20260729_isolated_FBs_usual_001_C2_segmentation,144,spore,7.44039917718075,7.44039917718075,21.956726674141958,0.8394226551883137,2.6239319175638767,2.279198177218964
8117,20260729_isolated_FBs_usual_001_C2_segmentation,146,spore,10.963415041994251,10.963415041994251,29.68418308684238,0.8040003909252823,3.3291111559413142,2.4395308944925325
8118,20260729_isolated_FBs_usual_001_C2_segmentation,147,spore,12.8826699534225,12.8826699534225,33.46006268422427,0.794257445423627,3.4631540115929105,2.5656085220740623
8119,20260729_isolated_FBs_usual_001_C2_segmentation,148,spore,10.01693316786525,10.01693316786525,26.896817899498835,0.8354870818447524,3.298467194843966,2.3365096748557206
8120,20260729_isolated_FBs_usual_001_C2_segmentation,149,spore,10.38500945224875,10.38500945224875,28.73860547399567,0.8009825071615381,3.275585079683801,2.428759863779888
8121,20260729_isolated_FBs_usual_001_C2_segmentation,150,spore,13.32961972731675,13.32961972731675,31.779565665419902,0.8554894806535353,3.4926857709143166,2.6513032088173234
8122,20260729_isolated_FBs_usual_001_C2_segmentation,151,spore,15.4066216177665,15.4066216177665,34.50822394649249,0.8676937336531938,3.54467018605688,2.8411657216616644
8123,20260729_isolated_FBs_usual_001_C2_segmentation,152,spore,12.85637879025225,12.85637879025225,30.550739633007336,0.868710028889547,3.4914130434576545,2.6102506294448826
8124,20260729_isolated_FBs_usual_001_C2_segmentation,153,spore,6.520208466222,6.520208466222,18.9890661495156,0.8888357306861563,2.3712438689152675,2.1346456865142334
8125,20260729_isolated_FBs_usual_001_C2_segmentation,154,spore,12.015061568804251,12.015061568804251,28.948817437084816,0.8763359552972404,3.4526325230238704,2.5104474465101205
8126,20260729_isolated_FBs_usual_001_C2_segmentation,155,spore,12.751214137571251,12.751214137571251,40.50721735511876,0.6516074987770094,3.3437586925730014,2.820427084949149
8127,20260729_isolated_FBs_usual_001_C2_segmentation,156,spore,15.091127659723501,15.091127659723501,33.784597470204226,0.8741376730387891,3.5402668603987335,2.800957065143268
8128,20260729_isolated_FBs_usual_001_C2_segmentation,157,spore,8.518336867161,8.518336867161,24.735921986461932,0.8154410350150441,2.8825670682654585,2.3358143024180347
8129,20260729_isolated_FBs_usual_001_C2_segmentation,158,spore,10.17468014688675,10.17468014688675,29.114599022094893,0.7799267600159439,3.2520262170190395,2.3613838918613155
8130,20260729_isolated_FBs_usual_001_C2_segmentation,159,spore,6.677955445243501,6.677955445243501,22.98063778662511,0.7462500816694506,2.5074251651564454,2.131211045211175
8131,20260729_isolated_FBs_usual_001_C2_segmentation,160,spore,15.748406738979751,15.748406738979751,34.453469071290684,0.8818788277917389,3.5438683846075842,2.8640285698238603
8132,20260729_isolated_FBs_usual_001_C2_segmentation,161,spore,9.5174010676305,9.5174010676305,26.124112553618268,0.831358150666713,3.021681540888612,2.42826631409927
8133,20260729_isolated_FBs_usual_001_C2_segmentation,162,spore,7.387816850840251,7.387816850840251,20.790209020441104,0.882340097127546,2.540230450101402,2.2073651489417507
8134,20260729_isolated_FBs_usual_001_C2_segmentation,163,spore,8.097678256437,8.097678256437,23.01317631615712,0.8473859084834998,2.532730759924983,2.4150629703154123
8136,20260729_isolated_FBs_usual_001_C2_segmentation,165,spore,13.11929042195475,13.11929042195475,32.43566125784885,0.8293444303078124,3.488049801050642,2.587841161334586
8137,20260729_isolated_FBs_usual_001_C2_segmentation,166,spore,10.437591778589251,10.437591778589251,27.63848925421822,0.8356736252953835,3.201507606646584,2.4158928069332535
8138,20260729_isolated_FBs_usual_001_C2_segmentation,167,spore,10.01693316786525,10.01693316786525,26.577397995790385,0.8455283659190916,3.233525540440369,2.4168985902565385
8139,20260729_isolated_FBs_usual_001_C2_segmentation,168,spore,8.045095930096501,8.045095930096501,32.638653024714245,0.5948937164884446,3.1807854735248227,2.1686788127621077
8140,20260729_isolated_FBs_usual_001_C2_segmentation,169,spore,12.48830250586875,12.48830250586875,30.05493755203989,0.8661050443052954,3.418616369557862,2.5708855908619364
8141,20260729_isolated_FBs_usual_001_C2_segmentation,170,spore,12.8826699534225,12.8826699534225,46.34055991239307,0.5734912129143066,3.368514847266161,2.8576637468459825
8142,20260729_isolated_FBs_usual_001_C2_segmentation,171,spore,11.252617836867,11.252617836867,29.45678441259382,0.8243933906047116,3.2497452566973446,2.5375482385205927
8143,20260729_isolated_FBs_usual_001_C2_segmentation,172,spore,12.69863181123075,12.69863181123075,34.185522976179975,0.7699807195064364,3.45260065800478,2.5881958225865835
8144,20260729_isolated_FBs_usual_001_C2_segmentation,173,spore,13.17187274829525,13.17187274829525,31.408114149375045,0.8587642331076797,3.441847994687776,2.6784883149057572
8145,20260729_isolated_FBs_usual_001_C2_segmentation,174,spore,14.828216028021,14.828216028021,38.70685385592458,0.7540882748705784,3.5136419998594572,2.830109262510211
8146,20260729_isolated_FBs_usual_001_C2_segmentation,175,spore,16.721179776279,16.721179776279,37.98876031557863,0.8324157339448394,3.52636344895743,2.996177452244017
8147,20260729_isolated_FBs_usual_001_C2_segmentation,176,spore,12.64604948489025,12.64604948489025,30.24624993849999,0.8678590017429801,3.4435419001301995,2.5697176704389917
8148,20260729_isolated_FBs_usual_001_C2_segmentation,177,spore,7.571854993032,7.571854993032,21.66010959559086,0.860911152063502,2.54689749343898,2.2375462657169676
8149,20260729_isolated_FBs_usual_001_C2_segmentation,178,spore,14.6704690489995,14.6704690489995,36.100153796734716,0.8027945312340752,3.513737532334886,2.7244903400002287
8150,20260729_isolated_FBs_usual_001_C2_segmentation,179,spore,11.252617836867,11.252617836867,28.960730732277806,0.8385140072154617,3.4573328409122968,2.4222491469406826
8151,20260729_isolated_FBs_usual_001_C2_segmentation,180,spore,9.3070717622685,9.3070717622685,25.6159155942541,0.8353137223726661,3.168751200431212,2.3326754150132913
8153,20260729_isolated_FBs_usual_001_C2_segmentation,182,spore,12.3568466900175,12.3568466900175,29.711006502801148,0.8699718476908196,3.4680730314503796,2.5166514216138136
8154,20260729_isolated_FBs_usual_001_C2_segmentation,183,spore,11.5155294685695,11.5155294685695,28.916581653991802,0.8528247191312404,3.6190701950043844,2.4201446359567296
8155,20260729_isolated_FBs_usual_001_C2_segmentation,184,spore,7.3089433613295,7.3089433613295,23.986273817164005,0.7593192352965078,2.527169234721833,2.267847547431107
8156,20260729_isolated_FBs_usual_001_C2_segmentation,185,spore,9.2019071095875,9.2019071095875,25.766830493975792,0.8241539679784569,2.7674328322347095,2.4174146499421454
8157,20260729_isolated_FBs_usual_001_C2_segmentation,186,spore,8.17655174594775,8.17655174594775,22.186174268668314,0.8846710810521428,2.632675446049274,2.2124902395548367
8158,20260729_isolated_FBs_usual_001_C2_segmentation,187,spore,8.097678256437,8.097678256437,23.151733103801956,0.8423145356904327,2.5601766749261587,2.379490613681147
8159,20260729_isolated_FBs_usual_001_C2_segmentation,188,spore,13.67140484853,13.67140484853,43.86636009473426,0.6303202908672931,3.3683591933876063,2.884866871311033
8160,20260729_isolated_FBs_usual_001_C2_segmentation,189,spore,8.308007561799,8.308007561799,22.939693546195862,0.864757694043622,2.6371583223407487,2.2609910251441
8161,20260729_isolated_FBs_usual_001_C2_segmentation,190,spore,10.75308573663225,10.75308573663225,27.427848539799125,0.8589761804571102,3.4178523333746993,2.360950041788177
8162,20260729_isolated_FBs_usual_001_C2_segmentation,191,spore,11.17374434735625,11.17374434735625,28.73447368224354,0.8411627486307118,3.4206297445024063,2.4622439582697435
8163,20260729_isolated_FBs_usual_001_C2_segmentation,192,spore,9.8328950256735,9.8328950256735,26.069340498168984,0.8514157539636945,3.36041768102157,2.3181483867633785
8164,20260729_isolated_FBs_usual_001_C2_segmentation,193,spore,13.17187274829525,13.17187274829525,40.605118412356845,0.66425529872703,3.144327691185731,2.8897479293044674
8165,20260729_isolated_FBs_usual_001_C2_segmentation,194,spore,11.5155294685695,11.5155294685695,28.243744143428415,0.8731411636526617,3.468398002056227,2.440948606366796
8166,20260729_isolated_FBs_usual_001_C2_segmentation,195,spore,15.48549510727725,15.48549510727725,76.71184192841736,0.3916562944588805,5.50766988639703,2.7305467062897293
8167,20260729_isolated_FBs_usual_001_C2_segmentation,196,spore,8.17655174594775,8.17655174594775,23.21726789764366,0.8453822758648548,2.60699814640646,2.3676856094523777
8169,20260729_isolated_FBs_usual_001_C2_segmentation,198,spore,10.621629920781,10.621629920781,27.170435171321532,0.8600327192900801,3.415290296106027,2.3927606167115285
8170,20260729_isolated_FBs_usual_001_C2_segmentation,199,spore,8.492045703990751,8.492045703990751,23.662224070725145,0.8506876157916452,2.638982030667531,2.3736602688856454
8171,20260729_isolated_FBs_usual_001_C2_segmentation,200,spore,7.5455638298617504,7.5455638298617504,21.32981151404455,0.8722177187517159,2.536249491403805,2.243507009441792
8172,20260729_isolated_FBs_usual_001_C2_segmentation,201,spore,9.75402153616275,9.75402153616275,25.93619273517811,0.8512040992402367,3.2013006859647497,2.3740358473318217
8173,20260729_isolated_FBs_usual_001_C2_segmentation,202,spore,10.831959226143,10.831959226143,28.145308540474275,0.8411680881465041,3.349821046041608,2.4340792693206286
8175,20260729_isolated_FBs_usual_001_C2_segmentation,204,spore,13.723987174870501,13.723987174870501,32.36601605083035,0.8564757710741514,3.4765845370521697,2.6966536655016573
8176,20260729_isolated_FBs_usual_001_C2_segmentation,205,spore,12.6723406480605,12.6723406480605,30.384377391010485,0.8651106837305715,3.4991140275502612,2.4890285591786534
8177,20260729_isolated_FBs_usual_001_C2_segmentation,206,spore,13.67140484853,13.67140484853,31.838261648236603,0.868447440996947,3.5179872403206933,2.651256903818856
8178,20260729_isolated_FBs_usual_001_C2_segmentation,207,spore,12.724922974401,12.724922974401,30.24270259067682,0.8715660415520897,3.512286143050086,2.563774104589394
8179,20260729_isolated_FBs_usual_001_C2_segmentation,208,spore,12.724922974401,12.724922974401,30.06076218437294,0.8768411266862612,3.4864456060382736,2.5702229734370206
8180,20260729_isolated_FBs_usual_001_C2_segmentation,209,spore,13.434784379997751,13.434784379997751,34.616244164363366,0.7895106258368867,3.516506247889871,2.6136837700503044
8181,20260729_isolated_FBs_usual_001_C2_segmentation,210,spore,10.963415041994251,10.963415041994251,29.667794715985877,0.8044445175178179,3.3420930497076946,2.4335268291802197
8182,20260729_isolated_FBs_usual_001_C2_segmentation,211,spore,11.6206941212505,11.6206941212505,33.709282116193044,0.7360195226575478,3.389658010740522,2.4956797722753117
8183,20260729_isolated_FBs_usual_001_C2_segmentation,212,spore,8.28171639862875,8.28171639862875,24.01449818103505,0.8243105246360322,2.805278360824848,2.359316560298998
8184,20260729_isolated_FBs_usual_001_C2_segmentation,213,spore,5.49485310258225,5.49485310258225,19.710639749736554,0.7639896266307097,2.2593704628160425,2.04951097095666
8185,20260729_isolated_FBs_usual_001_C2_segmentation,214,spore,12.1465173846555,12.1465173846555,28.9912079901825,0.8814256072767658,3.491662053800986,2.5167864470988435
8186,20260729_isolated_FBs_usual_001_C2_segmentation,215,spore,10.6742122471215,10.6742122471215,32.74243613006358,0.7160285814181041,3.2590966774364247,2.44444504477561
8187,20260729_isolated_FBs_usual_001_C2_segmentation,216,spore,9.359654088609,9.359654088609,25.52152052716177,0.8415581137023957,2.931600016718749,2.4581015980191054
8188,20260729_isolated_FBs_usual_001_C2_segmentation,217,spore,11.252617836867,11.252617836867,28.04298146267405,0.8659556549125439,3.4527580548396197,2.376966455902725
8189,20260729_isolated_FBs_usual_001_C2_segmentation,218,spore,9.885477352014,9.885477352014,29.0123791096279,0.7677724854297717,3.302358525771125,2.3646676475332504
8190,20260729_isolated_FBs_usual_001_C2_segmentation,219,spore,13.85544299072175,13.85544299072175,31.88251789185529,0.8750075282935335,3.5314292507784706,2.675488140906927
8191,20260729_isolated_FBs_usual_001_C2_segmentation,220,spore,6.59908195573275,6.59908195573275,19.03435592648331,0.8938574959151603,2.3367061419978907,2.1684630462111265
8192,20260729_isolated_FBs_usual_001_C2_segmentation,221,spore,12.383137853187751,12.383137853187751,29.73266677368839,0.8705707393137819,3.534324725470799,2.5303003791163228
8193,20260729_isolated_FBs_usual_001_C2_segmentation,222,spore,9.22819827275775,9.22819827275775,25.789161151660956,0.8250080505628463,3.3433518702160985,2.260767938519765
8194,20260729_isolated_FBs_usual_001_C2_segmentation,223,spore,11.883605752953,11.883605752953,29.029937710763125,0.8675013861575306,3.5107937638710998,2.4859549093180413
8195,20260729_isolated_FBs_usual_001_C2_segmentation,224,spore,6.520208466222,6.520208466222,26.501621594039477,0.6368727447926639,2.9937032696536314,2.1062619422980946
8196,20260729_isolated_FBs_usual_001_C2_segmentation,225,spore,6.54649962939225,6.54649962939225,26.36517722672592,0.6418884008501142,2.9138770515705334,2.1177345522283284
8197,20260729_isolated_FBs_usual_001_C2_segmentation,226,spore,9.59627455714125,9.59627455714125,28.17026657813439,0.7752259067894355,3.228547167401229,2.2929558708569555
8198,20260729_isolated_FBs_usual_001_C2_segmentation,227,spore,7.7296019720535005,7.7296019720535005,28.454380028949583,0.6644154930569782,3.078774611082625,2.1788038759891784
8199,20260729_isolated_FBs_usual_001_C2_segmentation,228,spore,7.9399312774155,7.9399312774155,21.559693220679378,0.8927284526280763,2.5697205167909485,2.2351893991739797
8207,20260729_isolated_FBs_usual_001_C2_segmentation,236,spore,7.046031729627,7.046031729627,21.63511587325426,0.8215259670945292,2.581229417174851,2.1887739797423573
8211,20260729_isolated_FBs_usual_001_C2_segmentation,240,spore,7.17748754547825,7.17748754547825,20.607428609899486,0.873189729496051,2.5567938944873045,2.1666237391597436
8214,20260729_isolated_FBs_usual_001_C2_segmentation,243,spore,6.80941126109475,6.80941126109475,19.764105814631886,0.8790494985234265,2.4142424867282073,2.167313945185213
8217,20260729_isolated_FBs_usual_001_C2_segmentation,246,spore,7.59814615620225,7.59814615620225,21.232851240903194,0.880266625486709,2.5211802788309705,2.230258565547079
8219,20260729_isolated_FBs_usual_001_C2_segmentation,248,spore,7.86105778790475,7.86105778790475,21.61965228640748,0.8843470787739405,2.599084052507751,2.2338679584597454
8222,20260729_isolated_FBs_usual_001_C2_segmentation,251,spore,5.1004856550285,5.1004856550285,19.35932236183718,0.7401759900155412,2.2856643882308165,2.0096146775107226
8225,20260729_isolated_FBs_usual_001_C2_segmentation,254,spore,6.730537771584,6.730537771584,19.406917463470364,0.8883022106016363,2.413489386409361,2.184346268681931
8240,20260729_isolated_FBs_usual_001_C2_segmentation,10,vc,29.8141790350635,29.8141790350635,251.45412551398198,0.18491576103792792,8.567156916258867,3.978645977187694
8258,20260729_isolated_FBs_usual_001_C2_segmentation,28,vc,5.5211442657525005,5.5211442657525005,58.78213925368034,0.2569950750278167,4.947677224349888,2.33820954455044
8400,20260729_isolated_FBs_usual_002_C2_segmentation,1,spore,12.43572017952825,12.43572017952825,58.59844479944111,0.4429744340858906,3.8497613427349884,2.823383845913653
8407,20260729_isolated_FBs_usual_002_C2_segmentation,8,spore,16.0376095338525,16.0376095338525,40.93562323085837,0.7512926522902527,4.381669406511902,2.6487724311619134
8408,20260729_isolated_FBs_usual_002_C2_segmentation,9,spore,17.27329420285425,17.27329420285425,44.44578491172753,0.7270601208655076,4.464155494947921,2.787191899985373
8410,20260729_isolated_FBs_usual_002_C2_segmentation,11,spore,16.247938839214502,16.247938839214502,49.904008719626006,0.6216522954279904,4.317952753319985,2.694102236590853
8411,20260729_isolated_FBs_usual_002_C2_segmentation,12,spore,13.4084932168275,13.4084932168275,50.57386067394306,0.5396903687795735,3.446131389638288,2.8329184332026474
8412,20260729_isolated_FBs_usual_002_C2_segmentation,13,spore,15.143709986064,15.143709986064,42.0954764486122,0.7031860034900612,4.262230072006971,2.6003504128976367
8413,20260729_isolated_FBs_usual_002_C2_segmentation,14,spore,8.045095930096501,8.045095930096501,27.0586687099457,0.7175715038749234,3.2969892403804786,2.1736788040554194
8415,20260729_isolated_FBs_usual_002_C2_segmentation,16,spore,10.516465268100001,10.516465268100001,38.336224845855234,0.6055099845495963,3.862714156799452,2.283736368797032
8416,20260729_isolated_FBs_usual_002_C2_segmentation,17,spore,5.179359144539251,5.179359144539251,32.27329636018133,0.4485644135304055,3.0960141096593348,2.132668884922738
8417,20260729_isolated_FBs_usual_002_C2_segmentation,18,spore,17.141838387003002,17.141838387003002,42.35959178781047,0.7589921586314946,4.588420247908622,2.705372223915836
8419,20260729_isolated_FBs_usual_002_C2_segmentation,20,spore,11.357782489548,11.357782489548,28.23594782429018,0.8653878338661278,3.5757909489700244,2.4176788259512247
8420,20260729_isolated_FBs_usual_002_C2_segmentation,21,spore,11.5155294685695,11.5155294685695,30.203769361129122,0.8164800668567689,3.7538636083155676,2.3445793239563435
8421,20260729_isolated_FBs_usual_002_C2_segmentation,22,spore,12.724922974401,12.724922974401,32.564844701967935,0.8094161917253192,4.030413782218374,2.4429389246029163
8422,20260729_isolated_FBs_usual_002_C2_segmentation,23,spore,9.622565720311501,9.622565720311501,26.570264326364068,0.823408805265884,3.6020715761319475,2.236878089159719
8424,20260729_isolated_FBs_usual_002_C2_segmentation,25,spore,9.64885688348175,9.64885688348175,27.012578494548364,0.8114006023824628,3.5185563459775615,2.2721162802400743
8429,20260729_isolated_FBs_usual_002_C2_segmentation,30,spore,8.649792683012251,8.649792683012251,23.872942973667193,0.8535886456553125,3.5321031639154574,2.1416615444219755
8432,20260729_isolated_FBs_usual_002_C2_segmentation,33,spore,13.513657869508501,13.513657869508501,65.81468162756525,0.41687893697589556,4.7669213516443065,2.8051382817574457
8433,20260729_isolated_FBs_usual_002_C2_segmentation,34,spore,14.74934253851025,14.74934253851025,41.819634989597766,0.6954816265071865,3.7378519933177343,2.797160154634547
8434,20260729_isolated_FBs_usual_002_C2_segmentation,35,spore,21.79537426813725,21.79537426813725,46.5199048869393,0.8111257593919368,4.674634826445204,2.949597827009529
8435,20260729_isolated_FBs_usual_002_C2_segmentation,36,spore,17.8254086294295,17.8254086294295,56.05391384315044,0.5887142015536014,5.767698180266879,2.543861227037977
8436,20260729_isolated_FBs_usual_002_C2_segmentation,37,spore,15.64324208629875,15.64324208629875,41.50082289816572,0.7288619195323517,4.212784737326348,2.6875538814268807
8437,20260729_isolated_FBs_usual_002_C2_segmentation,38,spore,14.828216028021,14.828216028021,34.14737981136993,0.8547767006171001,3.589658670463754,2.7364379500899165
8438,20260729_isolated_FBs_usual_002_C2_segmentation,39,spore,30.471458114319752,30.471458114319752,97.83190125273924,0.4822428402801833,6.1714142005409,3.0612753294188275
8439,20260729_isolated_FBs_usual_002_C2_segmentation,40,spore,12.751214137571251,12.751214137571251,43.84418739048479,0.602013816520497,3.329831010093788,2.8283248290073764
8440,20260729_isolated_FBs_usual_002_C2_segmentation,41,spore,18.06202909796175,18.06202909796175,65.27933351401268,0.5099795614626695,5.993657843658033,2.6018174432077688
8441,20260729_isolated_FBs_usual_002_C2_segmentation,42,spore,14.565304396318501,14.565304396318501,45.307481128944275,0.6365911300714132,3.8767349416426,2.705047664100503
8442,20260729_isolated_FBs_usual_002_C2_segmentation,43,spore,15.669533249469001,15.669533249469001,87.24411683456535,0.3470979222727234,6.1288133783556615,2.7732009389045515
8443,20260729_isolated_FBs_usual_002_C2_segmentation,44,spore,11.64698528442075,11.64698528442075,45.20016602449949,0.5497346509078265,3.563133215324543,2.552634512316323
8444,20260729_isolated_FBs_usual_002_C2_segmentation,45,spore,7.5192726666915,7.5192726666915,29.235268730139275,0.6348838163127443,3.4944982309400343,1.775897132284003
8445,20260729_isolated_FBs_usual_002_C2_segmentation,46,spore,14.74934253851025,14.74934253851025,34.32099674365368,0.8474342391550849,3.6596144059538247,2.7626921643368627
8446,20260729_isolated_FBs_usual_002_C2_segmentation,47,spore,15.012254170212751,15.012254170212751,35.59014867941397,0.8268973396943466,4.048395604871349,2.6194310992453698
8448,20260729_isolated_FBs_usual_002_C2_segmentation,49,spore,13.53994903267875,13.53994903267875,32.0733645237472,0.8565465247110345,3.6012957047343797,2.6564964382437903
8449,20260729_isolated_FBs_usual_002_C2_segmentation,50,spore,13.48736670633825,13.48736670633825,35.590888140064344,0.7698924770961633,3.489906175906065,2.669862110402701
8450,20260729_isolated_FBs_usual_002_C2_segmentation,51,spore,14.80192486485075,14.80192486485075,37.00324917192122,0.7878733209120612,3.594705381186538,2.7996644876673478
8451,20260729_isolated_FBs_usual_002_C2_segmentation,52,spore,22.11086822618025,22.11086822618025,58.56282441369282,0.650527970749282,5.686750215528856,2.4272903501950625
8452,20260729_isolated_FBs_usual_002_C2_segmentation,53,spore,15.091127659723501,15.091127659723501,33.506818047710624,0.8813844804691714,3.557531092526799,2.8339534141324236
8453,20260729_isolated_FBs_usual_002_C2_segmentation,54,spore,14.854507191191251,14.854507191191251,33.31629206613958,0.8771347075802224,3.5676456589154677,2.7698242220336047
8454,20260729_isolated_FBs_usual_002_C2_segmentation,55,spore,14.38126625412675,14.38126625412675,33.27095962406818,0.8595745497961449,3.5393402016403286,2.7831142404260985
8455,20260729_isolated_FBs_usual_002_C2_segmentation,56,spore,9.07045129373625,9.07045129373625,29.35501390741525,0.7165080890634394,3.447237849759561,2.2384214961566746
8456,20260729_isolated_FBs_usual_002_C2_segmentation,57,spore,14.302392764616,14.302392764616,32.50408882201629,0.8766345744394626,3.550662937597016,2.730708184973086
8457,20260729_isolated_FBs_usual_002_C2_segmentation,58,spore,12.8826699534225,12.8826699534225,30.55556513312692,0.8697565826551852,3.5688990115449615,2.6116611844883915
8458,20260729_isolated_FBs_usual_002_C2_segmentation,59,spore,14.17093694876475,14.17093694876475,41.398556220477396,0.6840659490910799,3.9014753935405775,2.6623101337060104
8459,20260729_isolated_FBs_usual_002_C2_segmentation,60,spore,14.72305137534,14.72305137534,39.17601422363184,0.7415306287312903,3.4994133158546137,2.9024721457997353
8460,20260729_isolated_FBs_usual_002_C2_segmentation,61,spore,12.64604948489025,12.64604948489025,37.49912661305197,0.7000024440291595,3.5793047158397138,2.5818336764149494
8461,20260729_isolated_FBs_usual_002_C2_segmentation,62,spore,14.27610160144575,14.27610160144575,40.573552009722775,0.7014243659388412,3.9217223284852203,2.631970818492845
8462,20260729_isolated_FBs_usual_002_C2_segmentation,63,spore,13.4084932168275,13.4084932168275,37.44119247580048,0.7289892151637075,3.728735874861672,2.639006536590585
8463,20260729_isolated_FBs_usual_002_C2_segmentation,64,spore,12.724922974401,12.724922974401,30.144647859138022,0.8744010779612749,3.55875901051151,2.5787393649928143
8464,20260729_isolated_FBs_usual_002_C2_segmentation,65,spore,19.981284009390002,19.981284009390002,42.66886773464393,0.8345555849394634,4.609015112868242,2.838596071153643
8465,20260729_isolated_FBs_usual_002_C2_segmentation,66,spore,12.48830250586875,12.48830250586875,34.66110084118184,0.7510071056131761,3.1924274956479515,2.7326790988580467
8466,20260729_isolated_FBs_usual_002_C2_segmentation,67,spore,13.67140484853,13.67140484853,37.81651941387384,0.7311581626959129,3.761499440817932,2.66862357618203
8467,20260729_isolated_FBs_usual_002_C2_segmentation,68,spore,13.986898806573,13.986898806573,32.307882473926455,0.8689402582077569,3.577939492423224,2.699901113666511
8468,20260729_isolated_FBs_usual_002_C2_segmentation,69,spore,12.59346715854975,12.59346715854975,47.698525984479694,0.5487940263784702,4.623826863229095,2.514522611431167
8469,20260729_isolated_FBs_usual_002_C2_segmentation,70,spore,10.411300615419,10.411300615419,29.34203579894651,0.7858335012755013,3.2653447900459103,2.464873747983911
8470,20260729_isolated_FBs_usual_002_C2_segmentation,71,spore,13.9343164802325,13.9343164802325,32.15435366317173,0.8708996586950523,3.544554538231581,2.6997562917407634
8471,20260729_isolated_FBs_usual_002_C2_segmentation,72,spore,15.11741882289375,15.11741882289375,54.6862870756291,0.5406598463787357,4.676089418729194,2.5819215293377975
8472,20260729_isolated_FBs_usual_002_C2_segmentation,73,spore,13.066708095614251,13.066708095614251,30.527946407122798,0.8788147282065668,3.5324673982647323,2.5970965606042244
8473,20260729_isolated_FBs_usual_002_C2_segmentation,74,spore,9.254489435928,9.254489435928,25.678629571906356,0.8301321962826678,2.6923826339092605,2.500600723549364
8474,20260729_isolated_FBs_usual_002_C2_segmentation,75,spore,19.245131440623002,19.245131440623002,70.84948854786447,0.490186477069512,3.826856536945925,3.286888503563151
8475,20260729_isolated_FBs_usual_002_C2_segmentation,76,spore,17.141838387003002,17.141838387003002,37.73405952905028,0.852031252694332,3.590038386228526,2.9934889561525457
8476,20260729_isolated_FBs_usual_002_C2_segmentation,77,spore,13.513657869508501,13.513657869508501,42.688583878803,0.6427187791518686,3.709300778761216,2.648186999203658
8477,20260729_isolated_FBs_usual_002_C2_segmentation,78,spore,15.64324208629875,15.64324208629875,38.18270964112003,0.7922007035130353,4.019596791139324,2.7147322835825802
8478,20260729_isolated_FBs_usual_002_C2_segmentation,79,spore,14.22351927510525,14.22351927510525,44.21849743843,0.6420243806759549,3.6123564581564045,2.8055270760748634
8479,20260729_isolated_FBs_usual_002_C2_segmentation,80,spore,13.277037400976251,13.277037400976251,42.1761510053473,0.6429116567123591,3.4902526122059343,2.7707037467358906
8480,20260729_isolated_FBs_usual_002_C2_segmentation,81,spore,13.3033285641465,13.3033285641465,40.20598337559024,0.6753055422297994,3.4992576734766043,2.713846339443229
8481,20260729_isolated_FBs_usual_002_C2_segmentation,82,spore,15.59065975995825,15.59065975995825,34.63110659437583,0.8714866753039783,3.5730186241581077,2.832489167791017
8482,20260729_isolated_FBs_usual_002_C2_segmentation,83,spore,12.093935058315001,12.093935058315001,35.3877781983214,0.7200167218890242,3.2363052362203417,2.6886419192705118
8483,20260729_isolated_FBs_usual_002_C2_segmentation,84,spore,8.4657545408205,8.4657545408205,24.4827019026145,0.8204810619276064,2.558094573049012,2.4888482803564296
8484,20260729_isolated_FBs_usual_002_C2_segmentation,85,spore,15.827280228490501,15.827280228490501,48.22962907965557,0.6320834178047112,3.424951753233965,2.931765201326216
8485,20260729_isolated_FBs_usual_002_C2_segmentation,86,spore,11.357782489548,11.357782489548,31.41480513811814,0.7778194267762766,3.4849336585096613,2.429015446908055
8486,20260729_isolated_FBs_usual_002_C2_segmentation,87,spore,13.145581585125,13.145581585125,40.02989325273158,0.6729036681616308,3.4556793017451763,2.7247900369907425
8487,20260729_isolated_FBs_usual_002_C2_segmentation,88,spore,9.2019071095875,9.2019071095875,25.640601452890152,0.828211289538405,2.6698985665203794,2.523816679708915
8488,20260729_isolated_FBs_usual_002_C2_segmentation,89,spore,16.694888613108752,16.694888613108752,37.617868997340025,0.8397415041213964,3.8460517979400493,2.8509382670823253
8489,20260729_isolated_FBs_usual_002_C2_segmentation,90,spore,13.90802531706225,13.90802531706225,33.703594370597514,0.829821889813869,3.543986094235981,2.6996121093789296
8490,20260729_isolated_FBs_usual_002_C2_segmentation,91,spore,8.70237500935275,8.70237500935275,33.7998433333736,0.6053333945996451,3.4350060133405784,2.1602522606318635
8491,20260729_isolated_FBs_usual_002_C2_segmentation,92,spore,12.751214137571251,12.751214137571251,30.16083897684147,0.8751350253702306,3.538627906184406,2.5358027582252203
8492,20260729_isolated_FBs_usual_002_C2_segmentation,93,spore,12.619758321720001,12.619758321720001,50.90165472544133,0.5149751218396464,4.794900090665356,2.5755597411781874
8493,20260729_isolated_FBs_usual_002_C2_segmentation,94,spore,12.908961116592751,12.908961116592751,35.67277597809499,0.7460044413877682,3.244546892079343,2.7348924646276203
8494,20260729_isolated_FBs_usual_002_C2_segmentation,95,spore,8.045095930096501,8.045095930096501,29.52686667555139,0.6575885552775634,3.0224177428952195,2.306181052191522
8495,20260729_isolated_FBs_usual_002_C2_segmentation,96,spore,10.358718289078501,10.358718289078501,28.769926158778745,0.7987595411591059,3.128084203522948,2.487042136951462
8496,20260729_isolated_FBs_usual_002_C2_segmentation,97,spore,16.90521791847075,16.90521791847075,66.82155363270977,0.47670320427673146,5.654349911598813,2.6273937342778457
8497,20260729_isolated_FBs_usual_002_C2_segmentation,98,spore,12.27797320050675,12.27797320050675,38.226061623456516,0.6733006333118116,3.3739284445317193,2.679834393724548
8498,20260729_isolated_FBs_usual_002_C2_segmentation,99,spore,14.9859630070425,14.9859630070425,33.90747809978902,0.8669187684678387,3.509786370405473,2.823129277570275
8499,20260729_isolated_FBs_usual_002_C2_segmentation,100,spore,13.75027833804075,13.75027833804075,41.684472053514014,0.6658618688460609,3.509197540826976,2.73209519651072
8500,20260729_isolated_FBs_usual_002_C2_segmentation,101,spore,14.72305137534,14.72305137534,35.10548670306386,0.8275120839130912,3.548958922140705,2.774551243851337
8501,20260729_isolated_FBs_usual_002_C2_segmentation,102,spore,9.33336292543875,9.33336292543875,27.901918019973674,0.7683200533272425,2.7397869365485676,2.522482625265184
8502,20260729_isolated_FBs_usual_002_C2_segmentation,103,spore,15.9324448811715,15.9324448811715,35.18401334395236,0.8702827276174158,3.5381412781867274,2.916840277194574
8503,20260729_isolated_FBs_usual_002_C2_segmentation,104,spore,12.015061568804251,12.015061568804251,30.653325120436214,0.827606449994555,3.531812791006983,2.51892260946539
8504,20260729_isolated_FBs_usual_002_C2_segmentation,105,spore,14.90708951753175,14.90708951753175,33.57301786757193,0.8724803391852282,3.57109325517859,2.80836258579275
8505,20260729_isolated_FBs_usual_002_C2_segmentation,106,spore,15.17000114923425,15.17000114923425,34.0430872796725,0.870520351412715,3.5462830404005983,2.8425659979502083
8506,20260729_isolated_FBs_usual_002_C2_segmentation,107,spore,19.74466354085775,19.74466354085775,50.115424976591626,0.7049297921127897,4.0624504245185635,3.0587335403164992
8507,20260729_isolated_FBs_usual_002_C2_segmentation,108,spore,16.090191860193002,16.090191860193002,34.95543545346175,0.8817461179145398,3.5672029159397804,2.8910562802180757
8508,20260729_isolated_FBs_usual_002_C2_segmentation,109,spore,12.27797320050675,12.27797320050675,33.689944390859075,0.7639558914520759,3.4885593617524746,2.562989388535252
8509,20260729_isolated_FBs_usual_002_C2_segmentation,110,spore,11.462947142229,11.462947142229,30.49641753364242,0.8061814965022769,3.5030382131823483,2.498329755209596
8510,20260729_isolated_FBs_usual_002_C2_segmentation,111,spore,14.64417788582925,14.64417788582925,33.16084726605506,0.8729080594475872,3.5135621364877614,2.790606331586938
8511,20260729_isolated_FBs_usual_002_C2_segmentation,112,spore,9.49110990446025,9.49110990446025,28.89068685674183,0.7503621614802771,3.431671921285274,2.248694127386995
8512,20260729_isolated_FBs_usual_002_C2_segmentation,113,spore,13.723987174870501,13.723987174870501,39.21371729870022,0.7069135614605995,3.4738977317733806,2.7492739851005625
8513,20260729_isolated_FBs_usual_002_C2_segmentation,114,spore,10.726794573462,10.726794573462,30.664160212914084,0.7670665152366352,3.030980906980177,2.633695074963633
8514,20260729_isolated_FBs_usual_002_C2_segmentation,115,spore,13.066708095614251,13.066708095614251,42.491364688292784,0.6313849677761002,3.3681077606159344,2.715470173839
8515,20260729_isolated_FBs_usual_002_C2_segmentation,116,spore,15.64324208629875,15.64324208629875,34.52928616048753,0.8760207002003703,3.56151652367446,2.87878289123649
8516,20260729_isolated_FBs_usual_002_C2_segmentation,117,spore,14.039481132913501,14.039481132913501,45.05250234510878,0.6246919529794503,3.7577476041266307,2.6909697216949895
8517,20260729_isolated_FBs_usual_002_C2_segmentation,118,spore,12.409429016358,12.409429016358,30.02683884617337,0.8632615098038192,3.550373524887163,2.56085811017897
8518,20260729_isolated_FBs_usual_002_C2_segmentation,119,spore,14.854507191191251,14.854507191191251,38.62594596268476,0.7565607875939627,3.4677970420120388,2.8490521293799413
8519,20260729_isolated_FBs_usual_002_C2_segmentation,120,spore,8.54462803033125,8.54462803033125,30.260176262872662,0.6679461414764661,3.28214278504739,2.2867838341645372
8520,20260729_isolated_FBs_usual_002_C2_segmentation,121,spore,13.32961972731675,13.32961972731675,39.71509755377271,0.6845528728638959,3.4992932526174956,2.7592832496511313
8521,20260729_isolated_FBs_usual_002_C2_segmentation,122,spore,12.33055552684725,12.33055552684725,33.13499992716364,0.7789667363001141,3.6582199661080717,2.5319827029137913
8522,20260729_isolated_FBs_usual_002_C2_segmentation,123,spore,14.95967184387225,14.95967184387225,48.94625493606528,0.5998546565593003,4.01599513449547,2.3283989382295034
8523,20260729_isolated_FBs_usual_002_C2_segmentation,124,spore,15.827280228490501,15.827280228490501,37.8505484014712,0.8054083778331007,3.554204985674191,2.8697278975813223
8524,20260729_isolated_FBs_usual_002_C2_segmentation,125,spore,12.85637879025225,12.85637879025225,39.52411254838026,0.6714820953082843,3.512004227865384,2.617602880960346
8525,20260729_isolated_FBs_usual_002_C2_segmentation,126,spore,12.3568466900175,12.3568466900175,32.79404700633649,0.7881838804159045,3.6175683794963094,2.5339357502347504
8526,20260729_isolated_FBs_usual_002_C2_segmentation,127,spore,11.988770405634,11.988770405634,32.0041581356653,0.7915180303757813,3.31736459272002,2.6068157943817725
8527,20260729_isolated_FBs_usual_002_C2_segmentation,128,spore,12.724922974401,12.724922974401,35.87407914946195,0.7347509178695855,3.4868715797942595,2.592245918687408
8528,20260729_isolated_FBs_usual_002_C2_segmentation,129,spore,10.7793768998025,10.7793768998025,32.33566612297708,0.7297902956128149,3.283250501929335,2.5015857792891527
8529,20260729_isolated_FBs_usual_002_C2_segmentation,130,spore,8.2554252354585,8.2554252354585,24.660231838810844,0.8010259794602044,2.610188706656049,2.331621116176769
8530,20260729_isolated_FBs_usual_002_C2_segmentation,131,spore,13.355910890487001,13.355910890487001,31.46376216050694,0.8652118969813182,3.5635913535851707,2.5827715583976136
8531,20260729_isolated_FBs_usual_002_C2_segmentation,132,spore,12.43572017952825,12.43572017952825,33.969206534331725,0.7641512879351802,3.632040929409554,2.58544799739244
8532,20260729_isolated_FBs_usual_002_C2_segmentation,133,spore,14.3549750909565,14.3549750909565,32.640970684084635,0.8750966498572352,3.5585791736042367,2.74940943929401
8533,20260729_isolated_FBs_usual_002_C2_segmentation,134,spore,12.48830250586875,12.48830250586875,38.3435280237202,0.6788820528981887,3.4639526354818466,2.657489108281343
8534,20260729_isolated_FBs_usual_002_C2_segmentation,135,spore,8.96528664105525,8.96528664105525,26.24006688032342,0.7953567537188716,2.6338923768366236,2.5333384278663362
8535,20260729_isolated_FBs_usual_002_C2_segmentation,136,spore,12.17280854782575,12.17280854782575,29.717406651001085,0.861126746058746,3.591997348872813,2.527242488338752
8536,20260729_isolated_FBs_usual_002_C2_segmentation,137,spore,10.358718289078501,10.358718289078501,28.597310377007034,0.8035809212409072,3.190684798943761,2.465354343829073
8537,20260729_isolated_FBs_usual_002_C2_segmentation,138,spore,13.85544299072175,13.85544299072175,31.874487900130347,0.8752279648769689,3.5637426533235184,2.6721143892142036
8540,20260729_isolated_FBs_usual_002_C2_segmentation,141,spore,10.0432243310355,10.0432243310355,31.338123751450453,0.7183342526264241,3.316973887063849,2.413352957245886
8541,20260729_isolated_FBs_usual_002_C2_segmentation,142,spore,8.86012198837425,8.86012198837425,31.570041067478442,0.6558966990938265,3.0520258233037816,2.3270957370942793
8542,20260729_isolated_FBs_usual_002_C2_segmentation,143,spore,6.7831200979245,6.7831200979245,24.011424401149092,0.721693075242767,2.4588868348390225,2.2471992931456772
8543,20260729_isolated_FBs_usual_002_C2_segmentation,144,spore,7.571854993032,7.571854993032,21.215110358756093,0.8789692624938671,2.4970976476181677,2.2313073087800346
8544,20260729_isolated_FBs_usual_002_C2_segmentation,145,spore,8.6760838461825,8.6760838461825,29.234971197983974,0.698442429671435,3.338986439452599,2.2445347161569704
8545,20260729_isolated_FBs_usual_002_C2_segmentation,146,spore,11.64698528442075,11.64698528442075,29.44983649422052,0.8437431391284778,3.4303554296935896,2.466718384355913
8546,20260729_isolated_FBs_usual_002_C2_segmentation,147,spore,8.6760838461825,8.6760838461825,32.715592423771625,0.6241349400128132,3.2867540767226404,2.229299812160341
8547,20260729_isolated_FBs_usual_002_C2_segmentation,148,spore,7.4666903403510005,7.4666903403510005,20.662868877737306,0.8940852531460765,2.492435642017027,2.233216751298473
8548,20260729_isolated_FBs_usual_002_C2_segmentation,149,spore,7.3089433613295,7.3089433613295,23.559397414888725,0.7730774591438184,2.93133486438684,2.0513051617228126
8549,20260729_isolated_FBs_usual_002_C2_segmentation,150,spore,7.650728482542751,7.650728482542751,27.87773086626582,0.6735376796584926,3.2155011346172397,2.1072706954864495
8550,20260729_isolated_FBs_usual_002_C2_segmentation,151,spore,9.75402153616275,9.75402153616275,31.142501593935144,0.7089023824331391,3.2478632644645358,2.35208806709205
8551,20260729_isolated_FBs_usual_002_C2_segmentation,152,spore,11.2000355105265,11.2000355105265,32.30434543819415,0.7493811741395769,3.410825314949572,2.479389242848955
8552,20260729_isolated_FBs_usual_002_C2_segmentation,153,spore,11.5155294685695,11.5155294685695,28.416705648965397,0.8678266908183634,3.5090965416514073,2.375703809687587
8553,20260729_isolated_FBs_usual_002_C2_segmentation,154,spore,11.2000355105265,11.2000355105265,29.586105559003133,0.8182309856904358,3.5189244261106865,2.423192898151394
8554,20260729_isolated_FBs_usual_002_C2_segmentation,155,spore,10.069515494205751,10.069515494205751,30.70071299002767,0.7345274761334318,3.1377701925750237,2.38128165450877
8555,20260729_isolated_FBs_usual_002_C2_segmentation,156,spore,11.936188079293501,11.936188079293501,29.324546185236738,0.8613174782429104,3.46111494435234,2.524228160217157
8556,20260729_isolated_FBs_usual_002_C2_segmentation,157,spore,7.151196382308,7.151196382308,20.957186309770037,0.8565189052430074,2.4342470487807333,2.2299876859944168
8557,20260729_isolated_FBs_usual_002_C2_segmentation,158,spore,12.724922974401,12.724922974401,30.25613317683205,0.8711791565941664,3.508074595457177,2.5140120644820527
8558,20260729_isolated_FBs_usual_002_C2_segmentation,159,spore,10.01693316786525,10.01693316786525,34.26092433208266,0.6559059434575377,3.3871288283183034,2.4193096238692395
8559,20260729_isolated_FBs_usual_002_C2_segmentation,160,spore,12.540884832209251,12.540884832209251,30.165433492904334,0.8653530727457471,3.4010833829887472,2.5949789560468375
8560,20260729_isolated_FBs_usual_002_C2_segmentation,161,spore,9.4122364149495,9.4122364149495,27.09255312015219,0.7957245226834675,3.121239334306451,2.3567044420212895
8561,20260729_isolated_FBs_usual_002_C2_segmentation,162,spore,6.44133497671125,6.44133497671125,21.07524866220074,0.7943806807334907,2.4131399361224943,2.2098865659868006
8562,20260729_isolated_FBs_usual_002_C2_segmentation,163,spore,6.96715824011625,6.96715824011625,19.98375831663087,0.8827628987248191,2.451017131210493,2.2157091102429147
8563,20260729_isolated_FBs_usual_002_C2_segmentation,164,spore,9.96435084152475,9.96435084152475,28.464574254782928,0.7867053538123299,3.3456726465752373,2.318090173306674
8564,20260729_isolated_FBs_usual_002_C2_segmentation,165,spore,12.514593669039,12.514593669039,30.2605529807677,0.8614269075554704,3.4186187461734323,2.572949156176904
8565,20260729_isolated_FBs_usual_002_C2_segmentation,166,spore,10.516465268100001,10.516465268100001,27.038747744395646,0.8585074698555533,3.400382675378207,2.315315766566995
8566,20260729_isolated_FBs_usual_002_C2_segmentation,167,spore,13.75027833804075,13.75027833804075,37.49997913684038,0.7401630908147986,3.449090047483695,2.7772652826395707
8567,20260729_isolated_FBs_usual_002_C2_segmentation,168,spore,12.514593669039,12.514593669039,35.934886984679004,0.7254024365306916,3.535754194976096,2.2592364706191685
8568,20260729_isolated_FBs_usual_002_C2_segmentation,169,spore,8.1502605827775,8.1502605827775,23.577206603413444,0.8306908719271628,2.5889761090725876,2.398974348786821
8569,20260729_isolated_FBs_usual_002_C2_segmentation,170,spore,5.468561939412,5.468561939412,29.94446914223417,0.5012829460083356,2.785750069944735,2.0646538202635982
8570,20260729_isolated_FBs_usual_002_C2_segmentation,171,spore,8.097678256437,8.097678256437,23.609109448382615,0.8259964808242151,2.923672116411234,2.2751940131122126
8571,20260729_isolated_FBs_usual_002_C2_segmentation,172,spore,12.987834606103501,12.987834606103501,30.65466374380221,0.8716565556933893,3.5322506892507377,2.5920616761269684
8572,20260729_isolated_FBs_usual_002_C2_segmentation,173,spore,10.306135962738,10.306135962738,35.095299932590265,0.6525779738643601,3.49448285301064,2.321377494257665
8573,20260729_isolated_FBs_usual_002_C2_segmentation,174,spore,11.22632667369675,11.22632667369675,32.806384625066435,0.739067666216258,3.3970153421421294,2.403121697295819
8574,20260729_isolated_FBs_usual_002_C2_segmentation,175,spore,6.204714508179,6.204714508179,31.934568218134828,0.5113335375120936,3.00730167114399,2.152738378459618
8575,20260729_isolated_FBs_usual_002_C2_segmentation,176,spore,11.568111794910001,11.568111794910001,28.456109144610437,0.8692611256146773,3.4904225085779856,2.433360836373811
8576,20260729_isolated_FBs_usual_002_C2_segmentation,177,spore,7.70331080888325,7.70331080888325,21.26548025885073,0.8870073322090702,2.52152715247234,2.2305007224315285
8577,20260729_isolated_FBs_usual_002_C2_segmentation,178,spore,10.069515494205751,10.069515494205751,30.892797052741166,0.7299603590300655,3.4018925462748446,2.3431454697703313
8578,20260729_isolated_FBs_usual_002_C2_segmentation,179,spore,13.1981639114655,13.1981639114655,30.680745836923514,0.8802929491902879,3.518389462718177,2.6133169033323527
8579,20260729_isolated_FBs_usual_002_C2_segmentation,180,spore,7.5192726666915,7.5192726666915,23.671591915121603,0.7841043833838038,2.544569676907915,2.3627508500596415
8580,20260729_isolated_FBs_usual_002_C2_segmentation,181,spore,7.046031729627,7.046031729627,21.868535663568064,0.8127571852278945,2.848497797976269,2.158059072771197
8581,20260729_isolated_FBs_usual_002_C2_segmentation,182,spore,8.59721035667175,8.59721035667175,32.35676599416021,0.6272259989605229,3.303735269489732,2.205308749369323
8582,20260729_isolated_FBs_usual_002_C2_segmentation,183,spore,11.7258587739315,11.7258587739315,28.85365235304966,0.8650604081771119,3.5676739468652356,2.4704794966410124
8583,20260729_isolated_FBs_usual_002_C2_segmentation,184,spore,9.149324783247,9.149324783247,25.257355724042533,0.837572236825579,3.016635902147578,2.3847220849425543
8585,20260729_isolated_FBs_usual_002_C2_segmentation,186,spore,12.85637879025225,12.85637879025225,30.646005573184787,0.8660095634913367,3.527640975105883,2.5912284190125625
8586,20260729_isolated_FBs_usual_002_C2_segmentation,187,spore,9.22819827275775,9.22819827275775,34.05227624973047,0.6248118455091912,3.3471160196938383,2.2785427817491803
8587,20260729_isolated_FBs_usual_002_C2_segmentation,188,spore,9.07045129373625,9.07045129373625,25.971049173119404,0.8098673557247932,2.670175626471929,2.481848528639694
8588,20260729_isolated_FBs_usual_002_C2_segmentation,189,spore,6.152132181838501,6.152132181838501,18.296696846833864,0.8874186208659763,2.303680304032253,2.1532812688014333
8589,20260729_isolated_FBs_usual_002_C2_segmentation,190,spore,7.5455638298617504,7.5455638298617504,23.19487807760141,0.802083954825767,2.635768639655588,2.2548851085769734
8590,20260729_isolated_FBs_usual_002_C2_segmentation,191,spore,8.9915778042255,8.9915778042255,25.636274501587692,0.8156800036153125,3.057750630199854,2.312995182206732
8591,20260729_isolated_FBs_usual_002_C2_segmentation,192,spore,5.2056503077095,5.2056503077095,22.212790549496482,0.6539296011148809,2.324776507115154,2.034709395288894
8592,20260729_isolated_FBs_usual_002_C2_segmentation,193,spore,6.3624614872005,6.3624614872005,33.916211207111736,0.48958364842380464,3.0885820383428024,2.156657771694769
8594,20260729_isolated_FBs_usual_002_C2_segmentation,195,spore,6.12584101866825,6.12584101866825,28.603669353158494,0.5660300955897797,3.088706730600027,2.06293527251392
8595,20260729_isolated_FBs_usual_002_C2_segmentation,196,spore,9.569983393971,9.569983393971,28.86006781930972,0.7553140557433212,2.8019532813744013,2.5146966698623614
8596,20260729_isolated_FBs_usual_002_C2_segmentation,197,spore,7.23006987181875,7.23006987181875,20.41615610082404,0.8856697461693606,2.4847098172314,2.210830609214023
8597,20260729_isolated_FBs_usual_002_C2_segmentation,198,spore,11.5155294685695,11.5155294685695,30.99653047939831,0.7955979345395381,3.4444349919359913,2.4232276126039727
8598,20260729_isolated_FBs_usual_002_C2_segmentation,199,spore,11.042288531505001,11.042288531505001,27.708136479535284,0.8654650483025758,3.507341249065297,2.388183773637695
8599,20260729_isolated_FBs_usual_002_C2_segmentation,200,spore,6.677955445243501,6.677955445243501,19.46466612125107,0.8810478802080165,2.339730670569688,2.2128811961062107
8600,20260729_isolated_FBs_usual_002_C2_segmentation,201,spore,11.331491326377751,11.331491326377751,29.483880441868898,0.8274800464627728,3.3735457684879653,2.444043768315599
8601,20260729_isolated_FBs_usual_002_C2_segmentation,202,spore,10.9897062051645,10.9897062051645,30.391674375629282,0.7865389219599886,3.3631646240642565,2.472428796512182
8602,20260729_isolated_FBs_usual_002_C2_segmentation,203,spore,8.75495733569325,8.75495733569325,24.721806441963178,0.8309469129042502,3.0072660588979723,2.330308048018433
8603,20260729_isolated_FBs_usual_002_C2_segmentation,204,spore,7.75589313522375,7.75589313522375,23.51539175865929,0.8057861229709059,2.559379616247392,2.3374944220991485
8604,20260729_isolated_FBs_usual_002_C2_segmentation,205,spore,7.4141080140105,7.4141080140105,24.495181462266373,0.750659069202337,2.5287111783682885,2.3655485656284974
8612,20260729_isolated_FBs_usual_002_C2_segmentation,1,vc,24.05641430077875,24.05641430077875,190.83206057498748,0.21118028960545496,6.893867576469035,3.872056125477886
8634,20260729_isolated_FBs_usual_002_C2_segmentation,23,vc,6.38875265037075,6.38875265037075,60.40748284138336,0.27563694937814676,4.510933097461658,2.4672064643891654
8683,20260729_isolated_FBs_usual_002_C2_segmentation,72,vc,6.80941126109475,6.80941126109475,33.461458747080094,0.5192130874040914,2.8522383778735345,2.0758232585934495
8744,20260729_isolated_FBs_usual_003_C2_segmentation,10,spore,13.48736670633825,13.48736670633825,41.681020276666956,0.6574013028070181,4.764332047308419,2.3043060891674196
8745,20260729_isolated_FBs_usual_003_C2_segmentation,11,spore,46.850852769385504,46.850852769385504,124.4954689406302,0.5048266180110688,6.92471220363733,3.7206302092727035
8746,20260729_isolated_FBs_usual_003_C2_segmentation,12,spore,14.90708951753175,14.90708951753175,79.61777575576333,0.36790525405315055,5.003322898256623,2.8751488289850156
8747,20260729_isolated_FBs_usual_003_C2_segmentation,13,spore,17.036673734322,17.036673734322,42.95476856184284,0.7454112540290475,4.147397410538009,2.869220030638032
8748,20260729_isolated_FBs_usual_003_C2_segmentation,14,spore,19.534334235495752,19.534334235495752,62.424017947961744,0.5619074824146288,5.478701383541776,2.7187123832063786
8749,20260729_isolated_FBs_usual_003_C2_segmentation,15,spore,34.78320887424075,34.78320887424075,92.62430753833081,0.5563382414876525,6.592772874458331,3.1763825296506316
8751,20260729_isolated_FBs_usual_003_C2_segmentation,17,spore,12.462011342698501,12.462011342698501,30.02601721380603,0.8657220716883189,3.590015024714533,2.516809428027331
8756,20260729_isolated_FBs_usual_003_C2_segmentation,22,spore,7.3089433613295,7.3089433613295,30.91260371606457,0.5891848923420391,3.375901532405158,1.9565839280982151
8757,20260729_isolated_FBs_usual_003_C2_segmentation,23,spore,32.469586515258754,32.469586515258754,89.9654448422938,0.5470909930142993,6.193392955920879,3.25775620353188
8758,20260729_isolated_FBs_usual_003_C2_segmentation,24,spore,14.27610160144575,14.27610160144575,34.89570784012375,0.8155523917925337,4.09732331859448,2.565392495715035
8759,20260729_isolated_FBs_usual_003_C2_segmentation,25,spore,18.43010538234525,18.43010538234525,47.45253758309012,0.7110659703430875,4.649620075772356,2.648831765383688
8761,20260729_isolated_FBs_usual_003_C2_segmentation,27,spore,21.00663937302975,21.00663937302975,68.83439614296188,0.5348717625808329,6.3437933627946546,2.5348867265916715
8762,20260729_isolated_FBs_usual_003_C2_segmentation,28,spore,15.301456965085501,15.301456965085501,36.67048496665397,0.8128105420818016,4.162977561529341,2.653650184727076
8763,20260729_isolated_FBs_usual_003_C2_segmentation,29,spore,13.461075543168,13.461075543168,42.15628361302679,0.6491448976742655,3.243974269839319,2.91958304397011
8764,20260729_isolated_FBs_usual_003_C2_segmentation,30,spore,12.80379646391175,12.80379646391175,51.12466859439,0.5177015435542526,3.5033603196241603,2.8973977300756766
8765,20260729_isolated_FBs_usual_003_C2_segmentation,31,spore,14.486430906807751,14.486430906807751,41.912474272026756,0.685669909419281,3.42297321861202,3.0190303879648734
8766,20260729_isolated_FBs_usual_003_C2_segmentation,32,spore,14.933380680702001,14.933380680702001,38.31527858640467,0.7653925447606454,4.236033180349594,2.558444988684563
8767,20260729_isolated_FBs_usual_003_C2_segmentation,33,spore,13.277037400976251,13.277037400976251,40.25280998733868,0.6736309620403524,3.283131236813024,2.7744604206764767
8768,20260729_isolated_FBs_usual_003_C2_segmentation,34,spore,18.69301701404775,18.69301701404775,64.22389944867845,0.5303636137799032,3.8375701945498637,3.1578177219585677
8769,20260729_isolated_FBs_usual_003_C2_segmentation,35,spore,19.21884027745275,19.21884027745275,89.37542715881193,0.38822554861386055,6.443485654114234,2.680074495612133
8770,20260729_isolated_FBs_usual_003_C2_segmentation,36,spore,16.85263559213025,16.85263559213025,77.73919462838425,0.408905206900117,5.387155443333901,2.7069302264151185
8771,20260729_isolated_FBs_usual_003_C2_segmentation,37,spore,12.751214137571251,12.751214137571251,40.53807422734896,0.6511115065593911,3.4358566788624163,2.6731064162192153
8772,20260729_isolated_FBs_usual_003_C2_segmentation,38,spore,13.0929992587845,13.0929992587845,39.663261106606775,0.6773115284101537,3.2702666700060767,2.862965718074079
8773,20260729_isolated_FBs_usual_003_C2_segmentation,39,spore,19.27142260379325,19.27142260379325,58.25214054566591,0.5967348738880817,5.270346500457184,2.4002909980228146
8774,20260729_isolated_FBs_usual_003_C2_segmentation,40,spore,21.79537426813725,21.79537426813725,63.26071760087333,0.5964758954574109,4.772987226240933,2.988642784368946
8775,20260729_isolated_FBs_usual_003_C2_segmentation,41,spore,11.6206941212505,11.6206941212505,42.98994275197968,0.5771277685906313,3.5627867608070667,2.6496411931409916
8776,20260729_isolated_FBs_usual_003_C2_segmentation,42,spore,9.64885688348175,9.64885688348175,31.414518490283065,0.697703594252436,2.806007238492712,2.5893874932899954
8777,20260729_isolated_FBs_usual_003_C2_segmentation,43,spore,18.21977607698325,18.21977607698325,77.03874317625471,0.43464727271592385,5.665208894705369,2.623840639035347
8778,20260729_isolated_FBs_usual_003_C2_segmentation,44,spore,15.06483649655325,15.06483649655325,47.08375314878573,0.6265022937527968,4.015005849765429,2.7365249643542584
8779,20260729_isolated_FBs_usual_003_C2_segmentation,45,spore,14.407557417297001,14.407557417297001,35.730946731763616,0.8013701725046304,3.9613756074951394,2.615636385407399
8780,20260729_isolated_FBs_usual_003_C2_segmentation,46,spore,16.43197698140625,16.43197698140625,42.908928348951015,0.7284442757985162,4.337065634200541,2.65187160428404
8781,20260729_isolated_FBs_usual_003_C2_segmentation,47,spore,17.27329420285425,17.27329420285425,41.2154889938996,0.784044021767301,4.529170703738089,2.669192239903071
8782,20260729_isolated_FBs_usual_003_C2_segmentation,48,spore,17.69395281357825,17.69395281357825,41.59594222991787,0.789435043873977,4.804456906032756,2.6361596798006746
8783,20260729_isolated_FBs_usual_003_C2_segmentation,49,spore,13.250746237806,13.250746237806,38.205115785561816,0.7087985638637536,3.297491803885058,2.810209745929043
8784,20260729_isolated_FBs_usual_003_C2_segmentation,50,spore,11.331491326377751,11.331491326377751,28.68977978775845,0.8503837582033491,3.432815018664752,2.4919932220836003
8785,20260729_isolated_FBs_usual_003_C2_segmentation,51,spore,15.827280228490501,15.827280228490501,47.22574734137152,0.6455196689161984,4.2351345607495015,2.7687144380638937
8786,20260729_isolated_FBs_usual_003_C2_segmentation,52,spore,12.96154344293325,12.96154344293325,33.276821913589714,0.8018874720389614,4.087556203455826,2.400389139097124
8787,20260729_isolated_FBs_usual_003_C2_segmentation,53,spore,15.59065975995825,15.59065975995825,39.0258464418182,0.7733476836440955,5.051356566853802,2.4210262088862917
8788,20260729_isolated_FBs_usual_003_C2_segmentation,54,spore,16.090191860193002,16.090191860193002,37.15914296788236,0.829454531223777,4.4072574880168665,2.5823403262025244
8789,20260729_isolated_FBs_usual_003_C2_segmentation,55,spore,16.95780024481125,16.95780024481125,45.62736439706161,0.6995816641312352,4.397961380046503,2.781111720566227
8790,20260729_isolated_FBs_usual_003_C2_segmentation,56,spore,9.70143920982225,9.70143920982225,27.59811689238103,0.7970681444485889,3.5960598535613446,2.227915930335381
8791,20260729_isolated_FBs_usual_003_C2_segmentation,57,spore,11.489238305399251,11.489238305399251,29.438501154748174,0.836429333590437,3.654784176267057,2.420578084752551
8792,20260729_isolated_FBs_usual_003_C2_segmentation,58,spore,17.431041181875752,17.431041181875752,46.625225914731104,0.697287791368533,4.525931729675675,2.8068907015579225
8793,20260729_isolated_FBs_usual_003_C2_segmentation,59,spore,12.69863181123075,12.69863181123075,32.85683135914279,0.8011178342240972,4.226619959136213,2.3282165490983906
8794,20260729_isolated_FBs_usual_003_C2_segmentation,60,spore,12.96154344293325,12.96154344293325,31.248641756160602,0.8539336464605993,3.5083353491981226,2.5941929494159686
8795,20260729_isolated_FBs_usual_003_C2_segmentation,61,spore,15.80098906532025,15.80098906532025,46.11171199373552,0.6603827588113955,4.1353278993280185,2.7442336966762397
8796,20260729_isolated_FBs_usual_003_C2_segmentation,62,spore,12.64604948489025,12.64604948489025,33.66357124320693,0.7797592266266828,4.319128276433444,2.3708214219827197
8797,20260729_isolated_FBs_usual_003_C2_segmentation,63,spore,19.087384461601502,19.087384461601502,62.498127637791214,0.552647316219215,4.0848148760523335,2.9853292622172707
8798,20260729_isolated_FBs_usual_003_C2_segmentation,64,spore,16.616015123598,16.616015123598,37.84241638553367,0.8321274532915457,3.6542774065674215,2.909115632220572
8799,20260729_isolated_FBs_usual_003_C2_segmentation,65,spore,12.59346715854975,12.59346715854975,31.856174520284192,0.8217140482663068,3.9786292372137724,2.466362083047777
8800,20260729_isolated_FBs_usual_003_C2_segmentation,66,spore,16.379394655065752,16.379394655065752,42.087038727687535,0.7410843687392709,4.272011943940289,2.7514187639831604
8801,20260729_isolated_FBs_usual_003_C2_segmentation,67,spore,14.933380680702001,14.933380680702001,36.555920664406614,0.8022292435111721,4.159077570449424,2.572602818663699
8802,20260729_isolated_FBs_usual_003_C2_segmentation,68,spore,9.8328950256735,9.8328950256735,27.971628831771294,0.7935128600867852,3.8511546508359444,2.1925440671501937
8803,20260729_isolated_FBs_usual_003_C2_segmentation,69,spore,12.987834606103501,12.987834606103501,32.7184989163937,0.8166737319808198,4.123068261541164,2.424915515771763
8804,20260729_isolated_FBs_usual_003_C2_segmentation,70,spore,13.040416932444,13.040416932444,32.672728580917806,0.8200236366697456,4.121533473444688,2.41004061985203
8805,20260729_isolated_FBs_usual_003_C2_segmentation,71,spore,16.74747093944925,16.74747093944925,40.7459821559127,0.7769006576386529,4.462554739472429,2.680636834379663
8806,20260729_isolated_FBs_usual_003_C2_segmentation,72,spore,11.54182063173975,11.54182063173975,30.696687692397987,0.8045915909076659,3.801140332987276,2.289350142787206
8807,20260729_isolated_FBs_usual_003_C2_segmentation,73,spore,21.243259841562,21.243259841562,45.80140450135473,0.8098776913128592,4.672691824042896,2.92340443710391
8808,20260729_isolated_FBs_usual_003_C2_segmentation,74,spore,14.565304396318501,14.565304396318501,35.28501548795352,0.8174104563567721,3.989280697167424,2.604104454054819
8809,20260729_isolated_FBs_usual_003_C2_segmentation,75,spore,16.1427741865335,16.1427741865335,36.95999400253136,0.8357396627700857,3.614212753382317,2.8786749078122265
8810,20260729_isolated_FBs_usual_003_C2_segmentation,76,spore,15.222583475574751,15.222583475574751,35.79030975889789,0.8299353124097242,4.136223392951158,2.628047216231462
8811,20260729_isolated_FBs_usual_003_C2_segmentation,77,spore,13.513657869508501,13.513657869508501,32.39986794999301,0.8468168622370056,3.6551372292699478,2.647044041707946
8812,20260729_isolated_FBs_usual_003_C2_segmentation,78,spore,10.6742122471215,10.6742122471215,30.205239452578006,0.7761739525750168,3.9677385462407857,2.248621607096749
8813,20260729_isolated_FBs_usual_003_C2_segmentation,79,spore,15.248874638745,15.248874638745,38.521562227520874,0.7719788980144213,4.520416353857008,2.495460836097947
8814,20260729_isolated_FBs_usual_003_C2_segmentation,80,spore,17.772826303089,17.772826303089,45.40455331950646,0.725363527275844,4.658616221837394,2.7185310692005173
8815,20260729_isolated_FBs_usual_003_C2_segmentation,81,spore,23.63575569005475,23.63575569005475,77.79808413161828,0.511950789663152,5.991702581916778,2.4517011935873274
8816,20260729_isolated_FBs_usual_003_C2_segmentation,82,spore,15.827280228490501,15.827280228490501,38.91072326692527,0.7834639458895651,4.456215935185363,2.5439468141508392
8817,20260729_isolated_FBs_usual_003_C2_segmentation,83,spore,13.11929042195475,13.11929042195475,33.019919381731924,0.814669917771825,4.266568523937349,2.3771334512976807
8818,20260729_isolated_FBs_usual_003_C2_segmentation,84,spore,14.59159555948875,14.59159555948875,35.83899186696729,0.8057435956234023,4.104726147291691,2.541981457584191
8819,20260729_isolated_FBs_usual_003_C2_segmentation,85,spore,13.4084932168275,13.4084932168275,43.54482592469455,0.6268075468926922,3.449730190751782,2.7972944627057044
8820,20260729_isolated_FBs_usual_003_C2_segmentation,86,spore,8.80753966203375,8.80753966203375,30.622442718862846,0.6735151439540772,3.3515109323568026,2.2854572034006293
8821,20260729_isolated_FBs_usual_003_C2_segmentation,87,spore,15.906153718001251,15.906153718001251,50.265611644114145,0.6084944242853029,4.174867355229864,2.925620073432742
8822,20260729_isolated_FBs_usual_003_C2_segmentation,88,spore,14.249810438275501,14.249810438275501,50.623040182012616,0.5614899137059922,3.5110257468884134,2.889648024661645
8823,20260729_isolated_FBs_usual_003_C2_segmentation,89,spore,13.066708095614251,13.066708095614251,32.95913807032674,0.8139900038415749,4.405614794813234,2.367225404531074
8824,20260729_isolated_FBs_usual_003_C2_segmentation,90,spore,13.881734153892001,13.881734153892001,33.980504702364726,0.8220220138771608,4.064967884506277,2.5650070847455715
8825,20260729_isolated_FBs_usual_003_C2_segmentation,91,spore,18.324940729664252,18.324940729664252,66.19476850565745,0.507795493718509,5.908951605666312,2.4554079121380052
8826,20260729_isolated_FBs_usual_003_C2_segmentation,92,spore,13.802860664381251,13.802860664381251,35.030088407915215,0.7943690111956997,4.322062255661312,2.4602773416960946
8827,20260729_isolated_FBs_usual_003_C2_segmentation,93,spore,13.75027833804075,13.75027833804075,44.85792675559224,0.6187557578093822,3.3653569666697005,2.7963572154101297
8828,20260729_isolated_FBs_usual_003_C2_segmentation,94,spore,15.879862554831,15.879862554831,48.37990600035124,0.6315148931057237,4.308821856403663,2.747301770170559
8829,20260729_isolated_FBs_usual_003_C2_segmentation,95,spore,13.9343164802325,13.9343164802325,35.87065396073819,0.7806720128790198,4.427652756306117,2.4146149580809344
8830,20260729_isolated_FBs_usual_003_C2_segmentation,96,spore,15.985027207512001,15.985027207512001,39.00299223815465,0.7867953497983651,4.122408720626914,2.705836906515612
8831,20260729_isolated_FBs_usual_003_C2_segmentation,97,spore,10.516465268100001,10.516465268100001,32.35737082196581,0.7173934817456036,3.084119786439897,2.5466561424729197
8832,20260729_isolated_FBs_usual_003_C2_segmentation,98,spore,10.937123878824,10.937123878824,31.85888312258472,0.7479208929189406,3.9471466169387934,2.285139057584576
8833,20260729_isolated_FBs_usual_003_C2_segmentation,99,spore,14.38126625412675,14.38126625412675,48.76968121253134,0.5864067475756979,3.92170520696783,2.8022716405492836
8834,20260729_isolated_FBs_usual_003_C2_segmentation,100,spore,14.249810438275501,14.249810438275501,34.4605555782989,0.8248365699952064,4.46811982244025,2.451487592423761
8835,20260729_isolated_FBs_usual_003_C2_segmentation,101,spore,16.16906534970375,16.16906534970375,39.3553917562332,0.7857236561177394,4.393468350049582,2.671902836459793
8836,20260729_isolated_FBs_usual_003_C2_segmentation,102,spore,15.380330454596251,15.380330454596251,60.92305565124791,0.4909224480874075,4.739504750884041,2.535849972260545
8837,20260729_isolated_FBs_usual_003_C2_segmentation,103,spore,15.985027207512001,15.985027207512001,42.17590018556345,0.7276044562459844,3.784207492286785,2.8627145663825027
8838,20260729_isolated_FBs_usual_003_C2_segmentation,104,spore,16.3531034918955,16.3531034918955,45.09335568470892,0.6909368560511369,4.543881261070602,2.669857513456726
8839,20260729_isolated_FBs_usual_003_C2_segmentation,105,spore,15.80098906532025,15.80098906532025,53.288025252719024,0.5714488280532743,4.358412933569286,2.8100570321589347
8840,20260729_isolated_FBs_usual_003_C2_segmentation,106,spore,5.8366382237955,5.8366382237955,19.171098559203102,0.817734475494737,2.5504353849307266,2.024080472241965
8841,20260729_isolated_FBs_usual_003_C2_segmentation,107,spore,16.984091407981502,16.984091407981502,47.219379027585255,0.6766935942702458,4.600216894729273,2.742176408333714
8842,20260729_isolated_FBs_usual_003_C2_segmentation,108,spore,14.854507191191251,14.854507191191251,35.78661040687463,0.8165868677374624,4.2689388475866545,2.581564338599162
8843,20260729_isolated_FBs_usual_003_C2_segmentation,109,spore,13.723987174870501,13.723987174870501,39.160026467216284,0.7078827839133438,3.5500145736944284,2.6566778120243266
8844,20260729_isolated_FBs_usual_003_C2_segmentation,110,spore,14.80192486485075,14.80192486485075,43.990098688049265,0.6627371540209398,3.745494396559358,2.7993625284584316
8845,20260729_isolated_FBs_usual_003_C2_segmentation,111,spore,16.90521791847075,16.90521791847075,48.647087629105584,0.6547986793027238,4.359661800287521,2.8213246203904
8846,20260729_isolated_FBs_usual_003_C2_segmentation,112,spore,11.0948708578455,11.0948708578455,34.450736196415995,0.6982867238836783,3.2634359141244653,2.4679005332422768
8847,20260729_isolated_FBs_usual_003_C2_segmentation,113,spore,14.72305137534,14.72305137534,35.63541885918637,0.8152062018192582,4.201854014143367,2.5655636012607785
8848,20260729_isolated_FBs_usual_003_C2_segmentation,114,spore,17.22071187651375,17.22071187651375,42.02781428712434,0.7673286024354724,4.566472311991045,2.6676962635681516
8849,20260729_isolated_FBs_usual_003_C2_segmentation,115,spore,13.566240195849,13.566240195849,34.089770012838656,0.8069247840180268,4.2497472699306105,2.4882547370875416
8850,20260729_isolated_FBs_usual_003_C2_segmentation,116,spore,13.592531359019251,13.592531359019251,41.77326316637635,0.6593549712108673,4.424633123952246,2.4098735362433845
8851,20260729_isolated_FBs_usual_003_C2_segmentation,117,spore,15.77469790215,15.77469790215,41.98375183870753,0.7245086564429564,4.199063523861099,2.716135704354605
8852,20260729_isolated_FBs_usual_003_C2_segmentation,118,spore,15.80098906532025,15.80098906532025,37.04718469620737,0.8219620419107576,4.346220384804578,2.614331353863287
8853,20260729_isolated_FBs_usual_003_C2_segmentation,119,spore,17.48362350821625,17.48362350821625,38.959025174789815,0.8361746688681112,4.722314994898758,2.5855162847590316
8854,20260729_isolated_FBs_usual_003_C2_segmentation,120,spore,15.32774812825575,15.32774812825575,49.90580360390162,0.5979322455098715,4.064283253850526,2.8788218263952046
8855,20260729_isolated_FBs_usual_003_C2_segmentation,121,spore,13.145581585125,13.145581585125,34.95949443522988,0.7704991860161744,4.286690015475546,2.368936822427287
8856,20260729_isolated_FBs_usual_003_C2_segmentation,122,spore,14.3549750909565,14.3549750909565,34.695780346799566,0.8232702596171904,4.374372797536773,2.4960326636172585
8857,20260729_isolated_FBs_usual_003_C2_segmentation,123,spore,19.560625398666,19.560625398666,59.14451943667956,0.593596649770709,4.810817100424658,2.1514776898922596
8858,20260729_isolated_FBs_usual_003_C2_segmentation,124,spore,16.82634442896,16.82634442896,37.892036057634535,0.8380360456481032,3.62051817452989,2.942934817435685
8859,20260729_isolated_FBs_usual_003_C2_segmentation,125,spore,15.27516580191525,15.27516580191525,35.98136364186517,0.8274284726177241,4.2909058742137605,2.609576115337019
8860,20260729_isolated_FBs_usual_003_C2_segmentation,126,spore,15.77469790215,15.77469790215,37.41432991422602,0.8129930886596163,4.5411489569710985,2.548750675564848
8861,20260729_isolated_FBs_usual_003_C2_segmentation,127,spore,10.411300615419,10.411300615419,29.45249278795876,0.7828863550681917,3.8255549450515507,2.2384422040824816
8862,20260729_isolated_FBs_usual_003_C2_segmentation,128,spore,12.6723406480605,12.6723406480605,32.13095242311276,0.8180849777909663,4.148059787616094,2.41182225447895
8863,20260729_isolated_FBs_usual_003_C2_segmentation,129,spore,17.01038257115175,17.01038257115175,57.607237996350634,0.5552430425297861,4.807075006520044,2.814389149124016
8864,20260729_isolated_FBs_usual_003_C2_segmentation,130,spore,17.141838387003002,17.141838387003002,50.19112687966378,0.640563382584778,4.804951656332976,2.2212504772633737
8865,20260729_isolated_FBs_usual_003_C2_segmentation,131,spore,13.513657869508501,13.513657869508501,33.542636568840976,0.8179665441026613,4.3250707214819455,2.3924870818206396
8866,20260729_isolated_FBs_usual_003_C2_segmentation,132,spore,16.95780024481125,16.95780024481125,38.61891688455358,0.8265396880559776,4.394352602598995,2.680555405313703
8867,20260729_isolated_FBs_usual_003_C2_segmentation,133,spore,15.879862554831,15.879862554831,37.58357580906937,0.8129250745455693,4.476617510641792,2.512896584086508
8868,20260729_isolated_FBs_usual_003_C2_segmentation,134,spore,16.58972396042775,16.58972396042775,48.16024988165725,0.6531628861400581,4.15746922941308,2.900202413751376
8869,20260729_isolated_FBs_usual_003_C2_segmentation,135,spore,15.248874638745,15.248874638745,41.42088375625822,0.7179429906225135,3.689483182935819,2.759132071021686
8870,20260729_isolated_FBs_usual_003_C2_segmentation,136,spore,15.69582441263925,15.69582441263925,37.547936825117354,0.8073976241238014,4.5102042715231345,2.5663401185890518
8871,20260729_isolated_FBs_usual_003_C2_segmentation,137,spore,14.617886722659,14.617886722659,42.3967900038922,0.6819316955945885,3.917634831226745,2.644589135985755
8872,20260729_isolated_FBs_usual_003_C2_segmentation,138,spore,16.16906534970375,16.16906534970375,49.39898665961067,0.6259736158502245,4.3078763918706064,2.7241918789122286
8873,20260729_isolated_FBs_usual_003_C2_segmentation,139,spore,15.27516580191525,15.27516580191525,57.317020383435185,0.5194269444176415,4.233306377584883,2.9126024802462425
8874,20260729_isolated_FBs_usual_003_C2_segmentation,140,spore,16.43197698140625,16.43197698140625,40.49474358523668,0.7718721115161584,4.414080076116039,2.6703381813940177
8875,20260729_isolated_FBs_usual_003_C2_segmentation,141,spore,17.90428211894025,17.90428211894025,44.04945430015691,0.7513602236922974,4.741562397238824,2.760933181949086
8876,20260729_isolated_FBs_usual_003_C2_segmentation,142,spore,10.437591778589251,10.437591778589251,28.54226006475845,0.8092126012571074,3.8398717880239666,2.2769096139597047
8877,20260729_isolated_FBs_usual_003_C2_segmentation,143,spore,15.80098906532025,15.80098906532025,53.635157233668544,0.5677503553736997,3.722374015324607,2.9071176705699897
8878,20260729_isolated_FBs_usual_003_C2_segmentation,144,spore,16.537141634087252,16.537141634087252,45.74825318799641,0.6861460578042612,4.297538014216265,2.7949635994755817
8879,20260729_isolated_FBs_usual_003_C2_segmentation,145,spore,15.012254170212751,15.012254170212751,35.567308254662386,0.8274283522278042,4.477684520447281,2.5073151487633534
8880,20260729_isolated_FBs_usual_003_C2_segmentation,146,spore,7.59814615620225,7.59814615620225,28.32880633478269,0.6597726035615722,2.9657000240172593,2.223363580422903
8881,20260729_isolated_FBs_usual_003_C2_segmentation,147,spore,11.69956761076125,11.69956761076125,30.783655809666936,0.8096123746681856,3.9162334109741517,2.350462798588445
8882,20260729_isolated_FBs_usual_003_C2_segmentation,148,spore,15.380330454596251,15.380330454596251,55.608633639705985,0.5378390668444792,4.166345739173686,2.631848474571944
8883,20260729_isolated_FBs_usual_003_C2_segmentation,149,spore,16.721179776279,16.721179776279,38.32483281654957,0.8251162360215607,4.639026220936241,2.5511742013578633
8884,20260729_isolated_FBs_usual_003_C2_segmentation,150,spore,17.53620583455675,17.53620583455675,45.18922697994719,0.722336624257967,4.5525498446275465,2.7338049957025614
8885,20260729_isolated_FBs_usual_003_C2_segmentation,151,spore,12.751214137571251,12.751214137571251,33.064360514418006,0.798285712245241,4.3008558554716805,2.3762597315899083
8886,20260729_isolated_FBs_usual_003_C2_segmentation,152,spore,17.11554722383275,17.11554722383275,37.894635293741175,0.8475531042761052,4.644123770626831,2.6173769704804886
8887,20260729_isolated_FBs_usual_003_C2_segmentation,153,spore,12.96154344293325,12.96154344293325,33.187734066596825,0.8040400272050106,4.359502920178635,2.3992969709111867
8888,20260729_isolated_FBs_usual_003_C2_segmentation,154,spore,15.85357139166075,15.85357139166075,48.86945252324587,0.6244984899024626,4.0631092311371955,2.8332148474642684
8889,20260729_isolated_FBs_usual_003_C2_segmentation,155,spore,12.80379646391175,12.80379646391175,31.212328537348746,0.8479764594732003,3.616274336751466,2.5933930390593662
8890,20260729_isolated_FBs_usual_003_C2_segmentation,156,spore,17.667661650408,17.667661650408,48.38432714465608,0.6780038098794448,4.585363747041468,2.7867221940354514
8891,20260729_isolated_FBs_usual_003_C2_segmentation,157,spore,16.5634327972575,16.5634327972575,37.76706317243672,0.8320277472076808,4.640502479531328,2.602152070872842
8892,20260729_isolated_FBs_usual_003_C2_segmentation,158,spore,11.883605752953,11.883605752953,30.665547861064375,0.8212314131236813,3.915227927169739,2.3438762436549037
8893,20260729_isolated_FBs_usual_003_C2_segmentation,159,spore,13.8291518275515,13.8291518275515,66.82167177442031,0.4169626467415591,5.970211620118092,2.4506560976422826
8894,20260729_isolated_FBs_usual_003_C2_segmentation,160,spore,18.403814219175,18.403814219175,47.68571491319411,0.7069158514755907,4.752333117061265,2.822675461230746
8895,20260729_isolated_FBs_usual_003_C2_segmentation,161,spore,17.983155608451,17.983155608451,40.43967373140417,0.8208309994677915,3.890364648843553,2.959285264438997
8896,20260729_isolated_FBs_usual_003_C2_segmentation,162,spore,13.960607643402751,13.960607643402751,33.87321703021011,0.8277462606787552,3.9596947440041923,2.551983601447735
8897,20260729_isolated_FBs_usual_003_C2_segmentation,163,spore,16.7737621026195,16.7737621026195,36.86251035161286,0.8596457817903045,3.5771260718275646,2.9325484733450042
8898,20260729_isolated_FBs_usual_003_C2_segmentation,164,spore,14.092063459254,14.092063459254,34.11920799505421,0.8269290391368322,4.121824575544667,2.5361121583748765
8899,20260729_isolated_FBs_usual_003_C2_segmentation,165,spore,17.036673734322,17.036673734322,41.14076551385122,0.7782783694054178,4.646816499308596,2.5927656093111966
8900,20260729_isolated_FBs_usual_003_C2_segmentation,166,spore,12.199099710996,12.199099710996,30.58746664182448,0.8378362302786028,3.6056837836190394,2.501023822820257
8901,20260729_isolated_FBs_usual_003_C2_segmentation,167,spore,13.802860664381251,13.802860664381251,33.671261578151345,0.8264263168787788,3.886600603897059,2.5418354821335747
8902,20260729_isolated_FBs_usual_003_C2_segmentation,168,spore,20.296777967433002,20.296777967433002,78.57585638678296,0.4579447333278136,5.047264905465322,2.4850433773990686
8903,20260729_isolated_FBs_usual_003_C2_segmentation,169,spore,13.32961972731675,13.32961972731675,33.373840244232284,0.8146225884569428,4.299156570863128,2.3788632299401566
8904,20260729_isolated_FBs_usual_003_C2_segmentation,170,spore,15.222583475574751,15.222583475574751,50.53373151783908,0.5877983085517036,3.906432962845696,2.8233867417797107
8905,20260729_isolated_FBs_usual_003_C2_segmentation,171,spore,14.197228111935,14.197228111935,43.052391362281654,0.6586012518488413,3.3574503579333825,2.900005102648673
8906,20260729_isolated_FBs_usual_003_C2_segmentation,172,spore,15.11741882289375,15.11741882289375,36.22756161524629,0.8161377208696816,4.515348166073257,2.4611616767314137
8907,20260729_isolated_FBs_usual_003_C2_segmentation,173,spore,14.407557417297001,14.407557417297001,34.44711575185854,0.8312369358425105,3.8868556411243946,2.6085727638707294
8908,20260729_isolated_FBs_usual_003_C2_segmentation,174,spore,14.039481132913501,14.039481132913501,35.59439577743052,0.7906844620304696,4.494313847334063,2.46863394342521
8909,20260729_isolated_FBs_usual_003_C2_segmentation,175,spore,16.616015123598,16.616015123598,37.91655204982287,0.8305004508826245,4.433965912377932,2.6166976810010554
8910,20260729_isolated_FBs_usual_003_C2_segmentation,176,spore,17.141838387003002,17.141838387003002,43.15567224123582,0.7449912454163761,4.523917307538781,2.745288005985178
8911,20260729_isolated_FBs_usual_003_C2_segmentation,177,spore,15.80098906532025,15.80098906532025,37.01163529674565,0.8227515303171999,4.465520469800743,2.5460902198143347
8912,20260729_isolated_FBs_usual_003_C2_segmentation,178,spore,15.7221155758095,15.7221155758095,47.416125635466315,0.640076745494127,3.936199385305705,2.9034217794086414
8913,20260729_isolated_FBs_usual_003_C2_segmentation,179,spore,11.410364815888501,11.410364815888501,29.952224202858417,0.818316673047137,3.72219074781821,2.388336412215709
8914,20260729_isolated_FBs_usual_003_C2_segmentation,180,spore,17.53620583455675,17.53620583455675,48.597889304721974,0.6716718387675015,4.717358354094577,2.6973935152984314
8915,20260729_isolated_FBs_usual_003_C2_segmentation,181,spore,15.77469790215,15.77469790215,37.98786872446716,0.8007185624895345,4.611618597680256,2.4237061792891788
8916,20260729_isolated_FBs_usual_003_C2_segmentation,182,spore,16.32681232872525,16.32681232872525,39.35781969245829,0.7907769950337649,4.326024295514909,2.6016670271215383
8917,20260729_isolated_FBs_usual_003_C2_segmentation,183,spore,18.1409025874725,18.1409025874725,48.07635421145919,0.6944780531421719,4.670320606382424,2.8133315469144873
8918,20260729_isolated_FBs_usual_003_C2_segmentation,184,spore,15.9324448811715,15.9324448811715,36.58409597931375,0.8369767868205987,4.539947034631156,2.5765448089031686
8919,20260729_isolated_FBs_usual_003_C2_segmentation,185,spore,18.00944677162125,18.00944677162125,47.42309515040053,0.7006392725821017,4.754044245111635,2.7356756351287927
8920,20260729_isolated_FBs_usual_003_C2_segmentation,186,spore,15.564368596788,15.564368596788,36.26901024987307,0.8311946867938911,4.322199468477318,2.588976172662831
8921,20260729_isolated_FBs_usual_003_C2_segmentation,187,spore,15.9324448811715,15.9324448811715,58.168606597903356,0.5264014541927515,4.1415408338458795,2.9008983610876355
8922,20260729_isolated_FBs_usual_003_C2_segmentation,188,spore,13.986898806573,13.986898806573,33.649450148121716,0.8342965372528254,4.276842724858738,2.434190114705282
8923,20260729_isolated_FBs_usual_003_C2_segmentation,189,spore,12.619758321720001,12.619758321720001,32.08079147357054,0.8170959829862418,3.656470801519301,2.5522660725934787
8924,20260729_isolated_FBs_usual_003_C2_segmentation,190,spore,13.22445507463575,13.22445507463575,32.566421726355586,0.830422814714376,3.715306571412377,2.603954957445602
8925,20260729_isolated_FBs_usual_003_C2_segmentation,191,spore,17.16812955017325,17.16812955017325,47.55520056912323,0.6767601240055673,4.357963515644086,2.8125653512470046
8926,20260729_isolated_FBs_usual_003_C2_segmentation,192,spore,15.985027207512001,15.985027207512001,38.706156521405475,0.7928292467951685,4.5693692179380045,2.559798079481404
8927,20260729_isolated_FBs_usual_003_C2_segmentation,193,spore,8.8864131515445,8.8864131515445,26.85334588378662,0.7726273055578828,3.8860353799165805,2.045858314901381
8928,20260729_isolated_FBs_usual_003_C2_segmentation,194,spore,13.01412576927375,13.01412576927375,47.04784770332407,0.5687058516420637,3.7868308953389356,2.7427159974325392
8929,20260729_isolated_FBs_usual_003_C2_segmentation,195,spore,17.37845885553525,17.37845885553525,39.90074551460104,0.8131623974220912,4.651288038442304,2.695628104524285
8930,20260729_isolated_FBs_usual_003_C2_segmentation,196,spore,16.90521791847075,16.90521791847075,40.61250121225959,0.7843409733613381,4.570323766796405,2.637141132305012
8931,20260729_isolated_FBs_usual_003_C2_segmentation,197,spore,10.33242712590825,10.33242712590825,63.638777430680854,0.3604932998448943,4.013861322306753,2.892026153217739
8932,20260729_isolated_FBs_usual_003_C2_segmentation,198,spore,16.16906534970375,16.16906534970375,39.783882608918134,0.7772610482145796,4.493111874077282,2.513899695810586
8933,20260729_isolated_FBs_usual_003_C2_segmentation,199,spore,9.3070717622685,9.3070717622685,31.43852641228949,0.6806084205860262,4.236852057636271,2.0039872960242624
8936,20260729_isolated_FBs_usual_003_C2_segmentation,202,spore,8.7812484988635,8.7812484988635,25.72018489178789,0.8002902941160034,3.300822520348085,2.2364157814195496
8937,20260729_isolated_FBs_usual_003_C2_segmentation,203,spore,14.617886722659,14.617886722659,34.96609125891571,0.8268500668558415,4.512086845881275,2.449380793667562
8938,20260729_isolated_FBs_usual_003_C2_segmentation,204,spore,10.148388983716501,10.148388983716501,30.384638105437055,0.7460388773481756,3.817455104799312,2.224391179930622
8939,20260729_isolated_FBs_usual_003_C2_segmentation,205,spore,13.566240195849,13.566240195849,32.83040019977629,0.8378783120962832,3.7500887960872,2.5581737245921707
8940,20260729_isolated_FBs_usual_003_C2_segmentation,206,spore,16.32681232872525,16.32681232872525,75.73219502647589,0.41096469442886535,5.207209775081135,2.7001513120257483
8941,20260729_isolated_FBs_usual_003_C2_segmentation,207,spore,7.677019645713,7.677019645713,21.181786360989516,0.8884847453966085,2.504235505943812,2.2093863150311304
8942,20260729_isolated_FBs_usual_003_C2_segmentation,208,spore,13.67140484853,13.67140484853,33.67693217719597,0.8210325307756259,4.44382704839272,2.3463293395697593
8943,20260729_isolated_FBs_usual_003_C2_segmentation,209,spore,12.409429016358,12.409429016358,31.41482550473438,0.8251204270759727,3.8926884208734283,2.403759468494786
8946,20260729_isolated_FBs_usual_003_C2_segmentation,212,spore,9.5174010676305,9.5174010676305,28.343816541290924,0.7662515691472216,3.4992601217766093,2.2404637146342887
8947,20260729_isolated_FBs_usual_003_C2_segmentation,213,spore,11.252617836867,11.252617836867,28.72813645029281,0.8453029461283669,3.6320523556969366,2.400693668281382
8948,20260729_isolated_FBs_usual_003_C2_segmentation,214,spore,10.200971310057,10.200971310057,31.280933030639293,0.727163564894916,3.9651139413899523,2.1519561082889704
8949,20260729_isolated_FBs_usual_003_C2_segmentation,215,spore,11.568111794910001,11.568111794910001,29.273836021752242,0.844979436493324,3.622147213689263,2.4606520120955673
8950,20260729_isolated_FBs_usual_003_C2_segmentation,216,spore,11.22632667369675,11.22632667369675,31.822055010574825,0.7619287350796018,4.121934161755617,2.2826385391714146
8951,20260729_isolated_FBs_usual_003_C2_segmentation,217,spore,11.936188079293501,11.936188079293501,30.45798161966909,0.8292651984061534,3.4768412180906347,2.519616262317273
8952,20260729_isolated_FBs_usual_003_C2_segmentation,218,spore,12.3568466900175,12.3568466900175,31.470883340232504,0.8213223297406468,4.191371596379725,2.2884108901654225
8953,20260729_isolated_FBs_usual_003_C2_segmentation,219,spore,11.883605752953,11.883605752953,29.59959101629075,0.8508060530395002,3.6608625405634845,2.4820416128159914
8954,20260729_isolated_FBs_usual_003_C2_segmentation,220,spore,13.960607643402751,13.960607643402751,34.46663045015636,0.8134949186420731,4.223649682430689,2.5149966366623744
8955,20260729_isolated_FBs_usual_003_C2_segmentation,221,spore,14.17093694876475,14.17093694876475,34.09111057272881,0.8306958082678411,3.99965315137478,2.5778664242331257
8956,20260729_isolated_FBs_usual_003_C2_segmentation,222,spore,16.22164767604425,16.22164767604425,37.50055608060178,0.8263735214161398,4.500685998041556,2.6270248227073014
8957,20260729_isolated_FBs_usual_003_C2_segmentation,223,spore,11.59440295808025,11.59440295808025,29.15978639231625,0.849569109292395,3.665671828778675,2.4815739742835086
8958,20260729_isolated_FBs_usual_003_C2_segmentation,224,spore,10.095806657376,10.095806657376,30.237010493061955,0.7470894847652292,4.00299655744281,2.1278397593082223
8959,20260729_isolated_FBs_usual_003_C2_segmentation,225,spore,9.044160130566,9.044160130566,28.345099990818987,0.7406021352919324,3.4120656568163525,2.229853057402761
8960,20260729_isolated_FBs_usual_003_C2_segmentation,226,spore,11.2000355105265,11.2000355105265,31.038550235286145,0.7799419795955312,3.7133128459139737,2.385913333291527
8961,20260729_isolated_FBs_usual_003_C2_segmentation,227,spore,8.202842909118,8.202842909118,25.107405038686945,0.7834150169105984,3.2808543512445913,2.1801562700762567
8962,20260729_isolated_FBs_usual_003_C2_segmentation,228,spore,7.44039917718075,7.44039917718075,24.882174030046457,0.7407300415870415,3.330384079733951,2.0714803825773274
8963,20260729_isolated_FBs_usual_003_C2_segmentation,229,spore,10.5690475944405,10.5690475944405,27.087123572770686,0.8598284373135234,3.5993541614541256,2.2871589046963403
8965,20260729_isolated_FBs_usual_003_C2_segmentation,231,spore,9.43852757811975,9.43852757811975,27.261074611248596,0.7922774938848209,3.581970472401426,2.2084306611702313
8966,20260729_isolated_FBs_usual_003_C2_segmentation,232,spore,10.01693316786525,10.01693316786525,27.12484817590849,0.8284633982844158,3.5890215519622686,2.2933572103455235
8967,20260729_isolated_FBs_usual_003_C2_segmentation,233,spore,6.677955445243501,6.677955445243501,20.526178706145785,0.8354844352958081,2.3625747813415514,2.2595598161080734
8969,20260729_isolated_FBs_usual_003_C2_segmentation,235,spore,11.54182063173975,11.54182063173975,33.44101226067562,0.7385630731957775,4.183208668283609,2.2606478336927776
8970,20260729_isolated_FBs_usual_003_C2_segmentation,236,spore,10.70050341029175,10.70050341029175,28.96110383289205,0.8108462023000357,3.617603255769588,2.3815850878371125
8973,20260729_isolated_FBs_usual_003_C2_segmentation,239,spore,9.254489435928,9.254489435928,27.771252920237387,0.7675799585016876,3.827985037256396,2.183020206578885
8974,20260729_isolated_FBs_usual_003_C2_segmentation,240,spore,13.461075543168,13.461075543168,31.278971815236694,0.8748860600007069,3.645569329960253,2.6246429748154663
8975,20260729_isolated_FBs_usual_003_C2_segmentation,241,spore,12.7775053007415,12.7775053007415,31.979003412375334,0.8265134252923185,4.245570778347405,2.3724892670091076
8976,20260729_isolated_FBs_usual_003_C2_segmentation,242,spore,14.01318996974325,14.01318996974325,33.91554306017214,0.828787811290002,4.1275021120811335,2.534479660793609
8977,20260729_isolated_FBs_usual_003_C2_segmentation,243,spore,15.4066216177665,15.4066216177665,35.86923626687068,0.8347702040572297,4.466797956834128,2.4921125750256605
8978,20260729_isolated_FBs_usual_003_C2_segmentation,244,spore,17.27329420285425,17.27329420285425,38.58723197157617,0.8374468988520974,4.562827470885489,2.6810100978116376
8980,20260729_isolated_FBs_usual_003_C2_segmentation,246,spore,13.592531359019251,13.592531359019251,35.4881439045263,0.7761298761228554,4.198253847298101,2.404895340386692
8981,20260729_isolated_FBs_usual_003_C2_segmentation,247,spore,9.80660386250325,9.80660386250325,28.62250334596878,0.7740854978829876,3.588199770886448,2.280741225538136
8982,20260729_isolated_FBs_usual_003_C2_segmentation,248,spore,14.1446457855945,14.1446457855945,34.281753966256936,0.8250541913266425,4.438605099894732,2.4391177668760395
8983,20260729_isolated_FBs_usual_003_C2_segmentation,249,spore,10.726794573462,10.726794573462,27.112453419599856,0.8675515326168896,3.596694454672971,2.335783574916393
8984,20260729_isolated_FBs_usual_003_C2_segmentation,250,spore,12.6723406480605,12.6723406480605,30.156730738074106,0.871641217603135,3.583473416668337,2.53380673426996
8985,20260729_isolated_FBs_usual_003_C2_segmentation,251,spore,11.06857969467525,11.06857969467525,30.843305350131864,0.7787256417455704,3.9495409292176213,2.1800488381502094
8986,20260729_isolated_FBs_usual_003_C2_segmentation,252,spore,16.22164767604425,16.22164767604425,53.88633087300335,0.5750895650406181,4.204396877497394,2.835981098183243
8987,20260729_isolated_FBs_usual_003_C2_segmentation,253,spore,14.486430906807751,14.486430906807751,34.566566266559924,0.8313849346800786,4.3258765516786735,2.432345950139985
8988,20260729_isolated_FBs_usual_003_C2_segmentation,254,spore,12.80379646391175,12.80379646391175,31.808600299387734,0.8320806195777428,4.241473253819654,2.396115545082097
8990,20260729_isolated_FBs_usual_003_C2_segmentation,256,spore,8.01880476692625,8.01880476692625,25.87409205265036,0.7487878097709243,3.3724824182134787,2.1130605283791604
8991,20260729_isolated_FBs_usual_003_C2_segmentation,257,spore,8.96528664105525,8.96528664105525,26.82049820860702,0.7781441734964718,3.43802573599543,2.238082798742794
8992,20260729_isolated_FBs_usual_003_C2_segmentation,258,spore,13.17187274829525,13.17187274829525,32.38938730871881,0.8327469983844357,4.025431916744094,2.4822760756587616
8993,20260729_isolated_FBs_usual_003_C2_segmentation,259,spore,13.64511368535975,13.64511368535975,34.45145135368939,0.8015452430390894,4.141409705487601,2.430935023088592
8994,20260729_isolated_FBs_usual_003_C2_segmentation,260,spore,11.988770405634,11.988770405634,33.475063355006554,0.756738469550594,4.247349575282697,2.2793517144225977
8996,20260729_isolated_FBs_usual_003_C2_segmentation,262,spore,15.354039291426,15.354039291426,35.82876678535557,0.8338105056948789,4.173139469038905,2.6287035840970328
8997,20260729_isolated_FBs_usual_003_C2_segmentation,263,spore,7.887348951075,7.887348951075,25.15478780150088,0.7617588407642523,3.309644258279271,2.101911413365342
8998,20260729_isolated_FBs_usual_003_C2_segmentation,264,spore,12.0413527319745,12.0413527319745,34.24296905023166,0.7419299396875475,4.1993478368038994,2.298029257302532
8999,20260729_isolated_FBs_usual_003_C2_segmentation,265,spore,9.149324783247,9.149324783247,25.591810891422615,0.8266261430204588,3.5899703144877977,2.078389557989571
9000,20260729_isolated_FBs_usual_003_C2_segmentation,266,spore,13.461075543168,13.461075543168,33.359121080164634,0.8203314573709547,4.289609297371793,2.4026500067888144
9001,20260729_isolated_FBs_usual_003_C2_segmentation,267,spore,14.854507191191251,14.854507191191251,35.400103568573456,0.8255025594058804,4.46792776770333,2.5018475764823624
9002,20260729_isolated_FBs_usual_003_C2_segmentation,268,spore,17.247003039684,17.247003039684,38.30797386470023,0.842695552738443,4.645262070238937,2.6681589051219716
9003,20260729_isolated_FBs_usual_003_C2_segmentation,269,spore,8.2554252354585,8.2554252354585,27.91743862428595,0.7075680053690603,3.3977327110098354,2.1733013397734773
9004,20260729_isolated_FBs_usual_003_C2_segmentation,270,spore,16.379394655065752,16.379394655065752,37.216017920673366,0.8380812421709309,4.6179848386172315,2.5903523005656375
9005,20260729_isolated_FBs_usual_003_C2_segmentation,271,spore,14.407557417297001,14.407557417297001,34.05072341904146,0.8409135569253412,3.9385476746152404,2.6636630381555975
9006,20260729_isolated_FBs_usual_003_C2_segmentation,272,spore,10.12209782054625,10.12209782054625,30.04144209133873,0.7532579108419841,3.720297913782276,2.2282197456308057
9007,20260729_isolated_FBs_usual_003_C2_segmentation,273,spore,8.649792683012251,8.649792683012251,24.36326412776841,0.836409807562416,3.4603292762189946,2.1461407089201265
9008,20260729_isolated_FBs_usual_003_C2_segmentation,274,spore,14.11835462242425,14.11835462242425,34.14403525519603,0.8273552031336968,4.505581514233148,2.35603452227603
9009,20260729_isolated_FBs_usual_003_C2_segmentation,275,spore,18.403814219175,18.403814219175,72.29226941892296,0.46629865173743096,4.414052931346441,2.610539598026249
9010,20260729_isolated_FBs_usual_003_C2_segmentation,276,spore,17.588788160897252,17.588788160897252,39.17004415192244,0.8350016665452257,4.44444933409152,2.7502294832603766
9011,20260729_isolated_FBs_usual_003_C2_segmentation,277,spore,16.405685818236,16.405685818236,37.64544345135413,0.8294075173319759,4.626073197752527,2.503330885824473
9013,20260729_isolated_FBs_usual_003_C2_segmentation,279,spore,8.308007561799,8.308007561799,28.168482701320762,0.704236600296031,3.236333317318719,2.1984971650179825
9014,20260729_isolated_FBs_usual_003_C2_segmentation,280,spore,14.828216028021,14.828216028021,35.29719534254644,0.8269321221309259,4.248358364722173,2.5816371248922803
9015,20260729_isolated_FBs_usual_003_C2_segmentation,281,spore,11.2000355105265,11.2000355105265,27.885687794306882,0.8681252007428254,3.5831858259306193,2.393056731099005
9016,20260729_isolated_FBs_usual_003_C2_segmentation,282,spore,8.8864131515445,8.8864131515445,25.215336758553978,0.8228178141767452,3.4872767623190777,2.18206934703917
9017,20260729_isolated_FBs_usual_003_C2_segmentation,283,spore,12.43572017952825,12.43572017952825,30.010261728670418,0.8649578986692749,3.636969576486723,2.4648766172276058
9018,20260729_isolated_FBs_usual_003_C2_segmentation,284,spore,11.936188079293501,11.936188079293501,31.96937654376687,0.7900605798898639,4.228926760814479,2.314827598809849
9019,20260729_isolated_FBs_usual_003_C2_segmentation,285,spore,6.099549855498,6.099549855498,25.452669096981605,0.6342823842670287,3.383245640129294,1.6990251276460344
9020,20260729_isolated_FBs_usual_003_C2_segmentation,286,spore,14.696760212169751,14.696760212169751,34.75874396245032,0.8347718375620257,4.433143146135246,2.4900662776887135
9021,20260729_isolated_FBs_usual_003_C2_segmentation,287,spore,10.937123878824,10.937123878824,27.656902281969522,0.8615543443554041,3.5792136939708703,2.3922068443984976
9022,20260729_isolated_FBs_usual_003_C2_segmentation,288,spore,15.27516580191525,15.27516580191525,35.59005908283375,0.8365258594148114,4.561171746473611,2.4587469900078074
9023,20260729_isolated_FBs_usual_003_C2_segmentation,289,spore,6.730537771584,6.730537771584,20.619410118573427,0.8360669672230631,2.6464446728533435,2.145276942324307
9024,20260729_isolated_FBs_usual_003_C2_segmentation,290,spore,15.43291278093675,15.43291278093675,36.18976257745922,0.8283177953855463,4.2365931813938715,2.6459337763905437
9025,20260729_isolated_FBs_usual_003_C2_segmentation,291,spore,5.81034706062525,5.81034706062525,18.587306843838405,0.8408832575571296,2.5334597230955525,1.9767295006483405
9026,20260729_isolated_FBs_usual_003_C2_segmentation,292,spore,12.462011342698501,12.462011342698501,31.21655451898455,0.8327051536413715,3.862001810486811,2.3936375671868855
9027,20260729_isolated_FBs_usual_003_C2_segmentation,293,spore,17.299585366024502,17.299585366024502,39.15009152457741,0.8262442919938214,4.527110907801401,2.6423708902362066
9028,20260729_isolated_FBs_usual_003_C2_segmentation,294,spore,16.06390069702275,16.06390069702275,37.09465122683445,0.8299912352831651,4.3096556328490765,2.6680902277348437
9029,20260729_isolated_FBs_usual_003_C2_segmentation,295,spore,17.53620583455675,17.53620583455675,40.32640227605975,0.8094407590855263,4.433978051246273,2.7377280727130553
9031,20260729_isolated_FBs_usual_003_C2_segmentation,297,spore,14.039481132913501,14.039481132913501,34.27827494641829,0.8210429410631123,3.886694254640664,2.575289583116257
9032,20260729_isolated_FBs_usual_003_C2_segmentation,298,spore,9.4122364149495,9.4122364149495,27.050713845989446,0.7969552678923415,3.5066979629049606,2.173949223470312
9033,20260729_isolated_FBs_usual_003_C2_segmentation,299,spore,15.43291278093675,15.43291278093675,35.954634015194195,0.8337346540926946,4.441444299759512,2.5632104143111594
9034,20260729_isolated_FBs_usual_003_C2_segmentation,300,spore,13.01412576927375,13.01412576927375,32.49984337219864,0.8232773921283957,4.047096810801176,2.5007717286695215
9035,20260729_isolated_FBs_usual_003_C2_segmentation,301,spore,6.861993587435251,6.861993587435251,25.525780798679648,0.6841299880365661,3.2446860575322467,1.8993724160680543
9036,20260729_isolated_FBs_usual_003_C2_segmentation,302,spore,10.358718289078501,10.358718289078501,30.332124608056816,0.7576209485722426,4.028358344387511,2.206201823739514
9037,20260729_isolated_FBs_usual_003_C2_segmentation,303,spore,12.540884832209251,12.540884832209251,30.45965553988536,0.8569942798470166,3.643495891905178,2.5250573768731948
9038,20260729_isolated_FBs_usual_003_C2_segmentation,304,spore,12.80379646391175,12.80379646391175,32.28640496028338,0.8197667060663362,4.150520920466294,2.372438623468253
9039,20260729_isolated_FBs_usual_003_C2_segmentation,305,spore,11.22632667369675,11.22632667369675,29.51025221308292,0.8216174482945159,4.0139586722018,2.2233337278095693
9040,20260729_isolated_FBs_usual_003_C2_segmentation,306,spore,9.464818741290001,9.464818741290001,25.922724867603897,0.8347280510461393,3.4757916106190683,2.2365486288762915
9041,20260729_isolated_FBs_usual_003_C2_segmentation,307,spore,9.675148046652,9.675148046652,25.92314561640365,0.8470352897246113,3.52401313178542,2.28534507340947
9042,20260729_isolated_FBs_usual_003_C2_segmentation,308,spore,12.987834606103501,12.987834606103501,32.5007723489163,0.8221447271468492,4.049703749972954,2.46090123174071
9043,20260729_isolated_FBs_usual_003_C2_segmentation,309,spore,12.64604948489025,12.64604948489025,30.941356960122192,0.848362284560632,3.6519355757682272,2.5620346928245032
9044,20260729_isolated_FBs_usual_003_C2_segmentation,310,spore,10.6742122471215,10.6742122471215,29.113209495476262,0.8052880634141426,3.979237553491964,2.240314220841178
9045,20260729_isolated_FBs_usual_003_C2_segmentation,311,spore,14.933380680702001,14.933380680702001,35.24938931125041,0.8319641603294784,4.312141520321236,2.582756898820767
9046,20260729_isolated_FBs_usual_003_C2_segmentation,312,spore,13.461075543168,13.461075543168,33.12146207294133,0.8262176455870269,4.182232478510192,2.4482476324635343
9047,20260729_isolated_FBs_usual_003_C2_segmentation,313,spore,11.673276447591,11.673276447591,29.018040889943403,0.8575863962099941,3.6041861086421876,2.4203892469895703
9050,20260729_isolated_FBs_usual_003_C2_segmentation,316,spore,5.91551171330625,5.91551171330625,25.303809885908485,0.6251147612336291,3.0938174215015244,1.9323136508104253
9051,20260729_isolated_FBs_usual_003_C2_segmentation,317,spore,10.17468014688675,10.17468014688675,26.506892169888523,0.8566547424318939,3.6266170675968317,2.261464798727543
9052,20260729_isolated_FBs_usual_003_C2_segmentation,318,spore,12.383137853187751,12.383137853187751,29.975594650685597,0.8635154697205715,3.6064315248982273,2.4988721329177204
9053,20260729_isolated_FBs_usual_003_C2_segmentation,319,spore,10.726794573462,10.726794573462,27.28438139178796,0.8620848015362136,3.5602816732513483,2.3816053577837306
9056,20260729_isolated_FBs_usual_003_C2_segmentation,322,spore,5.5211442657525005,5.5211442657525005,16.99920596360503,0.8886721132821348,2.270478555021822,2.0019703556650525
9060,20260729_isolated_FBs_usual_003_C2_segmentation,326,spore,8.3605898881395,8.3605898881395,25.767483965970825,0.773101869883625,3.300270609307718,2.208578949472035
9066,20260729_isolated_FBs_usual_003_C2_segmentation,332,spore,14.6704690489995,14.6704690489995,47.20927390141996,0.6138837488846862,4.446279632891161,2.3956825625856744
9155,20260729_isolated_FBs_usual_003_C2_segmentation,72,vc,7.59814615620225,7.59814615620225,73.50525014601149,0.2542753105956924,4.4858814384168655,3.241212767597542
9334,20260729_isolated_FBs_usual_005_C2_segmentation,1,spore,11.64698528442075,11.64698528442075,37.685121257199825,0.659360953647104,3.2942261556589076,2.6745638618233003
9335,20260729_isolated_FBs_usual_005_C2_segmentation,2,spore,15.038545333383,15.038545333383,41.75664392419517,0.7056062590567134,4.641906752167051,2.4623265064532576
9336,20260729_isolated_FBs_usual_005_C2_segmentation,3,spore,16.74747093944925,16.74747093944925,48.921060584228115,0.6470746945185195,4.452100423791673,2.7003856006043856
9337,20260729_isolated_FBs_usual_005_C2_segmentation,4,spore,5.28452379722025,5.28452379722025,25.305050271683264,0.579803490260132,2.4314622127932433,2.077877012783636
9338,20260729_isolated_FBs_usual_005_C2_segmentation,5,spore,7.256361034989,7.256361034989,26.23266502170449,0.690962215841706,3.523074893458126,2.0032070287925854
9339,20260729_isolated_FBs_usual_005_C2_segmentation,6,spore,17.22071187651375,17.22071187651375,47.363337247727415,0.680888338414204,4.632556505406423,2.720989065036587
9344,20260729_isolated_FBs_usual_005_C2_segmentation,11,spore,13.48736670633825,13.48736670633825,34.83237583954032,0.7866577105860778,4.531799409874201,2.32152300662024
9345,20260729_isolated_FBs_usual_005_C2_segmentation,12,spore,8.202842909118,8.202842909118,23.25816351164317,0.8457038378424636,3.423839241498106,2.1047888063538798
9349,20260729_isolated_FBs_usual_005_C2_segmentation,16,spore,15.48549510727725,15.48549510727725,41.9717443351432,0.7158310007535887,3.8921039537068935,2.7393103474495706
9350,20260729_isolated_FBs_usual_005_C2_segmentation,17,spore,17.588788160897252,17.588788160897252,40.936278587920754,0.798974730330185,4.425649418407933,2.7800075265275814
9351,20260729_isolated_FBs_usual_005_C2_segmentation,18,spore,22.715564979096,22.715564979096,64.23851454878957,0.603815601293358,5.188034369901151,2.8031986804080806
9352,20260729_isolated_FBs_usual_005_C2_segmentation,19,spore,15.222583475574751,15.222583475574751,34.14826673629359,0.8698433258816612,3.619818025732127,2.827970498045892
9353,20260729_isolated_FBs_usual_005_C2_segmentation,20,spore,23.8197938322465,23.8197938322465,67.31764088428656,0.5947218600328923,5.8172202865832725,2.80532524351762
9354,20260729_isolated_FBs_usual_005_C2_segmentation,21,spore,25.31839013295075,25.31839013295075,97.52404877440301,0.4275594009591187,5.449176957569928,3.082442791914021
9355,20260729_isolated_FBs_usual_005_C2_segmentation,22,spore,12.06764389514475,12.06764389514475,45.066826480559286,0.5645583106906917,3.8195832196735435,2.575162216011454
9356,20260729_isolated_FBs_usual_005_C2_segmentation,23,spore,16.32681232872525,16.32681232872525,50.35362579409329,0.6180936903084704,3.82318503563075,3.095767379978358
9357,20260729_isolated_FBs_usual_005_C2_segmentation,24,spore,23.767211505906,23.767211505906,69.03366179766982,0.5790846253367372,5.009691834506875,3.0749981140724074
9358,20260729_isolated_FBs_usual_005_C2_segmentation,25,spore,11.568111794910001,11.568111794910001,47.046241540314824,0.5257761014652277,4.744132005974439,2.1003635510556538
9360,20260729_isolated_FBs_usual_005_C2_segmentation,27,spore,16.16906534970375,16.16906534970375,45.87082291860506,0.6741205047383496,3.658916017063601,2.9305370138798845
9361,20260729_isolated_FBs_usual_005_C2_segmentation,28,spore,14.933380680702001,14.933380680702001,35.3483758707468,0.8296343992633279,4.212313772293182,2.582422814938801
9362,20260729_isolated_FBs_usual_005_C2_segmentation,29,spore,26.2385808439095,26.2385808439095,75.81099745529735,0.5632641901916383,6.174089538039355,2.4697640243156163
9363,20260729_isolated_FBs_usual_005_C2_segmentation,30,spore,13.69769601170025,13.69769601170025,85.38775241427113,0.32423027019497797,5.019028838250462,2.760557728648432
9364,20260729_isolated_FBs_usual_005_C2_segmentation,31,spore,16.48455930774675,16.48455930774675,40.718594997769685,0.7692654626294492,4.420943665873247,2.6748547679537267
9365,20260729_isolated_FBs_usual_005_C2_segmentation,32,spore,12.69863181123075,12.69863181123075,30.37358425903546,0.8666146660011852,3.59563307764381,2.5862776149323383
9366,20260729_isolated_FBs_usual_005_C2_segmentation,33,spore,14.74934253851025,14.74934253851025,34.7304795650835,0.8374427340687478,4.2560388091022165,2.505464522421579
9367,20260729_isolated_FBs_usual_005_C2_segmentation,34,spore,16.721179776279,16.721179776279,38.90535649596299,0.81280431919518,4.262034876134547,2.714940767974918
9368,20260729_isolated_FBs_usual_005_C2_segmentation,35,spore,18.5615611981965,18.5615611981965,47.956715163288365,0.7069320921052104,4.40886630827734,2.857085609141952
9369,20260729_isolated_FBs_usual_005_C2_segmentation,36,spore,15.9324448811715,15.9324448811715,37.1256963433479,0.8247667280990635,4.135301757640105,2.724737502073443
9370,20260729_isolated_FBs_usual_005_C2_segmentation,37,spore,16.1427741865335,16.1427741865335,39.11612208784298,0.7896726790629384,4.57324367419919,2.5307535413761384
9371,20260729_isolated_FBs_usual_005_C2_segmentation,38,spore,10.306135962738,10.306135962738,26.293115615182092,0.871042445382453,3.549308430063052,2.3425125712735095
9372,20260729_isolated_FBs_usual_005_C2_segmentation,39,spore,9.675148046652,9.675148046652,25.555355246077,0.8592257453018384,3.5640802877379256,2.225001442659635
9373,20260729_isolated_FBs_usual_005_C2_segmentation,40,spore,19.350296093304,19.350296093304,46.71792820185967,0.7460918446416505,4.124256799104675,2.9967148369311567
9374,20260729_isolated_FBs_usual_005_C2_segmentation,41,spore,13.250746237806,13.250746237806,33.0904847457602,0.8183540195652255,4.100754679919727,2.452265236641894
9375,20260729_isolated_FBs_usual_005_C2_segmentation,42,spore,16.090191860193002,16.090191860193002,35.20769854331647,0.875428408737984,3.597370669736312,2.902985174382075
9376,20260729_isolated_FBs_usual_005_C2_segmentation,43,spore,13.75027833804075,13.75027833804075,33.394538230032595,0.8311568877587425,4.039339134529892,2.503605963381442
9377,20260729_isolated_FBs_usual_005_C2_segmentation,44,spore,17.299585366024502,17.299585366024502,40.163774844012394,0.8053909220148946,4.5814556964248485,2.6800235902503555
9378,20260729_isolated_FBs_usual_005_C2_segmentation,45,spore,17.431041181875752,17.431041181875752,38.11894349245863,0.852888297037238,3.709103249832281,2.947318381176711
9379,20260729_isolated_FBs_usual_005_C2_segmentation,46,spore,17.247003039684,17.247003039684,43.84641125528409,0.7362508877237467,4.097025592155474,2.822676843104133
9380,20260729_isolated_FBs_usual_005_C2_segmentation,47,spore,20.32306913060325,20.32306913060325,60.92186668489226,0.5911582917868852,4.751511981211524,2.8316018170576194
9381,20260729_isolated_FBs_usual_005_C2_segmentation,48,spore,13.8291518275515,13.8291518275515,38.619036389146316,0.7214613239440779,4.270159632119853,2.4865775609958707
9382,20260729_isolated_FBs_usual_005_C2_segmentation,49,spore,17.32587652919475,17.32587652919475,37.82768730997108,0.8559948349095876,3.6427267340385616,2.990467151565264
9383,20260729_isolated_FBs_usual_005_C2_segmentation,50,spore,16.16906534970375,16.16906534970375,40.123313255694114,0.7706856635092348,4.204730960045215,2.721024407426332
9384,20260729_isolated_FBs_usual_005_C2_segmentation,51,spore,15.091127659723501,15.091127659723501,35.21594015784216,0.8386085756844398,3.667373571487577,2.790160340723678
9385,20260729_isolated_FBs_usual_005_C2_segmentation,52,spore,11.64698528442075,11.64698528442075,29.660581407261667,0.8377481597299565,3.654937658956944,2.4232104556334795
9386,20260729_isolated_FBs_usual_005_C2_segmentation,53,spore,16.6685974499385,16.6685974499385,53.610019077316025,0.5886234163212373,4.212002979391994,2.8304323975266135
9387,20260729_isolated_FBs_usual_005_C2_segmentation,54,spore,16.931509081641,16.931509081641,36.18243505942805,0.8812858121233238,3.6023302165574034,2.9885921832757965
9388,20260729_isolated_FBs_usual_005_C2_segmentation,55,spore,12.06764389514475,12.06764389514475,31.74528979190113,0.8014685514871587,3.703645444592889,2.4831652043833916
9389,20260729_isolated_FBs_usual_005_C2_segmentation,56,spore,15.6169509231285,15.6169509231285,37.21878787247683,0.8118068839911864,3.9246015098272253,2.771992119928938
9390,20260729_isolated_FBs_usual_005_C2_segmentation,57,spore,16.48455930774675,16.48455930774675,38.49627649657057,0.813673728194749,3.9376097442887756,2.8249093616503025
9391,20260729_isolated_FBs_usual_005_C2_segmentation,58,spore,14.17093694876475,14.17093694876475,34.10244353589374,0.8304197504836985,4.413405334347618,2.465844406996435
9392,20260729_isolated_FBs_usual_005_C2_segmentation,59,spore,17.588788160897252,17.588788160897252,41.00022399942638,0.7977286208476057,4.538002530192796,2.661214282865511
9393,20260729_isolated_FBs_usual_005_C2_segmentation,60,spore,14.565304396318501,14.565304396318501,34.91882642877785,0.8259825304092655,4.343872956030448,2.4555092924113526
9394,20260729_isolated_FBs_usual_005_C2_segmentation,61,spore,15.95873604434175,15.95873604434175,38.36148516775832,0.7990752996495606,4.199697265926168,2.687652128632785
9395,20260729_isolated_FBs_usual_005_C2_segmentation,62,spore,13.38220205365725,13.38220205365725,33.094909020584666,0.8236473804692614,3.8955369431327758,2.5265068985890107
9396,20260729_isolated_FBs_usual_005_C2_segmentation,63,spore,16.3531034918955,16.3531034918955,54.58204431345868,0.5708225442539153,4.201346922537849,2.7523596603751423
9397,20260729_isolated_FBs_usual_005_C2_segmentation,64,spore,15.64324208629875,15.64324208629875,34.45824190838415,0.8778268351633287,3.594072793780348,2.827371205053731
9398,20260729_isolated_FBs_usual_005_C2_segmentation,65,spore,22.42636218422325,22.42636218422325,64.03602548164757,0.6005727784976469,4.846919327567121,2.4147384510880925
9399,20260729_isolated_FBs_usual_005_C2_segmentation,66,spore,16.510850470917,16.510850470917,43.41249120785572,0.7222968357558288,4.436992331966994,2.614891982528512
9400,20260729_isolated_FBs_usual_005_C2_segmentation,67,spore,13.48736670633825,13.48736670633825,35.97490720545448,0.7616741545910662,4.325436764506036,2.3989697542407824
9401,20260729_isolated_FBs_usual_005_C2_segmentation,68,spore,14.933380680702001,14.933380680702001,34.73863144979831,0.8441964279117162,3.7878260378296478,2.7177915336453546
9402,20260729_isolated_FBs_usual_005_C2_segmentation,69,spore,18.00944677162125,18.00944677162125,44.79521543242821,0.7417417813268303,4.901215839647937,2.428243129616864
9403,20260729_isolated_FBs_usual_005_C2_segmentation,70,spore,14.854507191191251,14.854507191191251,45.323327050699575,0.6447645837297279,5.44833096473643,2.1757375757034843
9404,20260729_isolated_FBs_usual_005_C2_segmentation,71,spore,17.27329420285425,17.27329420285425,47.49460313482617,0.6803879939400455,4.429825702100955,2.7559109936410455
9405,20260729_isolated_FBs_usual_005_C2_segmentation,72,spore,14.696760212169751,14.696760212169751,34.850555072308666,0.8325726952893691,4.493688500355832,2.4762912702245288
9406,20260729_isolated_FBs_usual_005_C2_segmentation,73,spore,17.877990955770002,17.877990955770002,45.48689813423727,0.7269038087597592,4.458743425173571,2.765950478476802
9407,20260729_isolated_FBs_usual_005_C2_segmentation,74,spore,16.300521165555,16.300521165555,41.28216509313417,0.7531057870807528,4.299834909895147,2.696724415504103
9408,20260729_isolated_FBs_usual_005_C2_segmentation,75,spore,16.6685974499385,16.6685974499385,37.42655649540907,0.8431476345468035,4.54325312317535,2.6048957474239605
9409,20260729_isolated_FBs_usual_005_C2_segmentation,76,spore,14.933380680702001,14.933380680702001,35.30448284336333,0.8306658593633582,4.080554355671818,2.6312914703980534
9410,20260729_isolated_FBs_usual_005_C2_segmentation,77,spore,16.537141634087252,16.537141634087252,36.031003026632185,0.8711937203961037,3.609034811986447,2.9542614703853536
9411,20260729_isolated_FBs_usual_005_C2_segmentation,78,spore,10.069515494205751,10.069515494205751,32.719575487334744,0.6892056786247382,3.4833375312649224,2.331166520244814
9412,20260729_isolated_FBs_usual_005_C2_segmentation,79,spore,15.012254170212751,15.012254170212751,35.097213167897415,0.8385109986240175,4.443522199689107,2.5155472641740957
9413,20260729_isolated_FBs_usual_005_C2_segmentation,80,spore,16.984091407981502,16.984091407981502,37.798579092074284,0.8453505946758125,4.576218210762775,2.613527562850673
9414,20260729_isolated_FBs_usual_005_C2_segmentation,81,spore,18.798181666728752,18.798181666728752,62.50923758846722,0.5469535986606949,5.128128833960937,2.416284500031905
9415,20260729_isolated_FBs_usual_005_C2_segmentation,82,spore,15.354039291426,15.354039291426,35.728839018260324,0.8361425384254153,4.394506983282191,2.569435735678259
9416,20260729_isolated_FBs_usual_005_C2_segmentation,83,spore,14.1446457855945,14.1446457855945,34.27439658152613,0.8252312984886873,4.122374859009985,2.5488353476879064
9417,20260729_isolated_FBs_usual_005_C2_segmentation,84,spore,16.195356512874,16.195356512874,38.32735944704271,0.8076730030992866,4.495173378632416,2.519345226672417
9418,20260729_isolated_FBs_usual_005_C2_segmentation,85,spore,17.0892560606625,17.0892560606625,44.29433605669327,0.7243548399799529,4.2936854835684874,2.7276648204006455
9419,20260729_isolated_FBs_usual_005_C2_segmentation,86,spore,15.27516580191525,15.27516580191525,36.198527635228885,0.822464522891724,4.548384421285943,2.5263234957733167
9420,20260729_isolated_FBs_usual_005_C2_segmentation,87,spore,15.248874638745,15.248874638745,35.63721221980185,0.8344601416850351,4.016471448989767,2.6989828014954047
9421,20260729_isolated_FBs_usual_005_C2_segmentation,88,spore,20.585980762305752,20.585980762305752,91.18112987973522,0.39837633334545614,6.1562171492911375,2.828341525025309
9422,20260729_isolated_FBs_usual_005_C2_segmentation,89,spore,14.828216028021,14.828216028021,34.78046825863419,0.8392177020973776,3.7780651707649824,2.732741950402146
9423,20260729_isolated_FBs_usual_005_C2_segmentation,90,spore,12.093935058315001,12.093935058315001,30.905170818007207,0.8244507756755448,3.85946715233374,2.39793630643997
9424,20260729_isolated_FBs_usual_005_C2_segmentation,91,spore,16.405685818236,16.405685818236,39.21058751330796,0.7963005854286622,3.9142224959658556,2.8457869710512207
9425,20260729_isolated_FBs_usual_005_C2_segmentation,92,spore,16.0376095338525,16.0376095338525,37.81340458853275,0.8133262075955119,4.258233026720802,2.6898759137908548
9426,20260729_isolated_FBs_usual_005_C2_segmentation,93,spore,15.354039291426,15.354039291426,35.925867443825766,0.8315568774625492,4.42046572544201,2.569239607928439
9427,20260729_isolated_FBs_usual_005_C2_segmentation,94,spore,17.06296489749225,17.06296489749225,37.995691707654785,0.8435667129069928,4.620777839203784,2.5521279592300745
9428,20260729_isolated_FBs_usual_005_C2_segmentation,95,spore,18.508978871856,18.508978871856,45.57828993592719,0.7424167087935106,4.469279244466854,2.8086573489672313
9429,20260729_isolated_FBs_usual_005_C2_segmentation,96,spore,15.59065975995825,15.59065975995825,65.9572207809743,0.4575776175932508,4.627152918378286,2.7341555599529195
9430,20260729_isolated_FBs_usual_005_C2_segmentation,97,spore,16.616015123598,16.616015123598,39.90180416460772,0.7891801945442677,3.7092828443866694,2.9103821040965694
9431,20260729_isolated_FBs_usual_005_C2_segmentation,98,spore,14.407557417297001,14.407557417297001,34.660502426280274,0.8261194426447934,3.96283282191429,2.6247702003105413
9432,20260729_isolated_FBs_usual_005_C2_segmentation,99,spore,15.64324208629875,15.64324208629875,39.14540279767085,0.7727183086114271,4.254664847037377,2.6257097583066433
9433,20260729_isolated_FBs_usual_005_C2_segmentation,100,spore,15.77469790215,15.77469790215,39.81381106113707,0.7639959809521378,4.466175893495287,2.5604283841056463
9434,20260729_isolated_FBs_usual_005_C2_segmentation,101,spore,16.5634327972575,16.5634327972575,38.36636601943365,0.8190310355193904,4.294217640798628,2.69381956228547
9435,20260729_isolated_FBs_usual_005_C2_segmentation,102,spore,13.277037400976251,13.277037400976251,34.2523703295908,0.7916397859675482,3.835262090402246,2.5859863671051575
9436,20260729_isolated_FBs_usual_005_C2_segmentation,103,spore,13.01412576927375,13.01412576927375,32.18704609939887,0.8312780928519169,4.045380129790664,2.4292644995169153
9437,20260729_isolated_FBs_usual_005_C2_segmentation,104,spore,15.985027207512001,15.985027207512001,35.55697568467862,0.8630478922993692,3.5980513259595526,2.897745763562859
9438,20260729_isolated_FBs_usual_005_C2_segmentation,105,spore,17.69395281357825,17.69395281357825,44.953694859275785,0.7304693102991722,5.074168933606511,2.5437252188964194
9439,20260729_isolated_FBs_usual_005_C2_segmentation,106,spore,16.16906534970375,16.16906534970375,38.13673652351164,0.8108313693697814,3.7622199756048214,2.842305664573225
9440,20260729_isolated_FBs_usual_005_C2_segmentation,107,spore,16.27423000238475,16.27423000238475,45.37702920419507,0.6844079273985726,4.207290262305074,2.772765485558956
9441,20260729_isolated_FBs_usual_005_C2_segmentation,108,spore,16.3531034918955,16.3531034918955,40.84482186444568,0.7628056625877827,4.24796500986759,2.7381423386264143
9442,20260729_isolated_FBs_usual_005_C2_segmentation,109,spore,11.90989691612325,11.90989691612325,31.559333252948814,0.7991500055211902,3.698031957897643,2.4696074286678846
9443,20260729_isolated_FBs_usual_005_C2_segmentation,110,spore,13.802860664381251,13.802860664381251,33.641604623908314,0.8271548578547193,4.226508033308138,2.44307239730302
9444,20260729_isolated_FBs_usual_005_C2_segmentation,111,spore,23.031058937139,23.031058937139,70.95192804619896,0.5517332967701745,6.198081932661769,2.4712133189754586
9445,20260729_isolated_FBs_usual_005_C2_segmentation,112,spore,16.06390069702275,16.06390069702275,37.051897613612624,0.830948949368982,4.491330933643122,2.548999994284916
9446,20260729_isolated_FBs_usual_005_C2_segmentation,113,spore,15.32774812825575,15.32774812825575,35.89125186079632,0.8314084258913744,4.2044028979766015,2.650749685702768
9447,20260729_isolated_FBs_usual_005_C2_segmentation,114,spore,12.7775053007415,12.7775053007415,31.662942768317638,0.8347637123054894,3.6967610169807394,2.546666572007764
9448,20260729_isolated_FBs_usual_005_C2_segmentation,115,spore,14.775633701680501,14.775633701680501,35.06509701695802,0.8304366166707345,3.9582709581641775,2.659490942900783
9449,20260729_isolated_FBs_usual_005_C2_segmentation,116,spore,14.512722069978,14.512722069978,34.50691860988876,0.8338293871422864,4.010973463316439,2.5886436133395496
9450,20260729_isolated_FBs_usual_005_C2_segmentation,117,spore,16.195356512874,16.195356512874,39.716894870177995,0.7794157525819708,4.266240864089343,2.654259192140626
9451,20260729_isolated_FBs_usual_005_C2_segmentation,118,spore,17.32587652919475,17.32587652919475,49.52647608605349,0.6537978776775599,4.398942329834614,2.813505323843605
9452,20260729_isolated_FBs_usual_005_C2_segmentation,119,spore,16.090191860193002,16.090191860193002,35.571320622629024,0.8664794832355645,3.5994208779332086,2.892583001024438
9453,20260729_isolated_FBs_usual_005_C2_segmentation,120,spore,14.854507191191251,14.854507191191251,33.49643330044971,0.8724175447867248,3.639976020185185,2.6887811639809254
9454,20260729_isolated_FBs_usual_005_C2_segmentation,121,spore,15.827280228490501,15.827280228490501,37.03384216973632,0.8231700250921936,3.721189165762959,2.8385601279101773
9455,20260729_isolated_FBs_usual_005_C2_segmentation,122,spore,13.802860664381251,13.802860664381251,32.0254883369551,0.8688959368211543,3.587267610448904,2.6437556474075827
9456,20260729_isolated_FBs_usual_005_C2_segmentation,123,spore,16.405685818236,16.405685818236,35.40770897777859,0.881825305654323,3.602392581885513,2.9186598072216605
9457,20260729_isolated_FBs_usual_005_C2_segmentation,124,spore,14.06577229608375,14.06577229608375,32.350446623811315,0.8710563117313411,3.629756482217313,2.6347318278930816
9458,20260729_isolated_FBs_usual_005_C2_segmentation,125,spore,13.986898806573,13.986898806573,32.78036121950683,0.8564158140616693,3.6485071231885815,2.673933208687625
9459,20260729_isolated_FBs_usual_005_C2_segmentation,126,spore,16.80005326578975,16.80005326578975,39.06737868879347,0.8119768075399397,4.041200918737329,2.824505058655608
9460,20260729_isolated_FBs_usual_005_C2_segmentation,127,spore,14.328683927786251,14.328683927786251,33.52418273817305,0.8510011109853735,3.658881162628065,2.6861830736692194
9461,20260729_isolated_FBs_usual_005_C2_segmentation,128,spore,10.621629920781,10.621629920781,32.24677222729768,0.7246450305158096,3.799891326124762,2.346619391893518
9462,20260729_isolated_FBs_usual_005_C2_segmentation,129,spore,12.6723406480605,12.6723406480605,33.06486529712148,0.7949782726546647,3.982188997463894,2.4465305932287404
9463,20260729_isolated_FBs_usual_005_C2_segmentation,130,spore,18.929637482580002,18.929637482580002,53.18410800764531,0.6458481839315604,4.456045602417281,2.913172659678004
9464,20260729_isolated_FBs_usual_005_C2_segmentation,131,spore,16.1427741865335,16.1427741865335,37.09037415083826,0.8328018692408322,4.526187409244013,2.569074512434346
9465,20260729_isolated_FBs_usual_005_C2_segmentation,132,spore,8.38688105130975,8.38688105130975,28.427520616092046,0.7022290589570219,3.2615735665376775,2.2687475387494995
9466,20260729_isolated_FBs_usual_005_C2_segmentation,133,spore,12.64604948489025,12.64604948489025,30.18153139996567,0.8697199598733791,3.577089986789038,2.5142598381374923
9467,20260729_isolated_FBs_usual_005_C2_segmentation,134,spore,11.462947142229,11.462947142229,28.308703421403614,0.8684837012578058,3.5521927428128164,2.463369225677528
9468,20260729_isolated_FBs_usual_005_C2_segmentation,135,spore,8.728666172523,8.728666172523,28.76922854802442,0.7126142418221058,3.3898205492110574,2.2281032075592737
9469,20260729_isolated_FBs_usual_005_C2_segmentation,136,spore,8.33429872496925,8.33429872496925,23.768801445000793,0.8363528674825271,2.816493120076262,2.3453546124733875
9470,20260729_isolated_FBs_usual_005_C2_segmentation,137,spore,12.724922974401,12.724922974401,30.27209793134113,0.8707197182889655,3.5510243934631394,2.578651083669088
9471,20260729_isolated_FBs_usual_005_C2_segmentation,138,spore,9.59627455714125,9.59627455714125,26.621858715527647,0.8203153914191872,3.4019054732695153,2.2882599951087506
9472,20260729_isolated_FBs_usual_005_C2_segmentation,139,spore,9.149324783247,9.149324783247,27.358125238300907,0.7732569299181804,3.462199809536154,2.209854398895216
9473,20260729_isolated_FBs_usual_005_C2_segmentation,140,spore,11.489238305399251,11.489238305399251,31.2593901357216,0.7877065354077138,3.5514023403757706,2.4480285666551524
9474,20260729_isolated_FBs_usual_005_C2_segmentation,141,spore,13.145581585125,13.145581585125,30.92825613198847,0.8709272805724719,3.54057720122096,2.6224346341580467
9475,20260729_isolated_FBs_usual_005_C2_segmentation,142,spore,14.8807983543615,14.8807983543615,34.95661104451917,0.8369617743576494,3.582378828239419,2.7857257310222714
9476,20260729_isolated_FBs_usual_005_C2_segmentation,143,spore,9.8328950256735,9.8328950256735,25.651980510065854,0.8652683634651585,3.4613404252991,2.279105248472794
9477,20260729_isolated_FBs_usual_005_C2_segmentation,144,spore,12.015061568804251,12.015061568804251,29.387949319560633,0.8632412322341794,3.5354418364487463,2.4884030335176077
9478,20260729_isolated_FBs_usual_005_C2_segmentation,145,spore,11.883605752953,11.883605752953,30.572956915332107,0.8237185324892288,3.454214843115686,2.53325702532489
9480,20260729_isolated_FBs_usual_005_C2_segmentation,147,spore,12.64604948489025,12.64604948489025,30.273519240249733,0.8670772654404727,3.560425079981671,2.563884173296802
9481,20260729_isolated_FBs_usual_005_C2_segmentation,148,spore,13.64511368535975,13.64511368535975,31.629529375869275,0.8730574717121729,3.566932366436666,2.6766826055986233
9482,20260729_isolated_FBs_usual_005_C2_segmentation,149,spore,13.32961972731675,13.32961972731675,31.330667216653477,0.8677467332088603,3.5786011747754802,2.58776443512447
9483,20260729_isolated_FBs_usual_005_C2_segmentation,150,spore,7.203778708648501,7.203778708648501,21.127477371578838,0.8537749103430874,2.449111914077019,2.314965152730185
9484,20260729_isolated_FBs_usual_005_C2_segmentation,151,spore,12.3568466900175,12.3568466900175,29.66629022340168,0.871283164472192,3.5269145617043054,2.5085483991786823
9485,20260729_isolated_FBs_usual_005_C2_segmentation,152,spore,13.881734153892001,13.881734153892001,32.091942779823725,0.8703967565828251,3.54490198272448,2.7067709190538585
9486,20260729_isolated_FBs_usual_005_C2_segmentation,153,spore,10.27984479956775,10.27984479956775,27.893302913109423,0.8196753722906611,3.30093383536677,2.403808300507913
9487,20260729_isolated_FBs_usual_005_C2_segmentation,154,spore,8.7812484988635,8.7812484988635,24.539177878210694,0.8388061912230532,2.902944226837079,2.349026677454118
9488,20260729_isolated_FBs_usual_005_C2_segmentation,155,spore,16.16906534970375,16.16906534970375,35.20908428863913,0.8782523863772056,3.5910354243857756,2.904330124250752
9489,20260729_isolated_FBs_usual_005_C2_segmentation,156,spore,12.80379646391175,12.80379646391175,30.19501977753099,0.8765458688227268,3.5543124145117484,2.5722991741623193
9490,20260729_isolated_FBs_usual_005_C2_segmentation,157,spore,7.07232289279725,7.07232289279725,21.820522033331425,0.8165705417026272,2.473538319100201,2.2593332513323774
9491,20260729_isolated_FBs_usual_005_C2_segmentation,158,spore,15.27516580191525,15.27516580191525,33.94939784976256,0.8769523657722146,3.538507066961108,2.83375385460831
9492,20260729_isolated_FBs_usual_005_C2_segmentation,159,spore,10.516465268100001,10.516465268100001,30.557894045797777,0.7596389620081108,3.233119201396699,2.470007129457474
9493,20260729_isolated_FBs_usual_005_C2_segmentation,160,spore,12.12022622148525,12.12022622148525,31.930453964638932,0.7991338284725614,3.8030828034296165,2.4498674436967063
9494,20260729_isolated_FBs_usual_005_C2_segmentation,161,spore,13.881734153892001,13.881734153892001,32.114821051571255,0.8697766947897579,3.546856447980528,2.680041865697376
9495,20260729_isolated_FBs_usual_005_C2_segmentation,162,spore,6.28358799768975,6.28358799768975,23.911399144276718,0.6886802098137851,2.7939790306375727,2.094635165324824
9496,20260729_isolated_FBs_usual_005_C2_segmentation,163,spore,7.9399312774155,7.9399312774155,30.465080490763164,0.6317709081342717,3.2864422814871115,2.204064087352099
9497,20260729_isolated_FBs_usual_005_C2_segmentation,164,spore,10.437591778589251,10.437591778589251,27.810645850437137,0.8305005441790917,3.1693234290183496,2.500772025643439
9498,20260729_isolated_FBs_usual_005_C2_segmentation,165,spore,14.302392764616,14.302392764616,32.675829296435374,0.8720270819611362,3.5792598214284346,2.6913889691066
9499,20260729_isolated_FBs_usual_005_C2_segmentation,166,spore,13.9343164802325,13.9343164802325,31.868633759106473,0.8787077551705315,3.554579245364825,2.696073748391335
9500,20260729_isolated_FBs_usual_005_C2_segmentation,167,spore,15.7221155758095,15.7221155758095,34.62483354383298,0.8765373367721372,3.5700988900178365,2.8600361096054416
9501,20260729_isolated_FBs_usual_005_C2_segmentation,168,spore,11.01599736833475,11.01599736833475,30.907794161385393,0.7746377585608556,3.2184299858377563,2.4999336435480632
9502,20260729_isolated_FBs_usual_005_C2_segmentation,169,spore,8.045095930096501,8.045095930096501,23.708894030339522,0.8189555183047489,2.5676127532762445,2.346265897863188
9503,20260729_isolated_FBs_usual_005_C2_segmentation,170,spore,8.91270431471475,8.91270431471475,25.788391569010205,0.8061196996846097,3.2380152233120665,2.259419429703524
9504,20260729_isolated_FBs_usual_005_C2_segmentation,171,spore,14.407557417297001,14.407557417297001,32.99016488430883,0.8679470092556667,3.5333737751987226,2.784947694512149
9505,20260729_isolated_FBs_usual_005_C2_segmentation,172,spore,11.54182063173975,11.54182063173975,28.84121542285891,0.8563542286240454,3.531569520520463,2.4026081909902834
9506,20260729_isolated_FBs_usual_005_C2_segmentation,173,spore,9.70143920982225,9.70143920982225,26.418377166513658,0.8326620398760984,3.0069759866664367,2.474070700080721
9507,20260729_isolated_FBs_usual_005_C2_segmentation,174,spore,10.411300615419,10.411300615419,27.219312438941316,0.847117456701418,3.142363473519089,2.4412525409820476
9508,20260729_isolated_FBs_usual_005_C2_segmentation,175,spore,9.75402153616275,9.75402153616275,27.645715071381794,0.7985683682937921,3.152267650356563,2.4019565106593355
9509,20260729_isolated_FBs_usual_005_C2_segmentation,176,spore,14.4601397436375,14.4601397436375,33.1528347668002,0.8657884384699105,3.5766618287096894,2.7606429460351003
9510,20260729_isolated_FBs_usual_005_C2_segmentation,177,spore,8.8864131515445,8.8864131515445,26.971039973999133,0.7692557756543773,2.7982316797903204,2.4464597694186465
9511,20260729_isolated_FBs_usual_005_C2_segmentation,178,spore,12.17280854782575,12.17280854782575,32.12140768558073,0.7966790852123405,3.323893806063982,2.581477082379081
9512,20260729_isolated_FBs_usual_005_C2_segmentation,179,spore,6.07325869232775,6.07325869232775,23.19405785022267,0.6940465110863515,2.5885057105060385,2.0025018385363755
9513,20260729_isolated_FBs_usual_005_C2_segmentation,180,spore,13.513657869508501,13.513657869508501,31.17103974317069,0.8802001710680043,3.56870940259111,2.657309048028283
9514,20260729_isolated_FBs_usual_005_C2_segmentation,181,spore,11.489238305399251,11.489238305399251,28.29381728229473,0.8702687819425367,3.5364039253442545,2.445103048838232
9516,20260729_isolated_FBs_usual_005_C2_segmentation,183,spore,16.195356512874,16.195356512874,35.24449385753245,0.8783208415643878,3.5744534854623815,2.899094243134573
9517,20260729_isolated_FBs_usual_005_C2_segmentation,184,spore,14.854507191191251,14.854507191191251,34.82024760004499,0.8392495204156121,3.6066702165831694,2.7895386349481273
9518,20260729_isolated_FBs_usual_005_C2_segmentation,185,spore,18.614143524537,18.614143524537,52.6711001277696,0.6448723761792602,5.071275554660006,2.272947360064322
9519,20260729_isolated_FBs_usual_005_C2_segmentation,186,spore,10.27984479956775,10.27984479956775,28.00874986114554,0.816296820210313,3.1777095807564537,2.4477868099058737
9520,20260729_isolated_FBs_usual_005_C2_segmentation,187,spore,11.75214993710175,11.75214993710175,33.014550592471466,0.7571645698504051,3.492878414040619,2.4999303860514384
9521,20260729_isolated_FBs_usual_005_C2_segmentation,188,spore,13.040416932444,13.040416932444,30.941280507192957,0.8659114707492243,3.5593363479773052,2.6137421082712944
9522,20260729_isolated_FBs_usual_005_C2_segmentation,189,spore,9.622565720311501,9.622565720311501,28.03196425738559,0.7804729416635839,3.1034830767362878,2.4589726217433263
9523,20260729_isolated_FBs_usual_005_C2_segmentation,190,spore,13.75027833804075,13.75027833804075,31.68385071662989,0.8760330526631949,3.550705157499804,2.6667867919316177
9524,20260729_isolated_FBs_usual_005_C2_segmentation,191,spore,9.5174010676305,9.5174010676305,27.069672830106377,0.8023183005089831,3.183126282298502,2.3175976042614677
9525,20260729_isolated_FBs_usual_005_C2_segmentation,192,spore,11.410364815888501,11.410364815888501,28.269070532306692,0.8670396301864206,3.5320576987617556,2.4582574638179677
9526,20260729_isolated_FBs_usual_005_C2_segmentation,193,spore,7.6244373193725,7.6244373193725,25.15099329538579,0.7448477587790945,3.2439933503526697,2.077501446333331
9527,20260729_isolated_FBs_usual_005_C2_segmentation,194,spore,14.59159555948875,14.59159555948875,32.69146768183657,0.8833203345731774,3.5705993339958786,2.7288623624896435
9528,20260729_isolated_FBs_usual_005_C2_segmentation,195,spore,12.06764389514475,12.06764389514475,29.072330282159026,0.8751569337277629,3.5559905638655236,2.505809102562729
9529,20260729_isolated_FBs_usual_005_C2_segmentation,196,spore,9.70143920982225,9.70143920982225,27.903858914546788,0.7883346847850375,3.1541821212810723,2.378918759573236
9530,20260729_isolated_FBs_usual_005_C2_segmentation,197,spore,10.621629920781,10.621629920781,27.664712479515515,0.8446667668058743,3.34741217178504,2.454988878126893
9531,20260729_isolated_FBs_usual_005_C2_segmentation,198,spore,10.85825038931325,10.85825038931325,27.52315552543139,0.8615737693969785,3.467518506704712,2.401565521371799
9532,20260729_isolated_FBs_usual_005_C2_segmentation,199,spore,14.302392764616,14.302392764616,32.391861013414314,0.8796718428814742,3.560042989196919,2.737943104829968
9533,20260729_isolated_FBs_usual_005_C2_segmentation,200,spore,9.64885688348175,9.64885688348175,26.5869215566447,0.8243911359080334,2.8541256317783654,2.5389396606796777
9534,20260729_isolated_FBs_usual_005_C2_segmentation,201,spore,11.673276447591,11.673276447591,28.53863895351474,0.871992429366222,3.5409072380459734,2.4320723705127403
9535,20260729_isolated_FBs_usual_005_C2_segmentation,202,spore,12.7775053007415,12.7775053007415,30.255592218211852,0.8735930685860888,3.5372156325551702,2.592535129915212
9536,20260729_isolated_FBs_usual_005_C2_segmentation,203,spore,11.489238305399251,11.489238305399251,35.089870743218015,0.7017189115045793,3.3965483514435184,2.5385763042337848
9537,20260729_isolated_FBs_usual_005_C2_segmentation,204,spore,11.2000355105265,11.2000355105265,27.90515514971665,0.8675195742292883,3.5484733653704974,2.442033032508876
9538,20260729_isolated_FBs_usual_005_C2_segmentation,205,spore,12.015061568804251,12.015061568804251,29.474498706328184,0.8607063969507452,3.533491511522342,2.524912978220407
9539,20260729_isolated_FBs_usual_005_C2_segmentation,206,spore,10.85825038931325,10.85825038931325,27.411285456815406,0.8650899969322402,3.523604269222712,2.380694187069644
9541,20260729_isolated_FBs_usual_005_C2_segmentation,208,spore,11.462947142229,11.462947142229,30.165492453363704,0.8150255648317327,3.2739069402475027,2.5309994809836707
9542,20260729_isolated_FBs_usual_005_C2_segmentation,209,spore,10.49017410492975,10.49017410492975,26.932008599745615,0.8604728612064624,3.4502351101485353,2.3302147997600406
9543,20260729_isolated_FBs_usual_005_C2_segmentation,210,spore,14.90708951753175,14.90708951753175,33.93596726360728,0.8631490533049642,3.5508355547105572,2.8059700562064167
9544,20260729_isolated_FBs_usual_005_C2_segmentation,211,spore,12.619758321720001,12.619758321720001,29.803246520101034,0.8795379331038363,3.539066289551459,2.5631887837105096
9545,20260729_isolated_FBs_usual_005_C2_segmentation,212,spore,15.222583475574751,15.222583475574751,34.155942255207876,0.8696478548022695,3.5720680585034352,2.8047557757686166
9546,20260729_isolated_FBs_usual_005_C2_segmentation,213,spore,8.70237500935275,8.70237500935275,25.078392341626596,0.8158487044628544,3.2350512956608872,2.2269180283769896
9547,20260729_isolated_FBs_usual_005_C2_segmentation,214,spore,15.69582441263925,15.69582441263925,35.09297702141148,0.8638798288573067,3.5728311158107062,2.8393650394330985
9548,20260729_isolated_FBs_usual_005_C2_segmentation,215,spore,8.833830825204,8.833830825204,24.78037960625737,0.8339542407584304,2.7994884035546175,2.3885036036664475
9549,20260729_isolated_FBs_usual_005_C2_segmentation,216,spore,9.7277303729925,9.7277303729925,27.922978013772692,0.7892175602978995,3.4476059101107333,2.2622216987125374
9550,20260729_isolated_FBs_usual_005_C2_segmentation,217,spore,8.728666172523,8.728666172523,25.93698687715314,0.7904295933316811,2.758679471151401,2.445426709716088
9551,20260729_isolated_FBs_usual_005_C2_segmentation,218,spore,10.5690475944405,10.5690475944405,31.2437444936585,0.7454381512312303,3.388125406559248,2.4086355317465165
9552,20260729_isolated_FBs_usual_005_C2_segmentation,219,spore,9.359654088609,9.359654088609,25.89134379544545,0.8295375799472178,3.299465520132072,2.2991836062757534
9553,20260729_isolated_FBs_usual_005_C2_segmentation,220,spore,7.151196382308,7.151196382308,24.686362200352605,0.7271312852552081,2.662630524128418,2.2653651315470684
9554,20260729_isolated_FBs_usual_005_C2_segmentation,221,spore,7.6244373193725,7.6244373193725,29.926648505827643,0.6259859330218054,3.2577527843223772,2.1645878713133024
9555,20260729_isolated_FBs_usual_005_C2_segmentation,222,spore,12.409429016358,12.409429016358,30.159872141037724,0.8594537177003999,3.5802034444978745,2.5605750979196746
9556,20260729_isolated_FBs_usual_005_C2_segmentation,223,spore,10.64792108395125,10.64792108395125,27.396063193214076,0.8543566044433991,3.4601788655472787,2.3412064939183033
9557,20260729_isolated_FBs_usual_005_C2_segmentation,224,spore,9.780312699333,9.780312699333,27.647539479530238,0.7999499173633189,3.1699104377703913,2.451418356500444
9558,20260729_isolated_FBs_usual_005_C2_segmentation,225,spore,5.705182407944251,5.705182407944251,24.08721354275507,0.6410283710449425,2.376478190951848,2.155397579975176
9559,20260729_isolated_FBs_usual_005_C2_segmentation,226,spore,9.43852757811975,9.43852757811975,25.680657686752216,0.8410351532682516,3.04640025496762,2.4090344156548427
9562,20260729_isolated_FBs_usual_005_C2_segmentation,229,spore,9.911768515184251,9.911768515184251,26.59806787788878,0.8389475336639524,3.173541695765779,2.4207301349068864
9563,20260729_isolated_FBs_usual_005_C2_segmentation,230,spore,12.908961116592751,12.908961116592751,30.210167606501443,0.880897109308412,3.5591816396511047,2.547826318449954
9564,20260729_isolated_FBs_usual_005_C2_segmentation,231,spore,13.11929042195475,13.11929042195475,30.817382831368697,0.872894857903581,3.586340377252153,2.632892545484879
9565,20260729_isolated_FBs_usual_005_C2_segmentation,232,spore,12.3568466900175,12.3568466900175,29.555095948148605,0.8745611677032985,3.5572377995905664,2.552170134716628
9566,20260729_isolated_FBs_usual_005_C2_segmentation,233,spore,6.80941126109475,6.80941126109475,20.881407923417214,0.8320141711149968,2.579677827944631,2.1641653947520254
9567,20260729_isolated_FBs_usual_005_C2_segmentation,234,spore,8.86012198837425,8.86012198837425,24.829424930562354,0.8339575235561718,2.990774401251324,2.3786250547331673
9568,20260729_isolated_FBs_usual_005_C2_segmentation,235,spore,11.3052001632075,11.3052001632075,29.22187827611573,0.8336072847478341,3.4615159215885036,2.414888427047213
9569,20260729_isolated_FBs_usual_005_C2_segmentation,236,spore,12.96154344293325,12.96154344293325,30.40492118741072,0.8776298559467371,3.58300893296998,2.587794393177688
9570,20260729_isolated_FBs_usual_005_C2_segmentation,237,spore,7.36152568767,7.36152568767,22.508475232566656,0.8130487810028765,2.605679974826659,2.268538322926471
9571,20260729_isolated_FBs_usual_005_C2_segmentation,238,spore,8.33429872496925,8.33429872496925,26.07242351931891,0.7624571313985985,3.0390343846902885,2.221957529148952
9572,20260729_isolated_FBs_usual_005_C2_segmentation,239,spore,13.38220205365725,13.38220205365725,31.311513444710346,0.8705594882791604,3.585405795254624,2.6507119774505172
9573,20260729_isolated_FBs_usual_005_C2_segmentation,240,spore,9.43852757811975,9.43852757811975,26.790288203240006,0.8062002061999117,3.3891274760511236,2.2885519627100277
9574,20260729_isolated_FBs_usual_005_C2_segmentation,241,spore,10.91083271565375,10.91083271565375,27.979636126359196,0.8502513440027806,3.5890995510756154,2.3586469515429167
9575,20260729_isolated_FBs_usual_005_C2_segmentation,242,spore,7.23006987181875,7.23006987181875,20.882392998538037,0.8658955797277054,2.457572964722486,2.2159459460003714
9576,20260729_isolated_FBs_usual_005_C2_segmentation,243,spore,7.203778708648501,7.203778708648501,20.590183436119812,0.8760538804648252,2.4666072616782975,2.20813257279506
9579,20260729_isolated_FBs_usual_005_C2_segmentation,246,spore,7.5192726666915,7.5192726666915,21.108726935793875,0.8793045188739329,2.4977828125251533,2.228361821569762
9580,20260729_isolated_FBs_usual_005_C2_segmentation,247,spore,6.835702424265,6.835702424265,19.737772556454104,0.8824865262164099,2.393287946143721,2.1867176736730087
9582,20260729_isolated_FBs_usual_005_C2_segmentation,249,spore,7.86105778790475,7.86105778790475,21.738128343690015,0.8795272546609378,2.5732595479992417,2.2207477819345725
9584,20260729_isolated_FBs_usual_005_C2_segmentation,251,spore,6.520208466222,6.520208466222,18.95274937550951,0.8905388949986428,2.3895653313510525,2.160932551738483
9585,20260729_isolated_FBs_usual_005_C2_segmentation,252,spore,7.17748754547825,7.17748754547825,20.299820053454816,0.8864214050224988,2.4662717616108774,2.1784407064109352
9586,20260729_isolated_FBs_usual_005_C2_segmentation,253,spore,7.36152568767,7.36152568767,20.821126693378353,0.8789384272798155,2.5028559371093455,2.2251726255823443
9589,20260729_isolated_FBs_usual_005_C2_segmentation,256,spore,5.38968844990125,5.38968844990125,24.76668848816719,0.6002404935213366,2.3706230550207756,2.1140325791499857
9590,20260729_isolated_FBs_usual_005_C2_segmentation,257,spore,8.17655174594775,8.17655174594775,22.17917892563249,0.8849501075078373,2.618619129172598,2.2318479889671146
9591,20260729_isolated_FBs_usual_005_C2_segmentation,258,spore,6.2310056713492505,6.2310056713492505,18.33437049303963,0.8931482515476881,2.3149158030365156,2.146150335637084
9592,20260729_isolated_FBs_usual_005_C2_segmentation,259,spore,7.571854993032,7.571854993032,21.270467841567196,0.8766816999351863,2.5135317184613295,2.2283229370493465
9593,20260729_isolated_FBs_usual_005_C2_segmentation,260,spore,6.861993587435251,6.861993587435251,21.961472847185963,0.7951630673378236,2.761648901318876,2.154307828915962
9594,20260729_isolated_FBs_usual_005_C2_segmentation,261,spore,7.7296019720535005,7.7296019720535005,21.614383416634162,0.8746736176621956,2.5346650064032517,2.25619255617024
9595,20260729_isolated_FBs_usual_005_C2_segmentation,262,spore,7.80847546156425,7.80847546156425,24.29279348870424,0.7835213460568422,2.5760109929776633,2.334523752274787
9596,20260729_isolated_FBs_usual_005_C2_segmentation,263,spore,5.7314735711145,5.7314735711145,17.37232249373117,0.8915323455891103,2.2534829029445227,2.0435922557951742
9597,20260729_isolated_FBs_usual_005_C2_segmentation,264,spore,6.835702424265,6.835702424265,19.80778452408573,0.8793673172996488,2.3798477979800725,2.19307220086624
9598,20260729_isolated_FBs_usual_005_C2_segmentation,265,spore,6.80941126109475,6.80941126109475,19.504540420020465,0.8907478428603687,2.395466213223347,2.2005231558600173
9599,20260729_isolated_FBs_usual_005_C2_segmentation,266,spore,6.204714508179,6.204714508179,19.615163614653095,0.8324792011269161,2.349854992328319,2.137919626993945
9600,20260729_isolated_FBs_usual_005_C2_segmentation,267,spore,6.4676261398815,6.4676261398815,19.01103495531361,0.8830290050936604,2.4032440083978783,2.1302019453743424
9601,20260729_isolated_FBs_usual_005_C2_segmentation,268,spore,6.152132181838501,6.152132181838501,19.17331553616587,0.8468451610047972,2.338846936570451,2.120859842640925
9603,20260729_isolated_FBs_usual_005_C2_segmentation,270,spore,7.2826521981592505,7.2826521981592505,20.495732004533654,0.8865033963648824,2.4507547357841872,2.2075010992081685
9605,20260729_isolated_FBs_usual_005_C2_segmentation,272,spore,5.2056503077095,5.2056503077095,18.77750419546462,0.7735640004377705,2.6499797580796534,1.9299788611150404
9667,20260729_isolated_FBs_usual_005_C2_segmentation,55,vc,11.06857969467525,11.06857969467525,43.20121783412017,0.5559674925035635,4.740809325704016,2.25443588732061
9782,20260729_isolated_FBs_usual_006_C2_segmentation,4,spore,14.933380680702001,14.933380680702001,41.053384629352735,0.7143437464469957,4.053266339119926,2.6457597955455068
9783,20260729_isolated_FBs_usual_006_C2_segmentation,5,spore,16.90521791847075,16.90521791847075,46.05008723297956,0.6917261322503943,4.609645068738976,2.7548487915247972
9784,20260729_isolated_FBs_usual_006_C2_segmentation,6,spore,11.3052001632075,11.3052001632075,28.485279653356834,0.8551634704458277,3.5374680405269046,2.3949794121738335
9789,20260729_isolated_FBs_usual_006_C2_segmentation,11,spore,12.0413527319745,12.0413527319745,30.781762015443924,0.8253550901151859,4.169553588899447,2.3299969069341913
9790,20260729_isolated_FBs_usual_006_C2_segmentation,12,spore,19.7183723776875,19.7183723776875,58.30732401433185,0.6053525696593334,6.043011104999294,2.514805822796643
9795,20260729_isolated_FBs_usual_006_C2_segmentation,17,spore,21.926830083988502,21.926830083988502,79.2083501807428,0.4782963401605682,6.0580341362379535,2.5318168180929956
9797,20260729_isolated_FBs_usual_006_C2_segmentation,19,spore,21.69020961545625,21.69020961545625,57.46724130162511,0.6544949115464811,4.82601468892664,2.964304030674351
9798,20260729_isolated_FBs_usual_006_C2_segmentation,20,spore,25.765339906845,25.765339906845,57.314823651889775,0.7360507306453318,5.113068202342006,3.1541383007644317
9799,20260729_isolated_FBs_usual_006_C2_segmentation,21,spore,17.983155608451,17.983155608451,44.84557579679671,0.7401875707318026,4.754225420981593,2.7329831815935526
9801,20260729_isolated_FBs_usual_006_C2_segmentation,23,spore,24.187870116630002,24.187870116630002,52.29500032390678,0.7734324210499187,4.85277354693722,3.071660635292255
9802,20260729_isolated_FBs_usual_006_C2_segmentation,24,spore,19.560625398666,19.560625398666,59.83855288011425,0.5867118588287047,4.503513599212245,2.4414021083109927
9803,20260729_isolated_FBs_usual_006_C2_segmentation,25,spore,19.48175190915525,19.48175190915525,66.30914097835756,0.5280350223365303,3.9718327326593497,3.094406733608842
9804,20260729_isolated_FBs_usual_006_C2_segmentation,26,spore,16.090191860193002,16.090191860193002,42.68342622110333,0.7221027513452845,3.6251571881058435,2.956273486405738
9805,20260729_isolated_FBs_usual_006_C2_segmentation,27,spore,17.772826303089,17.772826303089,46.81795399061256,0.7034653192410988,4.37861455718483,2.874553706359992
9806,20260729_isolated_FBs_usual_006_C2_segmentation,28,spore,15.48549510727725,15.48549510727725,36.908440735105906,0.8140326481530814,4.098994192191859,2.6855475750902187
9807,20260729_isolated_FBs_usual_006_C2_segmentation,29,spore,15.985027207512001,15.985027207512001,39.58796156230412,0.7751693118350022,3.6788530219696067,2.920068959892475
9808,20260729_isolated_FBs_usual_006_C2_segmentation,30,spore,15.7221155758095,15.7221155758095,41.56290261915021,0.7302175129295735,4.357039546270312,2.5945045193946377
9809,20260729_isolated_FBs_usual_006_C2_segmentation,31,spore,14.72305137534,14.72305137534,42.726871553911536,0.6799050200008433,4.3505495269015455,2.5507017213589243
9811,20260729_isolated_FBs_usual_006_C2_segmentation,33,spore,16.01131837068225,16.01131837068225,38.56463204305497,0.7966110529735362,3.707899692956527,2.8850899030624784
9812,20260729_isolated_FBs_usual_006_C2_segmentation,34,spore,9.569983393971,9.569983393971,31.63830129859521,0.6889881560928816,3.86935643427847,2.148145469338824
9813,20260729_isolated_FBs_usual_006_C2_segmentation,35,spore,10.963415041994251,10.963415041994251,30.771390481517702,0.7755936417775362,3.870865077904144,2.3020421995934446
9814,20260729_isolated_FBs_usual_006_C2_segmentation,36,spore,16.694888613108752,16.694888613108752,43.02324699039586,0.7342376064902697,4.550894518593207,2.6301424501530932
9815,20260729_isolated_FBs_usual_006_C2_segmentation,37,spore,14.43384858046725,14.43384858046725,40.98169714540882,0.6995449325049645,4.341502805456593,2.4826337172391075
9816,20260729_isolated_FBs_usual_006_C2_segmentation,38,spore,16.405685818236,16.405685818236,39.27788259081167,0.794936277933502,4.368255401490122,2.643689500014245
9817,20260729_isolated_FBs_usual_006_C2_segmentation,39,spore,11.936188079293501,11.936188079293501,30.809926493323193,0.8197924190555749,3.7435256231287926,2.440692256132243
9818,20260729_isolated_FBs_usual_006_C2_segmentation,40,spore,16.22164767604425,16.22164767604425,38.50910319059666,0.8047309341381258,4.486966867498465,2.5833383956705704
9819,20260729_isolated_FBs_usual_006_C2_segmentation,41,spore,17.1944207133435,17.1944207133435,41.22708054698429,0.7814356888474032,4.473482161812707,2.6679061353395475
9820,20260729_isolated_FBs_usual_006_C2_segmentation,42,spore,14.53901323314825,14.53901323314825,48.589635928693085,0.5928758596526701,4.957745468376297,2.182084600969159
9821,20260729_isolated_FBs_usual_006_C2_segmentation,43,spore,16.510850470917,16.510850470917,47.629066152514994,0.6583522954513391,4.07563938079917,2.8313112181296303
9822,20260729_isolated_FBs_usual_006_C2_segmentation,44,spore,15.879862554831,15.879862554831,41.544324286790584,0.7354225081473109,4.2186650808482815,2.7236975726672297
9823,20260729_isolated_FBs_usual_006_C2_segmentation,45,spore,19.58691656183625,19.58691656183625,44.219913744568956,0.7946519416799187,4.155447300903999,2.9694861741134453
9826,20260729_isolated_FBs_usual_006_C2_segmentation,48,spore,12.8826699534225,12.8826699534225,49.81945424114265,0.5334443003460099,3.6945078928169095,2.7240711156356316
9827,20260729_isolated_FBs_usual_006_C2_segmentation,49,spore,23.2939705688415,23.2939705688415,53.35852633627495,0.739223865501319,4.7876367050455,3.023493938166824
9828,20260729_isolated_FBs_usual_006_C2_segmentation,50,spore,9.885477352014,9.885477352014,33.696564131339876,0.6610438479842747,3.710131487817484,2.2958762568469133
9829,20260729_isolated_FBs_usual_006_C2_segmentation,51,spore,7.124905219137751,7.124905219137751,22.9129628903056,0.781487916069326,3.2644084511943032,2.0036800942692756
9830,20260729_isolated_FBs_usual_006_C2_segmentation,52,spore,16.5634327972575,16.5634327972575,42.20042450621962,0.744619156268948,4.394004385273278,2.6630132908669197
9831,20260729_isolated_FBs_usual_006_C2_segmentation,53,spore,14.90708951753175,14.90708951753175,35.68047260822042,0.8209475905266553,4.513044996741078,2.5042496057883454
9832,20260729_isolated_FBs_usual_006_C2_segmentation,54,spore,20.612271925476,20.612271925476,62.855422417455756,0.5783960040573424,5.3818176795319355,2.530835211020287
9833,20260729_isolated_FBs_usual_006_C2_segmentation,55,spore,15.64324208629875,15.64324208629875,41.56212666376191,0.7277868547112352,3.840786474194667,2.809709345307127
9834,20260729_isolated_FBs_usual_006_C2_segmentation,56,spore,12.0413527319745,12.0413527319745,34.587740416262825,0.7345343655411304,4.007434289273382,2.375040981958256
9835,20260729_isolated_FBs_usual_006_C2_segmentation,57,spore,15.11741882289375,15.11741882289375,35.381445517087855,0.8356549354393539,3.8891704590694456,2.655681932011741
9836,20260729_isolated_FBs_usual_006_C2_segmentation,58,spore,16.48455930774675,16.48455930774675,41.15509126534596,0.7611065327646567,4.356422122276145,2.626748469565928
9837,20260729_isolated_FBs_usual_006_C2_segmentation,59,spore,15.1962923124045,15.1962923124045,34.60494248564923,0.8573755320163629,3.6180721798406776,2.780729650876486
9838,20260729_isolated_FBs_usual_006_C2_segmentation,60,spore,16.1427741865335,16.1427741865335,46.199150914128396,0.6686039096492062,3.9098747373834537,2.811672141209657
9839,20260729_isolated_FBs_usual_006_C2_segmentation,61,spore,23.05735010030925,23.05735010030925,74.27192782793269,0.5274715298471337,5.907848172571072,2.6790364206128072
9840,20260729_isolated_FBs_usual_006_C2_segmentation,62,spore,15.143709986064,15.143709986064,48.187747659117846,0.6142837398898154,3.8451308110876505,2.8209572456680654
9841,20260729_isolated_FBs_usual_006_C2_segmentation,63,spore,15.32774812825575,15.32774812825575,37.1141909985766,0.8040129236280525,4.051883338795554,2.6431788859686196
9842,20260729_isolated_FBs_usual_006_C2_segmentation,64,spore,14.4601397436375,14.4601397436375,34.09714474601809,0.8418106928718985,3.7070070075487678,2.64879738627875
9843,20260729_isolated_FBs_usual_006_C2_segmentation,65,spore,15.64324208629875,15.64324208629875,40.835534074304114,0.7407364719337202,4.174991813513476,2.6485300941667167
9844,20260729_isolated_FBs_usual_006_C2_segmentation,66,spore,16.510850470917,16.510850470917,49.76247152594516,0.6301275654157003,5.112435424830162,2.2567199680048753
9845,20260729_isolated_FBs_usual_006_C2_segmentation,67,spore,16.5634327972575,16.5634327972575,46.04103728996469,0.6825051375821596,4.2036503378048655,2.8180880877053336
9846,20260729_isolated_FBs_usual_006_C2_segmentation,68,spore,16.1427741865335,16.1427741865335,36.96641793611059,0.8355944299781922,4.493508534091386,2.5750362132480684
9847,20260729_isolated_FBs_usual_006_C2_segmentation,69,spore,16.90521791847075,16.90521791847075,38.01139170140462,0.8380132193445872,3.6590677105554597,2.954079455294512
9848,20260729_isolated_FBs_usual_006_C2_segmentation,70,spore,12.6723406480605,12.6723406480605,31.402804118676222,0.8370542133793647,3.607245958384896,2.5381334249015914
9849,20260729_isolated_FBs_usual_006_C2_segmentation,71,spore,22.505235673734,22.505235673734,66.81564324796443,0.5769369409568369,5.960236310079461,2.5643699678729184
9850,20260729_isolated_FBs_usual_006_C2_segmentation,72,spore,11.69956761076125,11.69956761076125,41.63112077974738,0.5986586047704231,3.874659618608592,2.0762117915818092
9851,20260729_isolated_FBs_usual_006_C2_segmentation,73,spore,22.58410916324475,22.58410916324475,45.26801148529631,0.8535481328598744,4.758732242318153,2.979578171631065
9852,20260729_isolated_FBs_usual_006_C2_segmentation,74,spore,14.43384858046725,14.43384858046725,43.72776141140655,0.6556141370650093,3.816740430914021,2.705520775947448
9853,20260729_isolated_FBs_usual_006_C2_segmentation,75,spore,15.77469790215,15.77469790215,38.75588293663711,0.784850952481896,3.91586392822497,2.7798954145965533
9854,20260729_isolated_FBs_usual_006_C2_segmentation,76,spore,21.84795659447775,21.84795659447775,63.763063080712,0.5927280803114646,6.295142383612134,2.5530159591497363
9855,20260729_isolated_FBs_usual_006_C2_segmentation,77,spore,14.38126625412675,14.38126625412675,36.56820413897589,0.7820693089399563,4.476132463647579,2.43318844782759
9856,20260729_isolated_FBs_usual_006_C2_segmentation,78,spore,15.748406738979751,15.748406738979751,44.455343955360824,0.6834675477588968,4.279284958766044,2.589252057779534
9857,20260729_isolated_FBs_usual_006_C2_segmentation,79,spore,19.770954704028,19.770954704028,66.05723123742243,0.5352814403031209,3.8851664518877507,3.24951698075274
9858,20260729_isolated_FBs_usual_006_C2_segmentation,80,spore,10.22726247322725,10.22726247322725,31.69264142196572,0.7189498908333088,3.8590242508225314,2.2758454371692727
9859,20260729_isolated_FBs_usual_006_C2_segmentation,81,spore,14.72305137534,14.72305137534,34.05946235076678,0.8529263955859738,3.6320488847659096,2.76318742493887
9860,20260729_isolated_FBs_usual_006_C2_segmentation,82,spore,14.933380680702001,14.933380680702001,41.38846985409356,0.7085603474553387,3.6337554237631937,2.7641896601064984
9861,20260729_isolated_FBs_usual_006_C2_segmentation,83,spore,15.301456965085501,15.301456965085501,40.82183204290335,0.7301523540840251,4.05345481627178,2.652764536531168
9862,20260729_isolated_FBs_usual_006_C2_segmentation,84,spore,11.0948708578455,11.0948708578455,30.822523395247913,0.7804841740402445,4.05842045937372,2.2242081760859245
9863,20260729_isolated_FBs_usual_006_C2_segmentation,85,spore,20.191613314752,20.191613314752,68.73825826458221,0.5216745074803066,5.093451603709336,2.5049574396106715
9864,20260729_isolated_FBs_usual_006_C2_segmentation,86,spore,15.43291278093675,15.43291278093675,35.9066188706356,0.8348495429683084,4.529836951357601,2.5015433171254218
9865,20260729_isolated_FBs_usual_006_C2_segmentation,87,spore,16.11648302336325,16.11648302336325,44.393139155017735,0.6950485126377162,4.058479854274817,2.7879684909389018
9866,20260729_isolated_FBs_usual_006_C2_segmentation,88,spore,16.06390069702275,16.06390069702275,40.311369927175335,0.7637605829268296,4.191822868800722,2.715134017896966
9867,20260729_isolated_FBs_usual_006_C2_segmentation,89,spore,15.6169509231285,15.6169509231285,38.709979784716666,0.7805343318885829,3.9616852567650356,2.757223924935834
9868,20260729_isolated_FBs_usual_006_C2_segmentation,90,spore,16.22164767604425,16.22164767604425,45.631515401211644,0.6791242042022447,4.329660227070038,2.688760601489095
9869,20260729_isolated_FBs_usual_006_C2_segmentation,91,spore,22.47894451056375,22.47894451056375,62.11224139694729,0.6201416014042402,5.334974541264685,2.372596531232849
9870,20260729_isolated_FBs_usual_006_C2_segmentation,92,spore,14.249810438275501,14.249810438275501,34.2235138265133,0.8305496217431838,4.20013233808706,2.547118848252769
9871,20260729_isolated_FBs_usual_006_C2_segmentation,93,spore,17.7202439767485,17.7202439767485,41.83765992296818,0.7856513668643818,4.446857882486322,2.6913964639789016
9872,20260729_isolated_FBs_usual_006_C2_segmentation,94,spore,15.7221155758095,15.7221155758095,39.52328011302716,0.7679008243722755,4.524664222751364,2.5493670599804292
9873,20260729_isolated_FBs_usual_006_C2_segmentation,95,spore,15.59065975995825,15.59065975995825,36.435966194323505,0.8283174868224631,3.6779423336965413,2.8292368410781035
9874,20260729_isolated_FBs_usual_006_C2_segmentation,96,spore,15.827280228490501,15.827280228490501,39.58322364103684,0.7701532615074212,3.996163367381105,2.7611688291129206
9875,20260729_isolated_FBs_usual_006_C2_segmentation,97,spore,15.748406738979751,15.748406738979751,36.48155855049629,0.8328532586099018,3.8485038409685113,2.781088428381741
9876,20260729_isolated_FBs_usual_006_C2_segmentation,98,spore,14.80192486485075,14.80192486485075,37.80151682898054,0.7712355284978201,4.498396290633665,2.4794825973069794
9878,20260729_isolated_FBs_usual_006_C2_segmentation,100,spore,13.355910890487001,13.355910890487001,32.38548087382155,0.8405872202770501,3.6486736857022857,2.5560744996967975
9879,20260729_isolated_FBs_usual_006_C2_segmentation,101,spore,12.987834606103501,12.987834606103501,34.45683535762929,0.7754728006077711,4.246435044220837,2.385207711992263
9880,20260729_isolated_FBs_usual_006_C2_segmentation,102,spore,15.64324208629875,15.64324208629875,43.200724697858284,0.7001819911884217,4.249211190665609,2.6552171609565303
9881,20260729_isolated_FBs_usual_006_C2_segmentation,103,spore,18.74559934038825,18.74559934038825,55.87741377548352,0.6107273664722888,3.8611249564213437,3.0449671526625592
9882,20260729_isolated_FBs_usual_006_C2_segmentation,104,spore,14.486430906807751,14.486430906807751,34.93469521396939,0.8226241065399927,4.210646521929061,2.519061263750315
9883,20260729_isolated_FBs_usual_006_C2_segmentation,105,spore,16.43197698140625,16.43197698140625,41.46905818977882,0.753736993336061,3.8799155175609457,2.8762387567416554
9884,20260729_isolated_FBs_usual_006_C2_segmentation,106,spore,15.222583475574751,15.222583475574751,35.8307370325078,0.8289989090663358,3.9418559144217884,2.691355554426257
9885,20260729_isolated_FBs_usual_006_C2_segmentation,107,spore,20.875183557178502,20.875183557178502,72.33488960797294,0.5068621212268701,4.250655509514223,3.250629422372978
9886,20260729_isolated_FBs_usual_006_C2_segmentation,108,spore,16.195356512874,16.195356512874,40.432062845949865,0.7656293378699004,4.427277998048298,2.5583273913122184
9887,20260729_isolated_FBs_usual_006_C2_segmentation,109,spore,14.3549750909565,14.3549750909565,34.96354227388513,0.8169653941232846,4.408000331591887,2.448644911378708
9888,20260729_isolated_FBs_usual_006_C2_segmentation,110,spore,12.7775053007415,12.7775053007415,31.679166268858104,0.8343362140114113,3.6266878287271407,2.5728287892552357
9889,20260729_isolated_FBs_usual_006_C2_segmentation,111,spore,15.69582441263925,15.69582441263925,44.38740714952197,0.6829890937586977,3.622461121320428,2.9758995878050456
9890,20260729_isolated_FBs_usual_006_C2_segmentation,112,spore,14.80192486485075,14.80192486485075,35.6230288503278,0.8183996069539656,4.406415892285441,2.4899184788823283
9891,20260729_isolated_FBs_usual_006_C2_segmentation,113,spore,15.80098906532025,15.80098906532025,36.59520149764097,0.8321140022115346,4.510715207713075,2.5713596103036047
9892,20260729_isolated_FBs_usual_006_C2_segmentation,114,spore,16.06390069702275,16.06390069702275,38.9630427353333,0.79019073544373,4.02549698779803,2.7686459348941015
9893,20260729_isolated_FBs_usual_006_C2_segmentation,115,spore,12.093935058315001,12.093935058315001,29.453513379554856,0.8650849806929328,3.563131012487838,2.5091432601698695
9894,20260729_isolated_FBs_usual_006_C2_segmentation,116,spore,16.01131837068225,16.01131837068225,37.527557829348964,0.818625402672198,4.160002287919296,2.6812702033589875
9895,20260729_isolated_FBs_usual_006_C2_segmentation,117,spore,14.53901323314825,14.53901323314825,38.68070241736865,0.7447543702954784,4.4964467021118875,2.4456138465778157
9896,20260729_isolated_FBs_usual_006_C2_segmentation,118,spore,12.48830250586875,12.48830250586875,33.41634728375458,0.7789819994107281,4.132268145847154,2.4101988369667335
9897,20260729_isolated_FBs_usual_006_C2_segmentation,119,spore,16.11648302336325,16.11648302336325,34.998024508589836,0.8816321999386326,3.5847586566388783,2.9111347444354765
9898,20260729_isolated_FBs_usual_006_C2_segmentation,120,spore,6.9934494032865,6.9934494032865,22.702005540537094,0.7790180561977629,2.88834818086581,1.9097224912839235
9899,20260729_isolated_FBs_usual_006_C2_segmentation,121,spore,7.4141080140105,7.4141080140105,16.463956697514188,1.1168354274876986,3.568697699446157,1.7354844093522603
9900,20260729_isolated_FBs_usual_006_C2_segmentation,122,spore,8.7812484988635,8.7812484988635,29.516654535692254,0.6973559387252614,3.4372039998063175,2.2239302159434504
9901,20260729_isolated_FBs_usual_006_C2_segmentation,123,spore,12.514593669039,12.514593669039,29.92649339617862,0.8710427322724611,3.585284828151371,2.5803401562800428
9902,20260729_isolated_FBs_usual_006_C2_segmentation,124,spore,14.249810438275501,14.249810438275501,32.71962736646057,0.8687240274768455,3.6181874872558923,2.6983893141642383
9903,20260729_isolated_FBs_usual_006_C2_segmentation,125,spore,12.015061568804251,12.015061568804251,29.604581363173715,0.8569244493695316,3.581722993189849,2.490063173418762
9904,20260729_isolated_FBs_usual_006_C2_segmentation,126,spore,14.8807983543615,14.8807983543615,33.843205961165935,0.8644969167200914,3.6132223652103352,2.7594910255983094
9909,20260729_isolated_FBs_usual_006_C2_segmentation,131,spore,11.59440295808025,11.59440295808025,30.62385346794563,0.8089528569096339,3.5785229121392943,2.387179632296384
9910,20260729_isolated_FBs_usual_006_C2_segmentation,132,spore,13.723987174870501,13.723987174870501,31.804648626327534,0.8715929825046517,3.604773014247328,2.594668134129182
9911,20260729_isolated_FBs_usual_006_C2_segmentation,133,spore,9.8328950256735,9.8328950256735,29.224354809171075,0.7594982794494203,3.3605850368609715,2.3616160134290247
9912,20260729_isolated_FBs_usual_006_C2_segmentation,134,spore,21.874247757648,21.874247757648,59.15547429691149,0.6394078074658701,5.277448944548008,2.5263113040828697
9913,20260729_isolated_FBs_usual_006_C2_segmentation,135,spore,12.540884832209251,12.540884832209251,29.98154906920563,0.870660502015344,3.567131116449208,2.5319127793838474
9914,20260729_isolated_FBs_usual_006_C2_segmentation,136,spore,8.833830825204,8.833830825204,28.737354974827756,0.7191233388857119,3.414974398605304,2.22760969348764
9915,20260729_isolated_FBs_usual_006_C2_segmentation,137,spore,9.569983393971,9.569983393971,26.05514460849798,0.8366261328106581,3.4561931311028724,2.2497147973156055
9916,20260729_isolated_FBs_usual_006_C2_segmentation,138,spore,5.33710612356075,5.33710612356075,21.148941497407343,0.6983385994806576,2.4647501878310396,1.9927743032128962
9917,20260729_isolated_FBs_usual_006_C2_segmentation,139,spore,8.518336867161,8.518336867161,23.909665102129622,0.8436205919461125,3.3974780797924957,2.1648656311337153
9918,20260729_isolated_FBs_usual_006_C2_segmentation,140,spore,15.59065975995825,15.59065975995825,34.397812039531864,0.8773973156590634,3.5937828096591127,2.853589890538709
9919,20260729_isolated_FBs_usual_006_C2_segmentation,141,spore,7.6244373193725,7.6244373193725,25.22527489719758,0.7426543838861145,3.304738524355808,1.9109221904917129
9921,20260729_isolated_FBs_usual_006_C2_segmentation,143,spore,9.149324783247,9.149324783247,25.060146017334688,0.8441634743649273,3.346558654803226,2.219933021175463
9922,20260729_isolated_FBs_usual_006_C2_segmentation,144,spore,8.2554252354585,8.2554252354585,28.966885152482593,0.6819333959594275,3.3796984896958153,2.1702884137225316
9923,20260729_isolated_FBs_usual_006_C2_segmentation,145,spore,6.33617032403025,6.33617032403025,19.147839080911517,0.8647998074038483,2.3323187707733233,2.193734443015313
9924,20260729_isolated_FBs_usual_006_C2_segmentation,146,spore,14.8807983543615,14.8807983543615,33.472578865207346,0.8740691096186244,3.5564222985032776,2.70877607102724
9925,20260729_isolated_FBs_usual_006_C2_segmentation,147,spore,14.092063459254,14.092063459254,32.08848207460573,0.8792614065651958,3.5978441289392356,2.6983765556746437
9926,20260729_isolated_FBs_usual_006_C2_segmentation,148,spore,12.935252279763,12.935252279763,31.01405755159866,0.8592287593016106,3.6123330757713887,2.5926134692624263
9927,20260729_isolated_FBs_usual_006_C2_segmentation,149,spore,7.4666903403510005,7.4666903403510005,26.27593628309942,0.7030906968349815,2.6963579403442246,2.3220146878914796
9928,20260729_isolated_FBs_usual_006_C2_segmentation,150,spore,15.4066216177665,15.4066216177665,34.03130822881879,0.8798536182195988,3.5796534881836735,2.824659437472804
9929,20260729_isolated_FBs_usual_006_C2_segmentation,151,spore,10.70050341029175,10.70050341029175,31.419833610178202,0.7473941889275441,3.4115051483078926,2.439439600821629
9930,20260729_isolated_FBs_usual_006_C2_segmentation,152,spore,11.778441100272001,11.778441100272001,29.106259917792144,0.860114490269654,3.5857609863233217,2.4652916723417806
9931,20260729_isolated_FBs_usual_006_C2_segmentation,153,spore,15.17000114923425,15.17000114923425,33.53786518252251,0.8836340697474667,3.567125650555711,2.789557745421075
9932,20260729_isolated_FBs_usual_006_C2_segmentation,154,spore,13.38220205365725,13.38220205365725,31.39581869922559,0.8682218286075608,3.5628906542918033,2.6076174696307945
9933,20260729_isolated_FBs_usual_006_C2_segmentation,155,spore,10.884541552483501,10.884541552483501,28.234663125884765,0.8412174541620332,3.501884821533533,2.3308385204949853
9934,20260729_isolated_FBs_usual_006_C2_segmentation,156,spore,15.95873604434175,15.95873604434175,34.96213438118836,0.8767689901656036,3.5650042960428805,2.8916109260706624
9935,20260729_isolated_FBs_usual_006_C2_segmentation,157,spore,8.1502605827775,8.1502605827775,26.601331983903673,0.7362552492802759,3.1213786195550326,2.2164140371814502
9936,20260729_isolated_FBs_usual_006_C2_segmentation,158,spore,12.17280854782575,12.17280854782575,29.455755927801007,0.8687759958836517,3.595276507951537,2.4970847443389377
9937,20260729_isolated_FBs_usual_006_C2_segmentation,159,spore,13.040416932444,13.040416932444,30.676143929693946,0.8733956188317787,3.5898070365206385,2.599614647976079
9939,20260729_isolated_FBs_usual_006_C2_segmentation,161,spore,10.831959226143,10.831959226143,27.46270369419924,0.8620759135337762,3.5984413636783463,2.309487266894694
9940,20260729_isolated_FBs_usual_006_C2_segmentation,162,spore,14.828216028021,14.828216028021,33.17765882556549,0.8797602267038283,3.6014711472302374,2.7382034541656
9941,20260729_isolated_FBs_usual_006_C2_segmentation,163,spore,14.43384858046725,14.43384858046725,32.72024477800976,0.8761712743295592,3.5969028051361382,2.763255252449837
9942,20260729_isolated_FBs_usual_006_C2_segmentation,164,spore,14.249810438275501,14.249810438275501,32.55041290175378,0.8732401198450471,3.571383073240708,2.7399708606729685
9943,20260729_isolated_FBs_usual_006_C2_segmentation,165,spore,10.75308573663225,10.75308573663225,27.857287948887564,0.8457344670486348,3.3951045656974133,2.386102066543417
9944,20260729_isolated_FBs_usual_006_C2_segmentation,166,spore,12.724922974401,12.724922974401,30.221654845493074,0.8721730400783841,3.567550576992744,2.5730395212477384
9945,20260729_isolated_FBs_usual_006_C2_segmentation,167,spore,14.59159555948875,14.59159555948875,34.727447269468314,0.831533569004832,3.564909060752287,2.768598445340114
9946,20260729_isolated_FBs_usual_006_C2_segmentation,168,spore,14.43384858046725,14.43384858046725,36.28989169122594,0.7899868869119636,3.585271266565236,2.752264223145911
9947,20260729_isolated_FBs_usual_006_C2_segmentation,169,spore,11.489238305399251,11.489238305399251,28.69312046217322,0.8581578268989138,3.5782402976560403,2.471923685459486
9948,20260729_isolated_FBs_usual_006_C2_segmentation,170,spore,7.256361034989,7.256361034989,20.63074094102545,0.8785811620941817,2.430236354604965,2.2550784931378876
9949,20260729_isolated_FBs_usual_006_C2_segmentation,171,spore,13.67140484853,13.67140484853,31.561403465374703,0.8760655046451388,3.602026305380802,2.6931472247785258
9950,20260729_isolated_FBs_usual_006_C2_segmentation,172,spore,9.464818741290001,9.464818741290001,29.871893676549305,0.7243740835729932,3.391391084133001,2.318927622585829
9951,20260729_isolated_FBs_usual_006_C2_segmentation,173,spore,13.461075543168,13.461075543168,31.55161922099804,0.8673258960381167,3.6044334016938,2.618243195987511
9952,20260729_isolated_FBs_usual_006_C2_segmentation,174,spore,11.331491326377751,11.331491326377751,32.754481740316976,0.7448544889632687,3.4474829813749177,2.4783285066074603
9953,20260729_isolated_FBs_usual_006_C2_segmentation,175,spore,10.831959226143,10.831959226143,27.935838056334013,0.8474753944214071,3.4645707814732316,2.3933029252793525
9954,20260729_isolated_FBs_usual_006_C2_segmentation,176,spore,11.331491326377751,11.331491326377751,28.282735640297595,0.8626224516690283,3.467130198110005,2.450704941156952
9955,20260729_isolated_FBs_usual_006_C2_segmentation,177,spore,12.64604948489025,12.64604948489025,30.373823650409435,0.8642138895720308,3.6065697487605486,2.5178040843062477
9956,20260729_isolated_FBs_usual_006_C2_segmentation,178,spore,9.149324783247,9.149324783247,25.58374391274102,0.8268867919503472,2.7573535060336463,2.477512336478992
9957,20260729_isolated_FBs_usual_006_C2_segmentation,179,spore,13.040416932444,13.040416932444,30.7861441621912,0.870274938287069,3.558530571852325,2.6328584832338655
9958,20260729_isolated_FBs_usual_006_C2_segmentation,180,spore,12.6723406480605,12.6723406480605,30.37522890650054,0.865371239847329,3.545812033646829,2.4938979739559444
9959,20260729_isolated_FBs_usual_006_C2_segmentation,181,spore,11.357782489548,11.357782489548,28.095536541160655,0.8697127278214294,3.522333331074138,2.4760814223330283
9960,20260729_isolated_FBs_usual_006_C2_segmentation,182,spore,10.069515494205751,10.069515494205751,28.565209363836694,0.7894399421630234,3.296829328611602,2.451622966147673
9961,20260729_isolated_FBs_usual_006_C2_segmentation,183,spore,15.27516580191525,15.27516580191525,34.91803753163665,0.8526253726005422,3.588904612721304,2.827069321885832
9962,20260729_isolated_FBs_usual_006_C2_segmentation,184,spore,11.59440295808025,11.59440295808025,28.375839955068294,0.8730403678517996,3.529153089722827,2.444205505375884
9963,20260729_isolated_FBs_usual_006_C2_segmentation,185,spore,13.355910890487001,13.355910890487001,31.03047955611536,0.8772929627410887,3.5982043987646537,2.6283351008362503
9964,20260729_isolated_FBs_usual_006_C2_segmentation,186,spore,15.80098906532025,15.80098906532025,34.52812980861637,0.8819295962082645,3.5793198139229374,2.8484713888083846
9965,20260729_isolated_FBs_usual_006_C2_segmentation,187,spore,15.17000114923425,15.17000114923425,33.768565590456255,0.8775972500961011,3.588373659934575,2.8120465608787093
9966,20260729_isolated_FBs_usual_006_C2_segmentation,188,spore,11.17374434735625,11.17374434735625,27.91969960165666,0.8657102049041616,3.5375447617443965,2.4120391000266275
9967,20260729_isolated_FBs_usual_006_C2_segmentation,189,spore,10.22726247322725,10.22726247322725,26.197096416753418,0.8697689517976449,3.4780125126142627,2.303998109399021
9968,20260729_isolated_FBs_usual_006_C2_segmentation,190,spore,11.489238305399251,11.489238305399251,28.902933368239403,0.8519282658633216,3.5702151894561704,2.44379388235425
9969,20260729_isolated_FBs_usual_006_C2_segmentation,191,spore,7.9399312774155,7.9399312774155,22.37598534891304,0.8601610730393193,2.5562927233638084,2.273642826121731
9970,20260729_isolated_FBs_usual_006_C2_segmentation,192,spore,15.248874638745,15.248874638745,70.58343197452771,0.42131463894993615,5.563865143765565,2.8724959234886347
9971,20260729_isolated_FBs_usual_006_C2_segmentation,193,spore,10.9897062051645,10.9897062051645,27.751262132374208,0.8613746894084555,3.4884643670961952,2.405229975019202
9972,20260729_isolated_FBs_usual_006_C2_segmentation,194,spore,9.149324783247,9.149324783247,27.660030899291407,0.7648169305055834,2.983523406349852,2.409901208534995
9973,20260729_isolated_FBs_usual_006_C2_segmentation,195,spore,11.01599736833475,11.01599736833475,27.738875079436184,0.863133213681949,3.5624106581277863,2.398117342480116
9974,20260729_isolated_FBs_usual_006_C2_segmentation,196,spore,13.22445507463575,13.22445507463575,31.247354449053464,0.8654780563669389,3.5517484002984188,2.592358883151411
9975,20260729_isolated_FBs_usual_006_C2_segmentation,197,spore,12.43572017952825,12.43572017952825,30.197994205453007,0.8595806975371373,3.5628561767236344,2.531106330344591
9976,20260729_isolated_FBs_usual_006_C2_segmentation,198,spore,7.677019645713,7.677019645713,21.9745870850616,0.8564299292241454,2.5298474855191166,2.31483401375672
9977,20260729_isolated_FBs_usual_006_C2_segmentation,199,spore,14.06577229608375,14.06577229608375,32.07639145858387,0.8784984668672194,3.6011766448471216,2.702581254799306
9978,20260729_isolated_FBs_usual_006_C2_segmentation,200,spore,8.308007561799,8.308007561799,24.16872941550544,0.8207827623883734,3.2847576835303323,2.1525880003483753
9979,20260729_isolated_FBs_usual_006_C2_segmentation,201,spore,14.27610160144575,14.27610160144575,33.05365135280023,0.861002546694297,3.5690134040770216,2.706680222509713
9980,20260729_isolated_FBs_usual_006_C2_segmentation,202,spore,13.48736670633825,13.48736670633825,31.424468940280605,0.8719688178113701,3.546981482160221,2.6672953530527503
9981,20260729_isolated_FBs_usual_006_C2_segmentation,203,spore,10.095806657376,10.095806657376,27.670766661411882,0.8163761006884173,3.365772834070918,2.3613837608651305
9982,20260729_isolated_FBs_usual_006_C2_segmentation,204,spore,12.6723406480605,12.6723406480605,30.10715296165594,0.8730765586816561,3.582331465690535,2.577477997254097
9985,20260729_isolated_FBs_usual_006_C2_segmentation,207,spore,16.58972396042775,16.58972396042775,35.68929584121427,0.8813983876253298,3.5734552831723634,2.9291527239174284
9986,20260729_isolated_FBs_usual_006_C2_segmentation,208,spore,9.569983393971,9.569983393971,33.00610999583667,0.6604357458779525,3.305939172337484,2.3198729954901007
9987,20260729_isolated_FBs_usual_006_C2_segmentation,209,spore,14.72305137534,14.72305137534,33.10270627637793,0.8775782323019886,3.591480573160825,2.758421764970286
9988,20260729_isolated_FBs_usual_006_C2_segmentation,210,spore,15.6169509231285,15.6169509231285,35.22967585562141,0.8576425265026449,3.58122124903702,2.8568796959553318
9989,20260729_isolated_FBs_usual_006_C2_segmentation,211,spore,16.537141634087252,16.537141634087252,43.260017927505764,0.7256118947749315,3.5645466199607716,2.9969706586998317
9990,20260729_isolated_FBs_usual_006_C2_segmentation,212,spore,12.1465173846555,12.1465173846555,29.51324366514104,0.8658347892344932,3.5985821224159205,2.507931125889931
9991,20260729_isolated_FBs_usual_006_C2_segmentation,213,spore,11.64698528442075,11.64698528442075,28.510531931916727,0.871540999297782,3.5800690129364057,2.4725333453991962
9992,20260729_isolated_FBs_usual_006_C2_segmentation,214,spore,15.64324208629875,15.64324208629875,34.979567052737266,0.8647439630720704,3.570027487434729,2.8574827966226333
9993,20260729_isolated_FBs_usual_006_C2_segmentation,215,spore,13.723987174870501,13.723987174870501,33.57550415601113,0.8256230025594526,3.7779933941076633,2.6319153926244456
9994,20260729_isolated_FBs_usual_006_C2_segmentation,216,spore,19.376587256474252,19.376587256474252,47.441291955668596,0.7353811202914959,4.724046703653763,2.5282782286135843
9995,20260729_isolated_FBs_usual_006_C2_segmentation,217,spore,12.22539087416625,12.22539087416625,29.64340344514727,0.8657607550009709,3.542756875827946,2.5418620736250714
9996,20260729_isolated_FBs_usual_006_C2_segmentation,218,spore,10.7793768998025,10.7793768998025,34.41898396903869,0.6856174301935334,3.3090515136760037,2.449646465261506
9997,20260729_isolated_FBs_usual_006_C2_segmentation,219,spore,8.75495733569325,8.75495733569325,28.45970921900668,0.7218102119837012,3.283151583148373,2.3002547097574495
9998,20260729_isolated_FBs_usual_006_C2_segmentation,220,spore,7.9925136037560005,7.9925136037560005,22.41347250930915,0.862509526208793,2.5857463432938044,2.282620728827864
9999,20260729_isolated_FBs_usual_006_C2_segmentation,221,spore,13.461075543168,13.461075543168,31.55474885027878,0.8672398738506778,3.5800357662793663,2.6393985137507907
10000,20260729_isolated_FBs_usual_006_C2_segmentation,222,spore,11.17374434735625,11.17374434735625,27.808714353239047,0.8691652751720095,3.559984296387882,2.4207158363561483
10001,20260729_isolated_FBs_usual_006_C2_segmentation,223,spore,16.43197698140625,16.43197698140625,35.68426838111358,0.8759255732138014,3.5916471964021515,2.9291347535639662
10002,20260729_isolated_FBs_usual_006_C2_segmentation,224,spore,8.833830825204,8.833830825204,25.088128971533486,0.8237243472277513,3.31499783240879,2.224536007970295
10003,20260729_isolated_FBs_usual_006_C2_segmentation,225,spore,7.59814615620225,7.59814615620225,22.732855722001965,0.8221831229589642,3.1002361005744183,2.1324206269507195
10005,20260729_isolated_FBs_usual_006_C2_segmentation,227,spore,14.4601397436375,14.4601397436375,33.45638001041833,0.8579332562178177,3.6305169952705927,2.749972042726307
10006,20260729_isolated_FBs_usual_006_C2_segmentation,228,spore,13.17187274829525,13.17187274829525,31.073941657759622,0.8679994755062294,3.5718142925096403,2.5904738158945717
10008,20260729_isolated_FBs_usual_006_C2_segmentation,230,spore,13.566240195849,13.566240195849,32.05227053827903,0.8582193973429193,3.606684085758091,2.5979405484546434
10009,20260729_isolated_FBs_usual_006_C2_segmentation,231,spore,13.040416932444,13.040416932444,30.825238110966435,0.8691712165985199,3.5853911330744963,2.585344966475733
10010,20260729_isolated_FBs_usual_006_C2_segmentation,232,spore,12.27797320050675,12.27797320050675,29.755195621181755,0.8649794082270401,3.589688122182373,2.4850865688973602
10011,20260729_isolated_FBs_usual_006_C2_segmentation,233,spore,9.569983393971,9.569983393971,25.805369334140998,0.8447240026435279,3.410688235881608,2.2827825713198555
10012,20260729_isolated_FBs_usual_006_C2_segmentation,234,spore,10.22726247322725,10.22726247322725,32.01364339861781,0.7117409539060843,3.3446016758317976,2.4125099941607675
10013,20260729_isolated_FBs_usual_006_C2_segmentation,235,spore,8.9915778042255,8.9915778042255,30.78744995084729,0.6792052122382,3.224768631171265,2.3635023571183496
10014,20260729_isolated_FBs_usual_006_C2_segmentation,236,spore,16.510850470917,16.510850470917,35.41943536560596,0.8852965810449043,3.5870297190412015,2.9501850008827235
10015,20260729_isolated_FBs_usual_006_C2_segmentation,237,spore,7.0986140559675,7.0986140559675,23.113508385582744,0.7728003246142985,2.8342390263629884,2.118770989557214
10016,20260729_isolated_FBs_usual_006_C2_segmentation,238,spore,9.675148046652,9.675148046652,29.038358392833985,0.7561659946721524,3.4775092298275014,2.307576135665141
10017,20260729_isolated_FBs_usual_006_C2_segmentation,239,spore,13.355910890487001,13.355910890487001,31.182953628767144,0.8730032975435469,3.55405518737342,2.66339263824851
10018,20260729_isolated_FBs_usual_006_C2_segmentation,240,spore,11.2000355105265,11.2000355105265,28.550565624752913,0.8479085364703322,3.554512585975754,2.41303102869246
10019,20260729_isolated_FBs_usual_006_C2_segmentation,241,spore,14.22351927510525,14.22351927510525,32.450820946928744,0.8748423800666955,3.6084694925040095,2.726018940508883
10020,20260729_isolated_FBs_usual_006_C2_segmentation,242,spore,8.202842909118,8.202842909118,27.705673698294362,0.7099454919291528,3.397670596499778,2.1348087811760155
10021,20260729_isolated_FBs_usual_006_C2_segmentation,243,spore,13.0929992587845,13.0929992587845,30.838238192937677,0.8711387412527056,3.602710329114358,2.613068426970406
10022,20260729_isolated_FBs_usual_006_C2_segmentation,244,spore,14.328683927786251,14.328683927786251,32.80615134465463,0.8696270542478742,3.6320937169364367,2.714083484774544
10023,20260729_isolated_FBs_usual_006_C2_segmentation,245,spore,10.33242712590825,10.33242712590825,26.42671836539794,0.8681120582917096,3.488964050667148,2.326236596251744
10024,20260729_isolated_FBs_usual_006_C2_segmentation,246,spore,11.121162021015751,11.121162021015751,29.514932625236586,0.8163488279849132,3.4220025955966102,2.4735716150380496
10025,20260729_isolated_FBs_usual_006_C2_segmentation,247,spore,10.6742122471215,10.6742122471215,27.881689396666136,0.8408572293035302,3.5250342103654297,2.3792164599613903
10026,20260729_isolated_FBs_usual_006_C2_segmentation,248,spore,13.513657869508501,13.513657869508501,31.456617075407387,0.8722093176305443,3.6160543592218697,2.6520646278872535
10027,20260729_isolated_FBs_usual_006_C2_segmentation,249,spore,10.595338757610751,10.595338757610751,26.92752637739973,0.8663583435836544,3.528206994882149,2.330484884700924
10028,20260729_isolated_FBs_usual_006_C2_segmentation,250,spore,10.70050341029175,10.70050341029175,27.377303927577152,0.8577543325463507,3.4731825025088097,2.367156084757085
10029,20260729_isolated_FBs_usual_006_C2_segmentation,251,spore,6.7831200979245,6.7831200979245,23.220391676550648,0.7462784848079997,2.8375121621458637,2.0983142301404785
10030,20260729_isolated_FBs_usual_006_C2_segmentation,252,spore,7.70331080888325,7.70331080888325,21.422873777021064,0.8804905032293366,2.510196729090124,2.225107475847409
10031,20260729_isolated_FBs_usual_006_C2_segmentation,253,spore,6.204714508179,6.204714508179,18.425192226068496,0.8862439824533885,2.2822145749631577,2.155774581923241
10055,20260729_isolated_FBs_usual_006_C2_segmentation,13,vc,21.95312124715875,21.95312124715875,153.01084861015556,0.24779512120509217,9.014500572221879,2.9440804156872717
10056,20260729_isolated_FBs_usual_006_C2_segmentation,14,vc,21.6113361259455,21.6113361259455,163.38278169273715,0.22964954217322672,8.09145628597175,3.1871525865312424
10209,20260729_isolated_FBs_usual_008_C2_segmentation,1,spore,25.081769664418502,25.081769664418502,67.8103428169217,0.6110737593106355,6.087020736284024,2.7340694876247253
10210,20260729_isolated_FBs_usual_008_C2_segmentation,2,spore,15.906153718001251,15.906153718001251,42.95826407960751,0.7120014058774161,4.739293815263805,2.5284867452402247
10211,20260729_isolated_FBs_usual_008_C2_segmentation,3,spore,16.95780024481125,16.95780024481125,36.68756033703263,0.8700515166880242,3.593744192481561,2.976545696025719
10212,20260729_isolated_FBs_usual_008_C2_segmentation,4,spore,16.1427741865335,16.1427741865335,44.28343011590249,0.697528010879345,4.881964243082667,2.5071402761994688
10214,20260729_isolated_FBs_usual_008_C2_segmentation,6,spore,12.462011342698501,12.462011342698501,39.53858294145859,0.6574384788997789,4.340270474961921,2.3919248570474334
10215,20260729_isolated_FBs_usual_008_C2_segmentation,7,spore,19.2977137669635,19.2977137669635,52.532753137817025,0.6623047496210209,5.401245006038592,2.7029245191860864
10216,20260729_isolated_FBs_usual_008_C2_segmentation,8,spore,15.538077433617751,15.538077433617751,41.45465111962339,0.7263997972057261,4.869170906078157,2.476041461825952
10218,20260729_isolated_FBs_usual_008_C2_segmentation,10,spore,12.409429016358,12.409429016358,31.74983416107538,0.8164141615820533,4.2997365895136195,2.351463268396299
10219,20260729_isolated_FBs_usual_008_C2_segmentation,11,spore,7.046031729627,7.046031729627,28.124568798820977,0.6319673598594874,3.6327711228272186,1.959989455073203
10220,20260729_isolated_FBs_usual_008_C2_segmentation,12,spore,10.85825038931325,10.85825038931325,32.53253798283532,0.7289080508952812,4.215852042618046,2.228098217261483
10227,20260729_isolated_FBs_usual_008_C2_segmentation,19,spore,15.827280228490501,15.827280228490501,36.57475984092372,0.8335023639447706,4.193675486917393,2.6535288694042163
10228,20260729_isolated_FBs_usual_008_C2_segmentation,20,spore,15.80098906532025,15.80098906532025,36.597009777667395,0.832072886963621,3.6949976903210207,2.8262650270123637
10229,20260729_isolated_FBs_usual_008_C2_segmentation,21,spore,16.64230628676825,16.64230628676825,96.18254503300355,0.32774056671419693,7.090073001363857,2.7715585845677833
10230,20260729_isolated_FBs_usual_008_C2_segmentation,22,spore,15.69582441263925,15.69582441263925,35.97695169048615,0.8426537980250068,3.6964381659927366,2.8250089056761176
10231,20260729_isolated_FBs_usual_008_C2_segmentation,23,spore,19.7183723776875,19.7183723776875,91.00466583139037,0.38785361277443725,5.880890362964335,2.98789118171625
10232,20260729_isolated_FBs_usual_008_C2_segmentation,24,spore,7.913640114245251,7.913640114245251,71.72080181317634,0.26776667087034683,5.016698274325998,2.9812802271790457
10234,20260729_isolated_FBs_usual_008_C2_segmentation,26,spore,15.038545333383,15.038545333383,35.68787821089356,0.8255954342816861,3.9827663381129716,2.66477730384287
10235,20260729_isolated_FBs_usual_008_C2_segmentation,27,spore,11.883605752953,11.883605752953,47.36684997880718,0.5316695371429884,3.776673225253593,2.543106378801369
10236,20260729_isolated_FBs_usual_008_C2_segmentation,28,spore,17.85169979259975,17.85169979259975,45.46587564151548,0.7265267590688952,4.378768145810439,2.786129014291132
10237,20260729_isolated_FBs_usual_008_C2_segmentation,29,spore,13.1981639114655,13.1981639114655,53.69864642731022,0.5029557732465899,3.4762480578773656,2.921427812362256
10238,20260729_isolated_FBs_usual_008_C2_segmentation,30,spore,15.6169509231285,15.6169509231285,34.44120172484322,0.8772768282034129,3.5952866243022634,2.8281980891150886
10239,20260729_isolated_FBs_usual_008_C2_segmentation,31,spore,11.80473226344225,11.80473226344225,28.603907778359936,0.8765220578600065,3.579146208477716,2.478911133086025
10240,20260729_isolated_FBs_usual_008_C2_segmentation,32,spore,12.0413527319745,12.0413527319745,29.23486557244562,0.8690268781706465,3.511617419769428,2.527312175760008
10241,20260729_isolated_FBs_usual_008_C2_segmentation,33,spore,11.489238305399251,11.489238305399251,37.66350549794245,0.6537688294604571,3.5183920368357016,2.5723786669189463
10242,20260729_isolated_FBs_usual_008_C2_segmentation,34,spore,10.91083271565375,10.91083271565375,31.813642563428516,0.7477836960579051,3.6082272245607667,2.3547048903664805
10243,20260729_isolated_FBs_usual_008_C2_segmentation,35,spore,15.091127659723501,15.091127659723501,34.931744933959806,0.8454312681198414,3.5816079755009174,2.8274511734429453
10244,20260729_isolated_FBs_usual_008_C2_segmentation,36,spore,7.6244373193725,7.6244373193725,24.05386641355968,0.7788211951063124,3.0376860924267306,2.161747302150459
10245,20260729_isolated_FBs_usual_008_C2_segmentation,37,spore,12.462011342698501,12.462011342698501,33.47138169929718,0.7766092855208034,3.6268198571548282,2.490650768301409
10246,20260729_isolated_FBs_usual_008_C2_segmentation,38,spore,12.724922974401,12.724922974401,35.838183927391626,0.7354868381778449,3.4579497263470023,2.610819682108631
10247,20260729_isolated_FBs_usual_008_C2_segmentation,39,spore,13.960607643402751,13.960607643402751,43.436540213858606,0.6455032697325781,3.958507394246286,2.66607019767647
10248,20260729_isolated_FBs_usual_008_C2_segmentation,40,spore,13.355910890487001,13.355910890487001,33.101548507428234,0.8224032582328353,3.5607353299085447,2.6693080502149344
10249,20260729_isolated_FBs_usual_008_C2_segmentation,41,spore,15.80098906532025,15.80098906532025,47.549758494945976,0.6404108147715667,4.058661121654874,2.76593894380748
10250,20260729_isolated_FBs_usual_008_C2_segmentation,42,spore,9.149324783247,9.149324783247,25.741077956331665,0.8218327129102251,3.1934084217795182,2.332791694745468
10251,20260729_isolated_FBs_usual_008_C2_segmentation,43,spore,14.828216028021,14.828216028021,44.148316112831196,0.6611437812324283,4.1088768775381315,2.3170141887235154
10252,20260729_isolated_FBs_usual_008_C2_segmentation,44,spore,12.540884832209251,12.540884832209251,35.79299901927763,0.7292976637619304,3.7249177737179013,2.558046523027138
10253,20260729_isolated_FBs_usual_008_C2_segmentation,45,spore,13.355910890487001,13.355910890487001,31.806985119972822,0.8558755645145059,3.512113780318002,2.6681848770849736
10254,20260729_isolated_FBs_usual_008_C2_segmentation,46,spore,11.43665597905875,11.43665597905875,33.14640515055013,0.7405943508967386,3.730651881895364,2.4347333768104913
10255,20260729_isolated_FBs_usual_008_C2_segmentation,47,spore,12.69863181123075,12.69863181123075,38.14992559001456,0.689967101398292,3.454468320734912,2.69354507842699
10256,20260729_isolated_FBs_usual_008_C2_segmentation,48,spore,12.908961116592751,12.908961116592751,37.18048048470203,0.7157532385101726,3.5674258131340237,2.652624002084018
10257,20260729_isolated_FBs_usual_008_C2_segmentation,49,spore,17.247003039684,17.247003039684,82.16426983899343,0.3928953457927895,6.349461516724901,2.682323851804411
10258,20260729_isolated_FBs_usual_008_C2_segmentation,50,spore,15.64324208629875,15.64324208629875,34.640481684617995,0.8732086844266066,3.541213517255186,2.8813349871314697
10259,20260729_isolated_FBs_usual_008_C2_segmentation,51,spore,18.37752305600475,18.37752305600475,54.33818333769885,0.6197791954731273,4.6199821871390565,2.8617093530003417
10260,20260729_isolated_FBs_usual_008_C2_segmentation,52,spore,14.854507191191251,14.854507191191251,34.89643579867397,0.8374172155484448,3.5309389802043265,2.8050177741256936
10261,20260729_isolated_FBs_usual_008_C2_segmentation,53,spore,14.512722069978,14.512722069978,33.12589813159222,0.8685917792282153,3.527113370313274,2.7566527005439285
10262,20260729_isolated_FBs_usual_008_C2_segmentation,54,spore,15.17000114923425,15.17000114923425,33.92855450441428,0.8734589709095487,3.5540375005278526,2.7977996741448874
10263,20260729_isolated_FBs_usual_008_C2_segmentation,55,spore,17.27329420285425,17.27329420285425,66.33132865822981,0.4871718749428916,4.783458803715469,2.6869622885295965
10264,20260729_isolated_FBs_usual_008_C2_segmentation,56,spore,18.324940729664252,18.324940729664252,67.53632914425738,0.4977085011996226,6.040079964773789,2.581095359282995
10265,20260729_isolated_FBs_usual_008_C2_segmentation,57,spore,12.015061568804251,12.015061568804251,33.057745042928154,0.7674113751712217,3.394286259522437,2.555604199138022
10266,20260729_isolated_FBs_usual_008_C2_segmentation,58,spore,14.72305137534,14.72305137534,34.74394019695604,0.836123200010021,3.65620392562857,2.78188645978845
10267,20260729_isolated_FBs_usual_008_C2_segmentation,59,spore,15.06483649655325,15.06483649655325,33.54822696106437,0.8792738698363943,3.5662244854348533,2.8360921151651715
10268,20260729_isolated_FBs_usual_008_C2_segmentation,60,spore,10.358718289078501,10.358718289078501,26.892564636312514,0.8545206947922577,3.533299751726445,2.3488093874330276
10269,20260729_isolated_FBs_usual_008_C2_segmentation,61,spore,11.7258587739315,11.7258587739315,45.462251517932266,0.5490302712368803,3.7510207392184327,2.5252443492550283
10270,20260729_isolated_FBs_usual_008_C2_segmentation,62,spore,11.80473226344225,11.80473226344225,28.796032811224087,0.8706739665525515,3.5752477224255106,2.4519860056421887
10271,20260729_isolated_FBs_usual_008_C2_segmentation,63,spore,13.434784379997751,13.434784379997751,45.41320943738248,0.6018049138767109,3.769337185132172,2.6268013095611797
10272,20260729_isolated_FBs_usual_008_C2_segmentation,64,spore,13.566240195849,13.566240195849,31.682362867266306,0.8682395445086808,3.5283943076703634,2.6539443240410368
10273,20260729_isolated_FBs_usual_008_C2_segmentation,65,spore,7.203778708648501,7.203778708648501,20.686145692387544,0.8719898992751132,2.458650204737829,2.1985605584619043
10274,20260729_isolated_FBs_usual_008_C2_segmentation,66,spore,11.06857969467525,11.06857969467525,29.0203334168772,0.8276428946322073,3.363287504272765,2.485841394705169
10275,20260729_isolated_FBs_usual_008_C2_segmentation,67,spore,12.830087627082001,12.830087627082001,37.09107147326792,0.7145530767964422,3.800554982310671,2.54980261147462
10276,20260729_isolated_FBs_usual_008_C2_segmentation,68,spore,15.11741882289375,15.11741882289375,36.60037610319365,0.8078244738789216,3.806420687746106,2.7540329538650887
10277,20260729_isolated_FBs_usual_008_C2_segmentation,69,spore,10.937123878824,10.937123878824,29.67518105464655,0.8029580095422112,3.3467523497615184,2.505938102016889
10278,20260729_isolated_FBs_usual_008_C2_segmentation,70,spore,15.59065975995825,15.59065975995825,44.68721820763559,0.6753731639279663,4.240951820678165,2.581207823008008
10279,20260729_isolated_FBs_usual_008_C2_segmentation,71,spore,16.090191860193002,16.090191860193002,36.7874408018802,0.8378353818384364,3.6203277838749655,2.839207816555489
10280,20260729_isolated_FBs_usual_008_C2_segmentation,72,spore,14.6704690489995,14.6704690489995,39.72899061458404,0.7294674643480391,3.936337957933483,2.6423480353839164
10281,20260729_isolated_FBs_usual_008_C2_segmentation,73,spore,12.935252279763,12.935252279763,38.75301430310105,0.6876412240488982,3.845829646809572,2.5612067442291093
10282,20260729_isolated_FBs_usual_008_C2_segmentation,74,spore,14.249810438275501,14.249810438275501,40.156656764228686,0.7078359792305584,3.944859738826007,2.659778174599759
10283,20260729_isolated_FBs_usual_008_C2_segmentation,75,spore,13.434784379997751,13.434784379997751,47.63832206120337,0.5736955335919871,4.190230774566119,2.415893032266078
10284,20260729_isolated_FBs_usual_008_C2_segmentation,76,spore,8.96528664105525,8.96528664105525,27.300455409756715,0.7644639658223963,3.052958429601998,2.379275916449207
10285,20260729_isolated_FBs_usual_008_C2_segmentation,77,spore,14.22351927510525,14.22351927510525,42.68107246078334,0.66515089231683,3.9487320640513475,2.6514457385820647
10286,20260729_isolated_FBs_usual_008_C2_segmentation,78,spore,8.492045703990751,8.492045703990751,33.96382737952173,0.5926646827556779,3.4551437940508376,2.2213899464436713
10287,20260729_isolated_FBs_usual_008_C2_segmentation,79,spore,7.151196382308,7.151196382308,22.998026804017076,0.7805115816232808,2.5877013864502154,2.210179600127408
10288,20260729_isolated_FBs_usual_008_C2_segmentation,80,spore,13.17187274829525,13.17187274829525,34.877184935603616,0.773346963370102,3.849725802529779,2.5305088285432493
10289,20260729_isolated_FBs_usual_008_C2_segmentation,81,spore,14.617886722659,14.617886722659,36.02105390081643,0.8026337867495491,3.9361897469114675,2.6332690705354818
10290,20260729_isolated_FBs_usual_008_C2_segmentation,82,spore,13.277037400976251,13.277037400976251,33.992785158766736,0.7976851261216932,3.565790631055972,2.6340393803691127
10291,20260729_isolated_FBs_usual_008_C2_segmentation,83,spore,12.22539087416625,12.22539087416625,34.584551670411024,0.7420681809626037,3.49360594018582,2.528979548509793
10292,20260729_isolated_FBs_usual_008_C2_segmentation,84,spore,11.121162021015751,11.121162021015751,37.818065600243074,0.6371156291111488,3.399197756198149,2.5042582452451883
10295,20260729_isolated_FBs_usual_008_C2_segmentation,87,spore,15.17000114923425,15.17000114923425,33.95242233200884,0.8728449479121695,3.5895809928757596,2.767571298089937
10296,20260729_isolated_FBs_usual_008_C2_segmentation,88,spore,8.28171639862875,8.28171639862875,24.711781209469464,0.8010512648474937,2.9649744451433637,2.215624859996527
10297,20260729_isolated_FBs_usual_008_C2_segmentation,89,spore,14.407557417297001,14.407557417297001,32.4302124712812,0.8829333132351184,3.550442581542186,2.7334552329347357
10298,20260729_isolated_FBs_usual_008_C2_segmentation,90,spore,9.9380596783545,9.9380596783545,30.716526761749428,0.7277458730852598,3.182573975183976,2.4650349173330897
10299,20260729_isolated_FBs_usual_008_C2_segmentation,91,spore,7.046031729627,7.046031729627,21.401301651938596,0.8305013302481721,2.5559290814650795,2.220939138765365
10300,20260729_isolated_FBs_usual_008_C2_segmentation,92,spore,13.85544299072175,13.85544299072175,35.40750522529451,0.7878963230766455,3.4913138060842335,2.7280834123298785
10301,20260729_isolated_FBs_usual_008_C2_segmentation,93,spore,14.11835462242425,14.11835462242425,49.22339219413133,0.5738987900905952,4.502614493840209,2.349106918844209
10302,20260729_isolated_FBs_usual_008_C2_segmentation,94,spore,9.675148046652,9.675148046652,28.346232633593807,0.7746291876452397,3.223932949198833,2.3736405096910516
10303,20260729_isolated_FBs_usual_008_C2_segmentation,95,spore,8.649792683012251,8.649792683012251,23.562172027388982,0.864846968989608,2.6938201998348044,2.223452839238472
10304,20260729_isolated_FBs_usual_008_C2_segmentation,96,spore,12.06764389514475,12.06764389514475,33.05107865414968,0.7698039659247443,3.4467006844705126,2.5113632687207437
10305,20260729_isolated_FBs_usual_008_C2_segmentation,97,spore,13.8291518275515,13.8291518275515,44.548058694157994,0.6254400739220506,4.355732986293163,2.301258866747527
10306,20260729_isolated_FBs_usual_008_C2_segmentation,98,spore,6.677955445243501,6.677955445243501,19.274514365796954,0.8897398139128664,2.346403405419673,2.20892995302501
10307,20260729_isolated_FBs_usual_008_C2_segmentation,99,spore,8.8864131515445,8.8864131515445,28.96653305597963,0.7162620474914216,3.1995124975264266,2.293450197832564
10308,20260729_isolated_FBs_usual_008_C2_segmentation,100,spore,10.726794573462,10.726794573462,29.507521973361314,0.7971340507146784,3.486322171874502,2.4589063825610933
10310,20260729_isolated_FBs_usual_008_C2_segmentation,102,spore,5.678891244774,5.678891244774,27.761812537438686,0.5544707936905503,2.75046521398478,2.099374648118566
10311,20260729_isolated_FBs_usual_008_C2_segmentation,103,spore,8.097678256437,8.097678256437,24.014146738482275,0.812064718856226,2.7644253778732204,2.297671878271663
10312,20260729_isolated_FBs_usual_008_C2_segmentation,104,spore,12.0413527319745,12.0413527319745,32.55822449187313,0.7803215426720366,3.4886624536365627,2.556012773615488
10314,20260729_isolated_FBs_usual_008_C2_segmentation,106,spore,14.854507191191251,14.854507191191251,33.366679458704255,0.875810136734099,3.5117358944024883,2.7891723972728824
10315,20260729_isolated_FBs_usual_008_C2_segmentation,107,spore,10.01693316786525,10.01693316786525,27.475318574253187,0.8178956628666789,3.3506974691223492,2.404884434763479
10318,20260729_isolated_FBs_usual_008_C2_segmentation,110,spore,6.33617032403025,6.33617032403025,19.709227028141754,0.840167274227872,2.3077158784608836,2.2081290746768913
10319,20260729_isolated_FBs_usual_008_C2_segmentation,111,spore,9.64885688348175,9.64885688348175,27.001973098854865,0.8117192911102349,3.05761066823224,2.4663316304275935
10320,20260729_isolated_FBs_usual_008_C2_segmentation,112,spore,8.8864131515445,8.8864131515445,24.85378794158764,0.8347873702055324,3.0436822823631844,2.3109101468374047
10321,20260729_isolated_FBs_usual_008_C2_segmentation,113,spore,14.617886722659,14.617886722659,33.10362549771131,0.8733700451366205,3.5953319218248363,2.7551556726512416
10323,20260729_isolated_FBs_usual_008_C2_segmentation,115,spore,13.8291518275515,13.8291518275515,34.57598107807533,0.8058235877629353,3.4971482688578,2.6947127547825622
10324,20260729_isolated_FBs_usual_008_C2_segmentation,116,spore,16.82634442896,16.82634442896,36.85496233257609,0.8616178134369505,3.927863521842187,2.8429551049082087
10326,20260729_isolated_FBs_usual_008_C2_segmentation,118,spore,15.17000114923425,15.17000114923425,33.708063305271395,0.8791724411304214,3.568680691851638,2.819655068513629
10328,20260729_isolated_FBs_usual_008_C2_segmentation,120,spore,5.994385202817,5.994385202817,26.199903869633953,0.6090891430649049,2.4996556872841493,2.1636096423444995
10329,20260729_isolated_FBs_usual_008_C2_segmentation,121,spore,10.6742122471215,10.6742122471215,29.7009838790094,0.7893516319151727,3.385137274255015,2.423786117099235
10330,20260729_isolated_FBs_usual_008_C2_segmentation,122,spore,8.07138709326675,8.07138709326675,23.3355049622016,0.8338713231693071,2.8704229501489307,2.2846667245854437
10331,20260729_isolated_FBs_usual_008_C2_segmentation,123,spore,14.3549750909565,14.3549750909565,32.79366526406525,0.8710220057356824,3.9734659547077267,2.6123634147475556
10332,20260729_isolated_FBs_usual_008_C2_segmentation,124,spore,5.86292938696575,5.86292938696575,18.905678254146785,0.8317030694650402,2.255257753612936,2.1316374164283785
10333,20260729_isolated_FBs_usual_008_C2_segmentation,125,spore,13.250746237806,13.250746237806,31.171361063723126,0.868737529480858,3.4962493082597748,2.5844979812164843
10334,20260729_isolated_FBs_usual_008_C2_segmentation,126,spore,10.069515494205751,10.069515494205751,26.794572681193024,0.8416076455621174,3.0596413323711946,2.451159752232533
10335,20260729_isolated_FBs_usual_008_C2_segmentation,127,spore,13.066708095614251,13.066708095614251,31.202275382090676,0.8598221955274165,3.5133915748893494,2.610135861749783
10336,20260729_isolated_FBs_usual_008_C2_segmentation,128,spore,5.179359144539251,5.179359144539251,22.422192820155885,0.6456394506376858,2.456589557798953,1.9544655894342728
10337,20260729_isolated_FBs_usual_008_C2_segmentation,129,spore,14.302392764616,14.302392764616,32.7424128552595,0.8702537652918771,3.5642065646522245,2.7354277363443846
10340,20260729_isolated_FBs_usual_008_C2_segmentation,132,spore,16.247938839214502,16.247938839214502,35.40947425073765,0.8761198020602545,3.713678227823473,2.8833214953484854
10341,20260729_isolated_FBs_usual_008_C2_segmentation,133,spore,11.489238305399251,11.489238305399251,33.73688529497991,0.7298606758588734,3.5486021901424194,2.5354005920272837
10342,20260729_isolated_FBs_usual_008_C2_segmentation,134,spore,11.121162021015751,11.121162021015751,27.863114020873386,0.8647447172852041,3.424682335071605,2.427657463674293
10344,20260729_isolated_FBs_usual_008_C2_segmentation,136,spore,8.8864131515445,8.8864131515445,24.9422874870723,0.8318254003830847,2.7671077358794647,2.435451561639359
10345,20260729_isolated_FBs_usual_008_C2_segmentation,137,spore,7.256361034989,7.256361034989,31.474210378777844,0.5758930925571955,2.8892372564641873,2.2945963320514964
10346,20260729_isolated_FBs_usual_008_C2_segmentation,138,spore,12.33055552684725,12.33055552684725,30.83408292350469,0.8370951980184084,3.484525487004824,2.5091171639811183
10347,20260729_isolated_FBs_usual_008_C2_segmentation,139,spore,11.147453184186,11.147453184186,60.923310073223874,0.3961117615898515,3.961837270350872,2.8512773942541996
10348,20260729_isolated_FBs_usual_008_C2_segmentation,140,spore,8.623501519842,8.623501519842,25.014504449232277,0.8129827241496926,3.0199701925375364,2.294920693249376
10349,20260729_isolated_FBs_usual_008_C2_segmentation,141,spore,11.0948708578455,11.0948708578455,30.42251239717862,0.7907463854368311,3.43714235950716,2.379516204756416
10350,20260729_isolated_FBs_usual_008_C2_segmentation,142,spore,9.044160130566,9.044160130566,25.433800475823112,0.8253757277925842,3.176123613885689,2.236449279978819
10351,20260729_isolated_FBs_usual_008_C2_segmentation,143,spore,8.96528664105525,8.96528664105525,27.58226863638659,0.756653293694924,2.7512564266024393,2.4713066567111044
10353,20260729_isolated_FBs_usual_008_C2_segmentation,145,spore,12.540884832209251,12.540884832209251,30.474933155042677,0.8565646536774393,3.4472895190596455,2.5784933676887984
10354,20260729_isolated_FBs_usual_008_C2_segmentation,146,spore,9.33336292543875,9.33336292543875,26.112945709646993,0.8209569069459198,2.707478557969519,2.470858014666467
10355,20260729_isolated_FBs_usual_008_C2_segmentation,147,spore,6.02067636598725,6.02067636598725,22.41609909600419,0.7139825680200306,2.3426072900826083,2.172942399608656
10356,20260729_isolated_FBs_usual_008_C2_segmentation,148,spore,15.69582441263925,15.69582441263925,34.963678751157175,0.8670745203648511,3.5686752895371368,2.885899984822869
10357,20260729_isolated_FBs_usual_008_C2_segmentation,149,spore,8.91270431471475,8.91270431471475,25.07576920014609,0.8290286252450638,2.9088788526839466,2.3588842479713015
10358,20260729_isolated_FBs_usual_008_C2_segmentation,150,spore,10.17468014688675,10.17468014688675,27.16885531857418,0.8357825391687319,3.047983033830339,2.514929736104221
10359,20260729_isolated_FBs_usual_008_C2_segmentation,151,spore,7.5455638298617504,7.5455638298617504,22.30549297888443,0.8340653828093281,2.689743548800125,2.279401640161192
10360,20260729_isolated_FBs_usual_008_C2_segmentation,152,spore,10.831959226143,10.831959226143,30.39709575163259,0.7788551764525948,3.405548173816866,2.3832243889711178
10361,20260729_isolated_FBs_usual_008_C2_segmentation,153,spore,10.306135962738,10.306135962738,30.227395443922497,0.7576709599297123,3.27026011761247,2.4270685854941245
10362,20260729_isolated_FBs_usual_008_C2_segmentation,154,spore,9.8328950256735,9.8328950256735,28.19976918686633,0.7870932222353878,3.0942471716538535,2.414130449937994
10363,20260729_isolated_FBs_usual_008_C2_segmentation,155,spore,12.3568466900175,12.3568466900175,51.18345818986104,0.5050018138304704,5.236454617739159,2.192190397513746
10365,20260729_isolated_FBs_usual_008_C2_segmentation,157,spore,13.9343164802325,13.9343164802325,32.073464801243674,0.8730960563303537,3.5820577223287446,2.6600292522367783
10366,20260729_isolated_FBs_usual_008_C2_segmentation,158,spore,10.85825038931325,10.85825038931325,28.657960196149453,0.8274569679572435,3.4504254487126684,2.4235263246100716
10367,20260729_isolated_FBs_usual_008_C2_segmentation,159,spore,12.64604948489025,12.64604948489025,30.179855895743156,0.8697682443804426,3.520830937906579,2.5814630865888546
10368,20260729_isolated_FBs_usual_008_C2_segmentation,160,spore,12.8826699534225,12.8826699534225,30.71662822723893,0.8651960011587269,3.559192426975274,2.5489215567980508
10369,20260729_isolated_FBs_usual_008_C2_segmentation,161,spore,5.23194147087975,5.23194147087975,23.21010568231858,0.6279363022093065,2.2596845317858745,2.1576756201369554
10370,20260729_isolated_FBs_usual_008_C2_segmentation,162,spore,6.7831200979245,6.7831200979245,19.45889213364564,0.890537785913402,2.4365963367944725,2.212158869347182
10371,20260729_isolated_FBs_usual_008_C2_segmentation,163,spore,8.91270431471475,8.91270431471475,26.044665765864174,0.7981876463243549,2.8061815522359166,2.3980833900214016
10372,20260729_isolated_FBs_usual_008_C2_segmentation,164,spore,9.70143920982225,9.70143920982225,27.080801204254946,0.8122942765160557,3.015745666923419,2.4603243603219833
10373,20260729_isolated_FBs_usual_008_C2_segmentation,165,spore,8.123969419607251,8.123969419607251,22.651500473162187,0.8627785422437099,2.56911621316979,2.276865407729206
10374,20260729_isolated_FBs_usual_008_C2_segmentation,166,spore,10.516465268100001,10.516465268100001,29.73372300417435,0.7806949338582578,3.3722980489944057,2.417224485660746
10375,20260729_isolated_FBs_usual_008_C2_segmentation,167,spore,17.7202439767485,17.7202439767485,38.290831713975,0.8584251956295486,3.8704013780847553,2.9369118751319103
10377,20260729_isolated_FBs_usual_008_C2_segmentation,169,spore,8.123969419607251,8.123969419607251,23.659034078984533,0.8260366206254853,2.6289226324357933,2.4137690663080593
10378,20260729_isolated_FBs_usual_008_C2_segmentation,170,spore,9.9380596783545,9.9380596783545,27.882527966742558,0.8017144504629945,3.0693448661307947,2.4904386812603674
10379,20260729_isolated_FBs_usual_008_C2_segmentation,171,spore,12.830087627082001,12.830087627082001,34.0281017885998,0.7788721042259148,3.554534649603739,2.612606610158022
10380,20260729_isolated_FBs_usual_008_C2_segmentation,172,spore,11.2000355105265,11.2000355105265,38.831911150795875,0.6234117146662317,3.978869239244747,2.12556792033921
10381,20260729_isolated_FBs_usual_008_C2_segmentation,173,spore,11.17374434735625,11.17374434735625,29.701626941670135,0.8137725556408095,3.4953304306797888,2.4404059137838066
10382,20260729_isolated_FBs_usual_008_C2_segmentation,174,spore,13.22445507463575,13.22445507463575,41.40894914896569,0.6530931151594103,3.53875304877107,2.665669740935122
10383,20260729_isolated_FBs_usual_008_C2_segmentation,175,spore,8.28171639862875,8.28171639862875,22.569360522935945,0.8770919129216405,2.6162429061697954,2.2334871865696866
10384,20260729_isolated_FBs_usual_008_C2_segmentation,176,spore,5.8366382237955,5.8366382237955,27.851527238163776,0.5628728396440144,2.5576429778907084,2.121421465093629
10385,20260729_isolated_FBs_usual_008_C2_segmentation,177,spore,5.86292938696575,5.86292938696575,27.532372881895924,0.5711062646776696,2.5762396535346115,2.182726363923137
10386,20260729_isolated_FBs_usual_008_C2_segmentation,178,spore,16.3531034918955,16.3531034918955,35.60383769277878,0.8750927828184003,3.569167625402955,2.890213546434093
10387,20260729_isolated_FBs_usual_008_C2_segmentation,179,spore,7.571854993032,7.571854993032,22.824434031108378,0.8169941861579778,2.5965523918289035,2.296433740161096
10388,20260729_isolated_FBs_usual_008_C2_segmentation,180,spore,8.4657545408205,8.4657545408205,25.038456739140727,0.8022696232916288,3.002764081620586,2.27847915229643
10389,20260729_isolated_FBs_usual_008_C2_segmentation,181,spore,11.3052001632075,11.3052001632075,31.294843942908443,0.7783892659578048,3.5677657105632963,2.389942944967564
10390,20260729_isolated_FBs_usual_008_C2_segmentation,182,spore,11.568111794910001,11.568111794910001,30.953275628829864,0.7991331761546838,3.5106230869714317,2.486933803290769
10391,20260729_isolated_FBs_usual_008_C2_segmentation,183,spore,9.149324783247,9.149324783247,26.53443713149334,0.7972605495737932,3.2189078713447277,2.316041588178981
10393,20260729_isolated_FBs_usual_008_C2_segmentation,185,spore,9.59627455714125,9.59627455714125,35.059686621356775,0.6228897790327493,3.3274103999008497,2.3064503719227867
10394,20260729_isolated_FBs_usual_008_C2_segmentation,186,spore,6.2310056713492505,6.2310056713492505,21.362498577403347,0.7665447414661136,2.343031343794384,2.158152008554836
10395,20260729_isolated_FBs_usual_008_C2_segmentation,187,spore,6.625373118903,6.625373118903,19.736320947608284,0.8643536821344175,2.4231387038217522,2.163524552198206
10396,20260729_isolated_FBs_usual_008_C2_segmentation,188,spore,14.22351927510525,14.22351927510525,49.615678244605164,0.5721851325375394,4.395853235999973,2.2761042843511357
10397,20260729_isolated_FBs_usual_008_C2_segmentation,189,spore,10.726794573462,10.726794573462,34.9812834005167,0.6724010165055995,3.4222370652509713,2.5032263049746093
10399,20260729_isolated_FBs_usual_008_C2_segmentation,191,spore,8.045095930096501,8.045095930096501,26.660147754984628,0.7282978990774264,3.016791843797417,2.2477781902747207
10406,20260729_isolated_FBs_usual_008_C2_segmentation,198,spore,5.8366382237955,5.8366382237955,22.49377907472158,0.6969423934009141,2.391115704431936,2.1245698899926424
10409,20260729_isolated_FBs_usual_008_C2_segmentation,201,spore,5.38968844990125,5.38968844990125,19.231419834827577,0.7730042528687776,2.2269136824290943,2.0470880809518293
10413,20260729_isolated_FBs_usual_008_C2_segmentation,205,spore,6.520208466222,6.520208466222,18.955138532180772,0.8904266490797647,2.3919108416880337,2.1803372744037763
10415,20260729_isolated_FBs_usual_008_C2_segmentation,207,spore,7.59814615620225,7.59814615620225,21.740788797066656,0.859700652343071,2.4882052277032454,2.285870707666934
10416,20260729_isolated_FBs_usual_008_C2_segmentation,208,spore,8.17655174594775,8.17655174594775,24.00609576650578,0.8176034522889398,2.8971783248299636,2.349316359108739
10417,20260729_isolated_FBs_usual_008_C2_segmentation,209,spore,6.91457591377575,6.91457591377575,20.449718044750462,0.8583027408711829,2.6206903185779007,2.1844777236677477
10418,20260729_isolated_FBs_usual_008_C2_segmentation,210,spore,8.123969419607251,8.123969419607251,21.846536937667267,0.8945687187689513,2.7164976336250937,2.210347254056328
10419,20260729_isolated_FBs_usual_008_C2_segmentation,211,spore,5.9418028764765,5.9418028764765,17.944135886790875,0.8841115581311836,2.251364646589059,2.1578339891294696
10420,20260729_isolated_FBs_usual_008_C2_segmentation,212,spore,8.623501519842,8.623501519842,24.04945235486269,0.845605948539595,2.6884844603123774,2.366155561017791
10422,20260729_isolated_FBs_usual_008_C2_segmentation,214,spore,5.49485310258225,5.49485310258225,24.604030379358484,0.6120429893342657,2.4384822984539904,2.088774268383405
10423,20260729_isolated_FBs_usual_008_C2_segmentation,215,spore,5.705182407944251,5.705182407944251,24.058450587144073,0.6417947491836746,2.4573410171671703,2.1005116575883394
10424,20260729_isolated_FBs_usual_008_C2_segmentation,216,spore,8.38688105130975,8.38688105130975,23.849412840119978,0.8370281979075855,2.6527278161204495,2.414339980122838
10425,20260729_isolated_FBs_usual_008_C2_segmentation,217,spore,6.7831200979245,6.7831200979245,21.30835296235453,0.8132434612679562,2.505026302962972,2.2011175333274875
10428,20260729_isolated_FBs_usual_008_C2_segmentation,220,spore,8.308007561799,8.308007561799,22.455282497984502,0.8834124663030273,2.615546442584968,2.190438984322518
10432,20260729_isolated_FBs_usual_008_C2_segmentation,224,spore,6.12584101866825,6.12584101866825,18.643576082479626,0.8684244710649626,2.42586523957046,2.073996530131937
10433,20260729_isolated_FBs_usual_008_C2_segmentation,225,spore,7.834766624734501,7.834766624734501,21.88326803967763,0.8717447107409181,2.6452261577587164,2.232969392306219
10434,20260729_isolated_FBs_usual_008_C2_segmentation,226,spore,5.2056503077095,5.2056503077095,16.2511149499176,0.8938218275143196,2.2425015708093317,1.9589572687061327
10435,20260729_isolated_FBs_usual_008_C2_segmentation,227,spore,6.3098791608600004,6.3098791608600004,18.993804585473818,0.8693997689885673,2.472021629762469,2.0373880045482258
10436,20260729_isolated_FBs_usual_008_C2_segmentation,228,spore,9.3070717622685,9.3070717622685,25.49393329711237,0.8393104962522215,3.213410465500621,2.373011722576435
10437,20260729_isolated_FBs_usual_008_C2_segmentation,229,spore,7.33523452449975,7.33523452449975,21.138821727812193,0.8636663867324741,2.4508502572393045,2.2817805713328916
10441,20260729_isolated_FBs_usual_008_C2_segmentation,233,spore,8.28171639862875,8.28171639862875,23.078321790618872,0.8577488334756946,2.577245927058797,2.3764838550349596
10442,20260729_isolated_FBs_usual_008_C2_segmentation,234,spore,6.730537771584,6.730537771584,19.494921132386526,0.8842922506172682,2.473371141467565,2.1810847436885616
10444,20260729_isolated_FBs_usual_008_C2_segmentation,236,spore,7.9399312774155,7.9399312774155,22.2805467149065,0.8638455696042779,2.630142274077164,2.329684007579229
10445,20260729_isolated_FBs_usual_008_C2_segmentation,237,spore,8.54462803033125,8.54462803033125,23.86646982000499,0.8468855313592129,2.6737648712866204,2.3450347045393207
10446,20260729_isolated_FBs_usual_008_C2_segmentation,238,spore,5.8366382237955,5.8366382237955,25.696107123609014,0.6100872847998169,2.4016176949029493,2.158784295402086
10448,20260729_isolated_FBs_usual_008_C2_segmentation,240,spore,8.07138709326675,8.07138709326675,23.119044180918827,0.8416787583162801,2.578662431452243,2.4155833344763296
10455,20260729_isolated_FBs_usual_008_C2_segmentation,247,spore,5.02161216551775,5.02161216551775,19.372830962323924,0.7320147193888171,2.546977027609885,1.8785814822969955
10456,20260729_isolated_FBs_usual_008_C2_segmentation,248,spore,7.650728482542751,7.650728482542751,21.35349846399089,0.8793267385891074,2.5022044768182763,2.210488357607308
10457,20260729_isolated_FBs_usual_008_C2_segmentation,249,spore,7.387816850840251,7.387816850840251,21.55064640623891,0.8512057921885531,2.4861141274189675,2.340158307964564
10458,20260729_isolated_FBs_usual_008_C2_segmentation,250,spore,7.86105778790475,7.86105778790475,21.755023825499443,0.8788441923553658,2.6352739510249408,2.223239224968558
10459,20260729_isolated_FBs_usual_008_C2_segmentation,251,spore,6.38875265037075,6.38875265037075,19.19348330908266,0.8675097699505311,2.3612099799303023,2.213952870635571
10460,20260729_isolated_FBs_usual_008_C2_segmentation,252,spore,6.7568289347542505,6.7568289347542505,19.807008313160704,0.8726240734297095,2.4235581462552243,2.2482892618287798
10461,20260729_isolated_FBs_usual_008_C2_segmentation,253,spore,6.7568289347542505,6.7568289347542505,20.31859145740131,0.8506530737095196,2.690383392989557,2.143890099286366
10463,20260729_isolated_FBs_usual_008_C2_segmentation,255,spore,7.86105778790475,7.86105778790475,21.457770248457987,0.8910187835088206,2.5664747438026403,2.2110003281549218
10465,20260729_isolated_FBs_usual_008_C2_segmentation,257,spore,6.9934494032865,6.9934494032865,20.410612241427245,0.8664743623948921,2.4295221591713094,2.258274001618154
10466,20260729_isolated_FBs_usual_008_C2_segmentation,258,spore,7.4141080140105,7.4141080140105,21.2105734118723,0.8669039614985171,2.500177823973052,2.2451086044500297
10467,20260729_isolated_FBs_usual_008_C2_segmentation,259,spore,6.4939173030517505,6.4939173030517505,18.862246620422408,0.8924047532262915,2.4028311493310737,2.1593236370509064
10470,20260729_isolated_FBs_usual_008_C2_segmentation,262,spore,5.442270776241751,5.442270776241751,16.705536221233274,0.89566128341055,2.2719482040570074,2.000541514631211
10472,20260729_isolated_FBs_usual_008_C2_segmentation,264,spore,6.0469675291575005,6.0469675291575005,25.749776552401592,0.6233554355230253,2.3908799485347365,2.119400726861288
10475,20260729_isolated_FBs_usual_008_C2_segmentation,267,spore,5.705182407944251,5.705182407944251,24.318770610136387,0.6349246640736074,2.3620917107636346,2.0960355568047424
10476,20260729_isolated_FBs_usual_008_C2_segmentation,268,spore,5.23194147087975,5.23194147087975,19.063953091351316,0.7645039759699312,2.274229510173863,2.008939642533828
10521,20260729_isolated_FBs_usual_008_C2_segmentation,27,vc,16.11648302336325,16.11648302336325,107.11614660781424,0.2880554082475116,4.8426320924791755,2.9268930803582323
10534,20260729_isolated_FBs_usual_008_C2_segmentation,40,vc,9.622565720311501,9.622565720311501,87.7011737325025,0.24946290538027324,4.947845852021626,2.6875243274362224
10535,20260729_isolated_FBs_usual_008_C2_segmentation,41,vc,6.07325869232775,6.07325869232775,66.07772151082813,0.24361849290224263,4.951584939158314,2.500004615936569
10657,20260804_isolated_FBs_200_microL_001_C2_segmentation,1,spore,12.908961116592751,12.908961116592751,27.56216936142858,0.9655281109161,3.4593907572485243,2.6545766051844506
10658,20260804_isolated_FBs_200_microL_001_C2_segmentation,2,spore,13.69769601170025,13.69769601170025,35.27067095222378,0.7849381168314713,3.3334927003988217,2.8273821658244596
10659,20260804_isolated_FBs_200_microL_001_C2_segmentation,3,spore,7.17748754547825,7.17748754547825,20.530461500929178,0.8764632501160738,2.594198688754723,2.1408297486405394
10661,20260804_isolated_FBs_200_microL_001_C2_segmentation,5,spore,10.963415041994251,10.963415041994251,40.91791635184263,0.5832675984989197,3.845510594905096,2.2675535990117033
10662,20260804_isolated_FBs_200_microL_001_C2_segmentation,6,spore,33.994473979133254,33.994473979133254,100.36948276661127,0.5056165977518619,6.489755623074941,3.246798908505009
10663,20260804_isolated_FBs_200_microL_001_C2_segmentation,7,spore,18.21977607698325,18.21977607698325,43.79391373226833,0.7645966473726997,4.420676181492358,2.8006564030816756
10664,20260804_isolated_FBs_200_microL_001_C2_segmentation,8,spore,16.90521791847075,16.90521791847075,53.16095952815057,0.5992000335244962,4.398487671529065,2.799305362510429
10665,20260804_isolated_FBs_200_microL_001_C2_segmentation,9,spore,17.588788160897252,17.588788160897252,39.365570259313316,0.830854270116087,4.535148870362194,2.67240581187566
10666,20260804_isolated_FBs_200_microL_001_C2_segmentation,10,spore,19.350296093304,19.350296093304,41.15244977554764,0.8469936885913573,4.7255325189334325,2.744222679098602
10667,20260804_isolated_FBs_200_microL_001_C2_segmentation,11,spore,17.562496997727,17.562496997727,38.4795132054808,0.8491388877263797,4.662906843022316,2.6218027075046852
10668,20260804_isolated_FBs_200_microL_001_C2_segmentation,12,spore,14.696760212169751,14.696760212169751,36.479481115104605,0.7953956493330844,4.278971321618198,2.509624459608793
10669,20260804_isolated_FBs_200_microL_001_C2_segmentation,13,spore,11.69956761076125,11.69956761076125,34.90866340756699,0.7139439396476615,4.018445221352012,2.3607751548785405
10670,20260804_isolated_FBs_200_microL_001_C2_segmentation,14,spore,18.16719375064275,18.16719375064275,52.682143487661094,0.6343747954517587,4.222197301649338,2.953181039048001
10671,20260804_isolated_FBs_200_microL_001_C2_segmentation,15,spore,17.53620583455675,17.53620583455675,42.684493988353374,0.7647234538712945,4.436971046693182,2.771140421422065
10672,20260804_isolated_FBs_200_microL_001_C2_segmentation,16,spore,19.58691656183625,19.58691656183625,54.59990637637242,0.6435805965639255,4.499239184154908,2.95525396843496
10673,20260804_isolated_FBs_200_microL_001_C2_segmentation,17,spore,17.247003039684,17.247003039684,39.66562534594502,0.8138522695320004,4.41086576996285,2.726211457158337
10674,20260804_isolated_FBs_200_microL_001_C2_segmentation,18,spore,14.828216028021,14.828216028021,35.94945768583156,0.8119283719093632,4.326079865801624,2.5278379339450123
10675,20260804_isolated_FBs_200_microL_001_C2_segmentation,19,spore,16.32681232872525,16.32681232872525,47.23241296894159,0.658938564242917,4.437691326889079,2.6901063054478462
10676,20260804_isolated_FBs_200_microL_001_C2_segmentation,20,spore,15.11741882289375,15.11741882289375,35.80726187193845,0.8257174110401325,4.080954058129637,2.6495588771997456
10677,20260804_isolated_FBs_200_microL_001_C2_segmentation,21,spore,17.588788160897252,17.588788160897252,52.61645537441967,0.6216126098339639,3.999232125723378,2.971404782940725
10678,20260804_isolated_FBs_200_microL_001_C2_segmentation,22,spore,15.012254170212751,15.012254170212751,36.59557306427182,0.8041792161758915,3.9454629891591915,2.705110931908712
10679,20260804_isolated_FBs_200_microL_001_C2_segmentation,23,spore,19.087384461601502,19.087384461601502,43.414033837707166,0.7955819686525448,4.546053917460657,2.808345871174537
10680,20260804_isolated_FBs_200_microL_001_C2_segmentation,24,spore,13.17187274829525,13.17187274829525,32.32377260399676,0.834437409001927,3.7915251674993447,2.5683448326576146
10681,20260804_isolated_FBs_200_microL_001_C2_segmentation,25,spore,19.2977137669635,19.2977137669635,48.0242946735774,0.724481060062033,4.493422882800215,2.84510658164406
10682,20260804_isolated_FBs_200_microL_001_C2_segmentation,26,spore,12.093935058315001,12.093935058315001,38.165549467416625,0.6676123469686795,4.3109237227993145,2.3383415328793395
10683,20260804_isolated_FBs_200_microL_001_C2_segmentation,27,spore,17.90428211894025,17.90428211894025,50.57712666139814,0.6543868744870807,4.309558395771009,2.869318671785864
10684,20260804_isolated_FBs_200_microL_001_C2_segmentation,28,spore,14.486430906807751,14.486430906807751,36.48540070479658,0.78766086934768,3.8870212377872004,2.7000103671725584
10685,20260804_isolated_FBs_200_microL_001_C2_segmentation,29,spore,16.7737621026195,16.7737621026195,38.30772807056597,0.8272143279181748,4.534323343886653,2.636822573257812
10686,20260804_isolated_FBs_200_microL_001_C2_segmentation,30,spore,17.5099146713865,17.5099146713865,62.50006909311754,0.5217466230683409,4.215040512072422,2.962804821786466
10687,20260804_isolated_FBs_200_microL_001_C2_segmentation,31,spore,16.85263559213025,16.85263559213025,39.28955910333212,0.8090689279603551,4.661736771910981,2.5546040985836482
10688,20260804_isolated_FBs_200_microL_001_C2_segmentation,32,spore,16.300521165555,16.300521165555,39.80969224483433,0.7809615116755035,4.338885521684171,2.6620826268135818
10689,20260804_isolated_FBs_200_microL_001_C2_segmentation,33,spore,27.05360690218725,27.05360690218725,109.96281822549693,0.3963282651224532,6.5124145331806185,2.718898753776073
10690,20260804_isolated_FBs_200_microL_001_C2_segmentation,34,spore,16.195356512874,16.195356512874,37.893900227696356,0.8169117805095533,3.9020308057276516,2.7865165117213246
10691,20260804_isolated_FBs_200_microL_001_C2_segmentation,35,spore,16.95780024481125,16.95780024481125,62.76786551306759,0.5085415483528466,4.344050956346938,2.9145032859685434
10692,20260804_isolated_FBs_200_microL_001_C2_segmentation,36,spore,16.01131837068225,16.01131837068225,42.46543122189479,0.7234357748265493,4.060437861903764,2.7572953711199113
10693,20260804_isolated_FBs_200_microL_001_C2_segmentation,37,spore,16.195356512874,16.195356512874,39.38026131967851,0.786078417666313,4.357163182615394,2.609042160673085
10694,20260804_isolated_FBs_200_microL_001_C2_segmentation,38,spore,19.1925491142825,19.1925491142825,52.82487117502179,0.6562471822167655,4.49503574498984,2.903516598165381
10695,20260804_isolated_FBs_200_microL_001_C2_segmentation,39,spore,12.43572017952825,12.43572017952825,40.92749707353812,0.6342340670553428,4.1827641683905,2.410353662102466
10696,20260804_isolated_FBs_200_microL_001_C2_segmentation,40,spore,16.7737621026195,16.7737621026195,47.27857765461215,0.6702549675132647,4.36197948482968,2.7217004524849937
10697,20260804_isolated_FBs_200_microL_001_C2_segmentation,41,spore,18.16719375064275,18.16719375064275,45.399317156135865,0.736139353902779,4.284279683908217,2.8873443531310863
10698,20260804_isolated_FBs_200_microL_001_C2_segmentation,42,spore,17.6150793240675,17.6150793240675,45.253922482998064,0.7234651763081402,4.104755375317412,2.8528286549508324
10699,20260804_isolated_FBs_200_microL_001_C2_segmentation,43,spore,18.16719375064275,18.16719375064275,47.53461370896955,0.703071328265343,4.358422615722855,2.812983946056611
10700,20260804_isolated_FBs_200_microL_001_C2_segmentation,44,spore,14.74934253851025,14.74934253851025,35.63413727184544,0.8162057506996869,3.7822810308778934,2.7299005553261457
10701,20260804_isolated_FBs_200_microL_001_C2_segmentation,45,spore,10.726794573462,10.726794573462,37.21159052367329,0.6321001114481789,3.7878033717577253,2.4129759394432977
10702,20260804_isolated_FBs_200_microL_001_C2_segmentation,46,spore,16.48455930774675,16.48455930774675,38.9455809537438,0.8042865981581765,4.447821696683405,2.6389392882786686
10703,20260804_isolated_FBs_200_microL_001_C2_segmentation,47,spore,15.1962923124045,15.1962923124045,36.169798847642085,0.8202818903971677,3.8285900514945257,2.736244069276122
10704,20260804_isolated_FBs_200_microL_001_C2_segmentation,48,spore,12.199099710996,12.199099710996,31.924599054194065,0.8027442318525211,3.732692987699236,2.494294831122218
10705,20260804_isolated_FBs_200_microL_001_C2_segmentation,49,spore,13.69769601170025,13.69769601170025,31.78341928117991,0.8710609073144769,3.5981565987470696,2.6168855267145203
10706,20260804_isolated_FBs_200_microL_001_C2_segmentation,50,spore,13.4084932168275,13.4084932168275,31.32813346985521,0.8712368882107309,3.591700283899563,2.6191196103584993
10707,20260804_isolated_FBs_200_microL_001_C2_segmentation,51,spore,11.331491326377751,11.331491326377751,28.666408171861093,0.8510770729166165,3.3731904285168124,2.4319394680125592
10708,20260804_isolated_FBs_200_microL_001_C2_segmentation,52,spore,15.27516580191525,15.27516580191525,42.82520699484023,0.6951981519780739,4.085303374099507,2.7208716371098265
10709,20260804_isolated_FBs_200_microL_001_C2_segmentation,53,spore,9.2019071095875,9.2019071095875,33.30317316207634,0.637652018637688,3.255849689199861,2.5001916178628965
10710,20260804_isolated_FBs_200_microL_001_C2_segmentation,54,spore,10.49017410492975,10.49017410492975,31.693764465467666,0.7311931191736458,3.6710741956963533,2.2991852043993215
10711,20260804_isolated_FBs_200_microL_001_C2_segmentation,55,spore,9.911768515184251,9.911768515184251,28.453468388590625,0.7842412440421109,3.3149572552848348,2.3392474543149064
10713,20260804_isolated_FBs_200_microL_001_C2_segmentation,57,spore,15.669533249469001,15.669533249469001,45.03934570952008,0.6723510567649195,4.465699711200317,2.639017680877758
10714,20260804_isolated_FBs_200_microL_001_C2_segmentation,58,spore,13.90802531706225,13.90802531706225,42.639114336624786,0.6559231074390834,4.331778562338957,2.5078649308966945
10715,20260804_isolated_FBs_200_microL_001_C2_segmentation,59,spore,11.90989691612325,11.90989691612325,35.50574236685861,0.7103257011992602,4.032768130915643,2.3830283650278647
10716,20260804_isolated_FBs_200_microL_001_C2_segmentation,60,spore,17.32587652919475,17.32587652919475,48.92698130604095,0.6618087625592435,4.50692954354501,2.731624525392987
10717,20260804_isolated_FBs_200_microL_001_C2_segmentation,61,spore,10.411300615419,10.411300615419,36.104886473739064,0.6386380620032823,3.8247537369659907,2.328503276499618
10718,20260804_isolated_FBs_200_microL_001_C2_segmentation,62,spore,16.300521165555,16.300521165555,46.76578560151811,0.664798784730629,4.241810704235329,2.7419377115199906
10719,20260804_isolated_FBs_200_microL_001_C2_segmentation,63,spore,9.12303362007675,9.12303362007675,30.508347201441325,0.6920831798911727,3.4385918060150114,2.294621787785898
10720,20260804_isolated_FBs_200_microL_001_C2_segmentation,64,spore,14.328683927786251,14.328683927786251,39.35515017426226,0.7249144426774314,4.098193991261184,2.6224097159889688
10721,20260804_isolated_FBs_200_microL_001_C2_segmentation,65,spore,18.43010538234525,18.43010538234525,51.83343046535694,0.6509676164365257,4.440216424147707,2.904007067114244
10722,20260804_isolated_FBs_200_microL_001_C2_segmentation,66,spore,12.3568466900175,12.3568466900175,37.88861953845414,0.6822032456939301,4.06681456407037,2.4355521770082857
10723,20260804_isolated_FBs_200_microL_001_C2_segmentation,67,spore,19.034802135261,19.034802135261,42.98795962597899,0.8019910776086564,3.885971764320293,3.052340636138863
10724,20260804_isolated_FBs_200_microL_001_C2_segmentation,68,spore,13.723987174870501,13.723987174870501,42.55082332673552,0.6514729066667865,4.325475600296833,2.460771561241506
10725,20260804_isolated_FBs_200_microL_001_C2_segmentation,69,spore,14.59159555948875,14.59159555948875,42.13071341171742,0.6854153616676425,4.421278028201248,2.5101823805959085
10726,20260804_isolated_FBs_200_microL_001_C2_segmentation,70,spore,17.6150793240675,17.6150793240675,59.62429736985151,0.549098915241081,4.087302973309412,2.980917333926502
10727,20260804_isolated_FBs_200_microL_001_C2_segmentation,71,spore,13.90802531706225,13.90802531706225,43.53679348774455,0.6423987191891426,4.319037520712245,2.5443934885884674
10728,20260804_isolated_FBs_200_microL_001_C2_segmentation,72,spore,15.59065975995825,15.59065975995825,44.15109457775975,0.6835741726601073,4.4247944832235016,2.6271710164933615
10729,20260804_isolated_FBs_200_microL_001_C2_segmentation,73,spore,12.540884832209251,12.540884832209251,40.245344476612,0.6486154088943644,4.156788701843695,2.4404084987928494
10730,20260804_isolated_FBs_200_microL_001_C2_segmentation,74,spore,9.28078059909825,9.28078059909825,25.19506975185227,0.8476662592920678,3.330744152406108,2.2612102302241968
10731,20260804_isolated_FBs_200_microL_001_C2_segmentation,75,spore,9.9380596783545,9.9380596783545,29.978634763214515,0.745658558601391,3.370438505621347,2.2684067104335583
10732,20260804_isolated_FBs_200_microL_001_C2_segmentation,76,spore,11.357782489548,11.357782489548,38.27298340207736,0.6384411026471799,4.160361048291374,2.345085726670855
10733,20260804_isolated_FBs_200_microL_001_C2_segmentation,77,spore,5.54743542892275,5.54743542892275,29.433392069153395,0.5148791587773658,3.3133403701221398,1.8402721107110476
10734,20260804_isolated_FBs_200_microL_001_C2_segmentation,78,spore,15.48549510727725,15.48549510727725,44.475894396081216,0.6755271852036453,4.369914316854838,2.59655480797199
10735,20260804_isolated_FBs_200_microL_001_C2_segmentation,79,spore,10.64792108395125,10.64792108395125,28.35921400430415,0.8253404879739888,3.5685625244625516,2.3725730404898515
10736,20260804_isolated_FBs_200_microL_001_C2_segmentation,80,spore,16.82634442896,16.82634442896,45.87981814426552,0.6921320385238798,4.209473374098894,2.753330361670338
10737,20260804_isolated_FBs_200_microL_001_C2_segmentation,81,spore,9.12303362007675,9.12303362007675,34.41877030505928,0.6134534661540142,3.4533881381287763,2.3939897009927007
10738,20260804_isolated_FBs_200_microL_001_C2_segmentation,82,spore,12.409429016358,12.409429016358,29.597329281588877,0.8757889602258083,3.531775860297118,2.557948789704731
10739,20260804_isolated_FBs_200_microL_001_C2_segmentation,83,spore,7.2826521981592505,7.2826521981592505,23.76492694850463,0.7645525724684288,3.0186571125089388,2.121190980550616
10741,20260804_isolated_FBs_200_microL_001_C2_segmentation,85,spore,5.38968844990125,5.38968844990125,21.75378718377869,0.6833738509730342,2.3572130082815512,2.0741688305052564
10742,20260804_isolated_FBs_200_microL_001_C2_segmentation,86,spore,6.7831200979245,6.7831200979245,28.449609014855533,0.6091077985632732,3.346073231267712,2.0420172508482284
10743,20260804_isolated_FBs_200_microL_001_C2_segmentation,87,spore,8.01880476692625,8.01880476692625,30.42390307558645,0.6368086523869485,3.3019245844612923,2.3278048965936375
10745,20260804_isolated_FBs_200_microL_001_C2_segmentation,89,spore,5.468561939412,5.468561939412,18.40027168948545,0.8157842428409601,2.2460805168101996,2.0946016175610085
10746,20260804_isolated_FBs_200_microL_001_C2_segmentation,90,spore,7.151196382308,7.151196382308,29.20397864176202,0.6146500274914236,3.4143924129418948,2.1266018240526834
10747,20260804_isolated_FBs_200_microL_001_C2_segmentation,91,spore,8.938995477885001,8.938995477885001,32.47163917304616,0.6414641511853969,3.491491648270945,2.3013419912219995
10748,20260804_isolated_FBs_200_microL_001_C2_segmentation,92,spore,5.0741944918582504,5.0741944918582504,20.013380240147576,0.7135237237727953,2.2578831962641597,2.044240974511358
10749,20260804_isolated_FBs_200_microL_001_C2_segmentation,93,spore,6.7831200979245,6.7831200979245,25.03500107103568,0.6921860585447789,3.221397953861997,2.065527213193629
10829,20260804_isolated_FBs_200_microL_002_C2_segmentation,1,spore,32.62733349428025,32.62733349428025,62.11680270200824,0.7949309734542871,5.4266251009075654,3.3434284076152867
10830,20260804_isolated_FBs_200_microL_002_C2_segmentation,2,spore,7.49298150352125,7.49298150352125,28.487018900171194,0.6500402187721664,3.1311047895132345,2.1316906804069293
10831,20260804_isolated_FBs_200_microL_002_C2_segmentation,3,spore,11.147453184186,11.147453184186,28.174820736389226,0.856525047693424,3.4658391550094194,2.4370202358676427
10833,20260804_isolated_FBs_200_microL_002_C2_segmentation,5,spore,6.099549855498,6.099549855498,26.247823774129415,0.6150673587158629,3.1878979913172936,1.961372287141744
10843,20260804_isolated_FBs_200_microL_002_C2_segmentation,15,spore,11.6206941212505,11.6206941212505,29.416619071383508,0.8434242450528538,3.425392481572708,2.477467123871265
10844,20260804_isolated_FBs_200_microL_002_C2_segmentation,16,spore,5.1004856550285,5.1004856550285,25.080448351740927,0.5713337095988633,2.631926182845722,1.9396000279063514
10847,20260804_isolated_FBs_200_microL_002_C2_segmentation,19,spore,17.48362350821625,17.48362350821625,47.547652997115,0.6851347631592015,5.116075070006236,2.5486504710511566
10848,20260804_isolated_FBs_200_microL_002_C2_segmentation,20,spore,25.1869343170995,25.1869343170995,66.59676191458445,0.6239472633948141,5.410572975075312,2.9574921706728277
10849,20260804_isolated_FBs_200_microL_002_C2_segmentation,21,spore,16.11648302336325,16.11648302336325,39.6463464946433,0.7782655419505847,4.007860064742403,2.7789947692370136
10850,20260804_isolated_FBs_200_microL_002_C2_segmentation,22,spore,13.90802531706225,13.90802531706225,33.171893309802606,0.8431228242816187,3.7017517520887178,2.6539704961656336
10851,20260804_isolated_FBs_200_microL_002_C2_segmentation,23,spore,10.0432243310355,10.0432243310355,35.15078630208119,0.6404194634581963,3.2416921953887003,2.609811977115538
10853,20260804_isolated_FBs_200_microL_002_C2_segmentation,25,spore,11.22632667369675,11.22632667369675,43.47179479659732,0.5577441243290604,3.723934072252651,2.6664666450772927
10854,20260804_isolated_FBs_200_microL_002_C2_segmentation,26,spore,7.44039917718075,7.44039917718075,30.961538877966007,0.5952861024349421,3.5118605136977776,2.156583996094859
10858,20260804_isolated_FBs_200_microL_002_C2_segmentation,30,spore,15.222583475574751,15.222583475574751,34.29025049309374,0.8662416133989518,3.628027452427008,2.7588765294543522
10859,20260804_isolated_FBs_200_microL_002_C2_segmentation,31,spore,11.6206941212505,11.6206941212505,28.648499990359987,0.8660380034081238,3.548919618925529,2.4794407551074658
10860,20260804_isolated_FBs_200_microL_002_C2_segmentation,32,spore,11.59440295808025,11.59440295808025,30.319611908237288,0.8170702787177224,3.479422104869959,2.4700883065119066
10861,20260804_isolated_FBs_200_microL_002_C2_segmentation,33,spore,16.4582681445765,16.4582681445765,41.608308494037225,0.7520155476611639,3.911476554381554,2.7712667550007883
10862,20260804_isolated_FBs_200_microL_002_C2_segmentation,34,spore,17.247003039684,17.247003039684,38.456895899960394,0.8394322644807283,3.6726028379568985,3.0079530316270082
10863,20260804_isolated_FBs_200_microL_002_C2_segmentation,35,spore,15.43291278093675,15.43291278093675,44.079647503618816,0.6800558999757511,4.324056917166536,2.63511455637379
10864,20260804_isolated_FBs_200_microL_002_C2_segmentation,36,spore,13.277037400976251,13.277037400976251,31.569960346536924,0.8589031731100324,3.6626854524915906,2.610162792564647
10865,20260804_isolated_FBs_200_microL_002_C2_segmentation,37,spore,15.143709986064,15.143709986064,43.2711297321436,0.6840808185999542,4.218848339264954,2.6161766559400044
10866,20260804_isolated_FBs_200_microL_002_C2_segmentation,38,spore,14.617886722659,14.617886722659,37.20275816713863,0.7771390165544166,4.02017372442235,2.6456147182162546
10867,20260804_isolated_FBs_200_microL_002_C2_segmentation,39,spore,15.9324448811715,15.9324448811715,45.13646354823794,0.6783880856943603,4.3955578329102885,2.6572395998454064
10868,20260804_isolated_FBs_200_microL_002_C2_segmentation,40,spore,15.59065975995825,15.59065975995825,41.52185875904089,0.7268592700334933,3.8469192055394217,2.823087449764413
10869,20260804_isolated_FBs_200_microL_002_C2_segmentation,41,spore,8.59721035667175,8.59721035667175,26.012634615001073,0.7801979758757389,3.3782135313786164,2.176086827154026
10870,20260804_isolated_FBs_200_microL_002_C2_segmentation,42,spore,15.9324448811715,15.9324448811715,40.28021150956807,0.7601757278317418,3.9799521966321882,2.737775946361325
10871,20260804_isolated_FBs_200_microL_002_C2_segmentation,43,spore,15.669533249469001,15.669533249469001,45.509853784446314,0.6653998895981025,4.312266255687938,2.657800741272353
10872,20260804_isolated_FBs_200_microL_002_C2_segmentation,44,spore,9.464818741290001,9.464818741290001,26.45093526938188,0.8180589981477033,3.3306376860001397,2.3071028490315983
10873,20260804_isolated_FBs_200_microL_002_C2_segmentation,45,spore,17.95686444528075,17.95686444528075,40.31240561590015,0.8226196489944203,4.030872691783893,2.9299863307704492
10874,20260804_isolated_FBs_200_microL_002_C2_segmentation,46,spore,16.43197698140625,16.43197698140625,41.47888608340908,0.7535584049578484,4.18371222035306,2.748219493673202
10875,20260804_isolated_FBs_200_microL_002_C2_segmentation,47,spore,11.462947142229,11.462947142229,37.925316593472104,0.6482647933771482,3.8807652666515464,2.423232495779378
10876,20260804_isolated_FBs_200_microL_002_C2_segmentation,48,spore,15.95873604434175,15.95873604434175,44.82220122692475,0.6838958019985625,4.33152138088501,2.641993896200802
10877,20260804_isolated_FBs_200_microL_002_C2_segmentation,49,spore,17.53620583455675,17.53620583455675,38.92972188329582,0.8384810394324507,3.9099840167036417,2.916801141101546
10878,20260804_isolated_FBs_200_microL_002_C2_segmentation,50,spore,15.77469790215,15.77469790215,38.34982917796506,0.7931610723985636,4.2084703559877745,2.679617737645443
10879,20260804_isolated_FBs_200_microL_002_C2_segmentation,51,spore,14.01318996974325,14.01318996974325,32.09878917182354,0.8756962311284284,3.6243230845607375,2.7055570705018495
10880,20260804_isolated_FBs_200_microL_002_C2_segmentation,52,spore,16.3531034918955,16.3531034918955,45.30206782515532,0.6877536258574002,4.417997481878902,2.664220405800113
10881,20260804_isolated_FBs_200_microL_002_C2_segmentation,53,spore,15.459203944107001,15.459203944107001,42.56963020684265,0.704978162856979,4.400487892068563,2.5954348197419006
10882,20260804_isolated_FBs_200_microL_002_C2_segmentation,54,spore,15.77469790215,15.77469790215,47.37740052914948,0.6420274497411846,4.161397376265491,2.6997964711800115
10883,20260804_isolated_FBs_200_microL_002_C2_segmentation,55,spore,14.696760212169751,14.696760212169751,43.2756775592684,0.6704833339499802,4.360305500383703,2.5746096830347547
10884,20260804_isolated_FBs_200_microL_002_C2_segmentation,56,spore,16.090191860193002,16.090191860193002,44.511741459729414,0.6924424545147765,4.340258272411931,2.65863268985091
10885,20260804_isolated_FBs_200_microL_002_C2_segmentation,57,spore,16.616015123598,16.616015123598,49.12153662183822,0.641057176523522,4.253082817130135,2.800953439882959
10886,20260804_isolated_FBs_200_microL_002_C2_segmentation,58,spore,16.43197698140625,16.43197698140625,38.54535637812213,0.810908658615568,4.26018296783474,2.67084655779624
10887,20260804_isolated_FBs_200_microL_002_C2_segmentation,59,spore,13.802860664381251,13.802860664381251,34.42186698398014,0.8084052124088473,3.9741777525123467,2.5374133688537923
10888,20260804_isolated_FBs_200_microL_002_C2_segmentation,60,spore,5.54743542892275,5.54743542892275,24.039559052969107,0.6304042480620439,3.321942086046684,1.6766739932933383
10889,20260804_isolated_FBs_200_microL_002_C2_segmentation,61,spore,15.43291278093675,15.43291278093675,43.42396166025192,0.6903244938410684,3.612022897785634,2.935126247830275
10890,20260804_isolated_FBs_200_microL_002_C2_segmentation,62,spore,6.3098791608600004,6.3098791608600004,27.854939216245413,0.5928287687375092,4.839398730795749,1.3867241264363364
10891,20260804_isolated_FBs_200_microL_002_C2_segmentation,63,spore,15.879862554831,15.879862554831,38.341401317140374,0.7968574469556057,3.8487183172579433,2.8248966238765294
10892,20260804_isolated_FBs_200_microL_002_C2_segmentation,64,spore,16.247938839214502,16.247938839214502,49.672674414011865,0.624547438558349,4.109131571509681,2.804158435668782
10893,20260804_isolated_FBs_200_microL_002_C2_segmentation,65,spore,12.2516820373365,12.2516820373365,39.781994499785675,0.6460429371928778,4.082084858861073,2.428370734250205
10894,20260804_isolated_FBs_200_microL_002_C2_segmentation,66,spore,14.90708951753175,14.90708951753175,35.11051828062678,0.8342741563212258,3.735051159081441,2.691651191842137
10895,20260804_isolated_FBs_200_microL_002_C2_segmentation,67,spore,16.090191860193002,16.090191860193002,44.86791881856773,0.6869456021737107,4.450682581105105,2.6615828081328523
10896,20260804_isolated_FBs_200_microL_002_C2_segmentation,68,spore,15.879862554831,15.879862554831,47.53390771279917,0.6427544596349282,4.264856201890656,2.7324972063616384
10897,20260804_isolated_FBs_200_microL_002_C2_segmentation,69,spore,10.963415041994251,10.963415041994251,27.50489810948375,0.867703443623732,3.593841470013158,2.348427406648406
10898,20260804_isolated_FBs_200_microL_002_C2_segmentation,70,spore,15.59065975995825,15.59065975995825,45.8875283994441,0.6577069848982298,4.244592701332117,2.6727777067084904
10899,20260804_isolated_FBs_200_microL_002_C2_segmentation,71,spore,15.64324208629875,15.64324208629875,37.86344233234034,0.79888059765483,3.858306172608217,2.7364383632894036
10900,20260804_isolated_FBs_200_microL_002_C2_segmentation,72,spore,8.54462803033125,8.54462803033125,25.95175112327196,0.7788363829159295,3.006383149647329,2.3553062767653254
10901,20260804_isolated_FBs_200_microL_002_C2_segmentation,73,spore,21.479880310094252,21.479880310094252,78.99424954870179,0.4730530913689263,5.31770182609135,2.5787026721127626
10902,20260804_isolated_FBs_200_microL_002_C2_segmentation,74,spore,13.1981639114655,13.1981639114655,41.65643027868576,0.6483523445349608,4.148635417991925,2.4644388362717886
10903,20260804_isolated_FBs_200_microL_002_C2_segmentation,75,spore,9.359654088609,9.359654088609,34.187239758251486,0.6282414966967699,3.385054432074445,2.3779081702338805
10904,20260804_isolated_FBs_200_microL_002_C2_segmentation,76,spore,18.824472829899,18.824472829899,40.68211584522564,0.8411933050951208,3.726175309831757,3.094283409165335
10905,20260804_isolated_FBs_200_microL_002_C2_segmentation,77,spore,15.7221155758095,15.7221155758095,42.09235558111263,0.7210325713942304,4.1435577481016805,2.681786531623089
10906,20260804_isolated_FBs_200_microL_002_C2_segmentation,78,spore,15.59065975995825,15.59065975995825,40.11197239273335,0.7524074770628271,3.623743969904275,2.8918790673375523
10907,20260804_isolated_FBs_200_microL_002_C2_segmentation,79,spore,14.22351927510525,14.22351927510525,43.759599252816685,0.6487571622471376,4.136565715294089,2.617615344514872
10908,20260804_isolated_FBs_200_microL_002_C2_segmentation,80,spore,17.431041181875752,17.431041181875752,48.280130005708095,0.6733867700086554,4.419278648899886,2.7658853951883873
10909,20260804_isolated_FBs_200_microL_002_C2_segmentation,81,spore,12.1465173846555,12.1465173846555,29.69029876161674,0.860671470961047,3.5213274766102924,2.5439633926691956
10910,20260804_isolated_FBs_200_microL_002_C2_segmentation,82,spore,16.95780024481125,16.95780024481125,43.555758848476586,0.7328552723846087,4.308820281967056,2.7367574352862487
10911,20260804_isolated_FBs_200_microL_002_C2_segmentation,83,spore,15.48549510727725,15.48549510727725,48.97892049343754,0.6134205378173835,3.6779884664546776,2.918020260761444
10912,20260804_isolated_FBs_200_microL_002_C2_segmentation,84,spore,16.22164767604425,16.22164767604425,53.3750170569685,0.5805987200025527,4.177603736270327,2.79239532243686
10913,20260804_isolated_FBs_200_microL_002_C2_segmentation,85,spore,16.090191860193002,16.090191860193002,39.77199690783057,0.774962835849808,3.787081952934291,2.8610153617626444
10914,20260804_isolated_FBs_200_microL_002_C2_segmentation,86,spore,12.1465173846555,12.1465173846555,29.91504746116685,0.8542053340080813,3.599390563843917,2.527925305684425
10915,20260804_isolated_FBs_200_microL_002_C2_segmentation,87,spore,15.301456965085501,15.301456965085501,44.68861713724952,0.6669742469901603,4.308862266696967,2.5895405798781646
10916,20260804_isolated_FBs_200_microL_002_C2_segmentation,88,spore,16.11648302336325,16.11648302336325,51.74423610825507,0.5963057465272289,3.8308836341853727,2.9901502501999966
10917,20260804_isolated_FBs_200_microL_002_C2_segmentation,89,spore,15.5117862704475,15.5117862704475,49.50221218445374,0.6076227956741999,3.722270783642083,2.93584236740789
10918,20260804_isolated_FBs_200_microL_002_C2_segmentation,90,spore,14.039481132913501,14.039481132913501,43.24459812804633,0.650808121588821,4.124791905553616,2.6337026047107566
10919,20260804_isolated_FBs_200_microL_002_C2_segmentation,91,spore,14.9859630070425,14.9859630070425,44.99691310462863,0.6532676827801231,4.2286021367153666,2.6663633870394565
10920,20260804_isolated_FBs_200_microL_002_C2_segmentation,92,spore,8.22913407228825,8.22913407228825,32.45445577149868,0.6073595794445722,3.5330721839986814,1.9744709414541843
10921,20260804_isolated_FBs_200_microL_002_C2_segmentation,93,spore,13.1981639114655,13.1981639114655,31.503973085152673,0.8572900999865161,3.5657093229918675,2.642170585777765
10922,20260804_isolated_FBs_200_microL_002_C2_segmentation,94,spore,7.07232289279725,7.07232289279725,29.895710166278455,0.5960050922988197,3.2503552816200134,2.160396042958828
10923,20260804_isolated_FBs_200_microL_002_C2_segmentation,95,spore,12.64604948489025,12.64604948489025,33.62070418028759,0.780753435065938,3.583520155094818,2.6077594926293663
10924,20260804_isolated_FBs_200_microL_002_C2_segmentation,96,spore,12.935252279763,12.935252279763,39.145532112950875,0.6807461478382255,3.5371459802242,2.6891723411341824
10925,20260804_isolated_FBs_200_microL_002_C2_segmentation,97,spore,11.988770405634,11.988770405634,32.879197782311465,0.7704527458089325,3.5472177857545373,2.547845044685567
10926,20260804_isolated_FBs_200_microL_002_C2_segmentation,98,spore,11.778441100272001,11.778441100272001,29.055645820305795,0.861612784918796,3.5426229143928616,2.4996705040963514
10927,20260804_isolated_FBs_200_microL_002_C2_segmentation,99,spore,10.17468014688675,10.17468014688675,30.2835677475473,0.7498209944667079,3.3795099134600437,2.3796980750755306
10928,20260804_isolated_FBs_200_microL_002_C2_segmentation,100,spore,10.595338757610751,10.595338757610751,34.31427389846309,0.6798595598484767,3.467578907904283,2.4568930681449235
10929,20260804_isolated_FBs_200_microL_002_C2_segmentation,101,spore,13.355910890487001,13.355910890487001,31.798548494116275,0.8561026409774113,3.5215198577604814,2.6596373345898323
10930,20260804_isolated_FBs_200_microL_002_C2_segmentation,102,spore,6.3098791608600004,6.3098791608600004,24.525717402449473,0.6733017855443321,2.666967410953114,2.2051011991368834
10931,20260804_isolated_FBs_200_microL_002_C2_segmentation,103,spore,11.357782489548,11.357782489548,36.63275200197971,0.6670273017844512,3.448461442313058,2.559819092252506
10933,20260804_isolated_FBs_200_microL_002_C2_segmentation,105,spore,13.802860664381251,13.802860664381251,32.49896656066828,0.8562369710663608,3.60181885391336,2.6524784186636214
10934,20260804_isolated_FBs_200_microL_002_C2_segmentation,106,spore,13.355910890487001,13.355910890487001,32.07344769397015,0.8487650471757406,3.600915119510518,2.625162713271261
10935,20260804_isolated_FBs_200_microL_002_C2_segmentation,107,spore,11.042288531505001,11.042288531505001,28.405103328537454,0.8442294118516093,3.3972901216942764,2.4258910873437305
10936,20260804_isolated_FBs_200_microL_002_C2_segmentation,108,spore,11.147453184186,11.147453184186,28.28833433713011,0.8530880393093417,3.392877093745292,2.4460976293830896
10937,20260804_isolated_FBs_200_microL_002_C2_segmentation,109,spore,14.11835462242425,14.11835462242425,32.97308194238312,0.8567365729939745,3.6047032854696903,2.695451680955742
10938,20260804_isolated_FBs_200_microL_002_C2_segmentation,110,spore,15.7221155758095,15.7221155758095,43.782837566520385,0.6931930653096308,3.527424961089353,2.920937702421204
10939,20260804_isolated_FBs_200_microL_002_C2_segmentation,111,spore,8.2554252354585,8.2554252354585,30.75106891915007,0.6423674706831992,3.3493205359072014,2.287980770177976
10940,20260804_isolated_FBs_200_microL_002_C2_segmentation,112,spore,10.595338757610751,10.595338757610751,34.13454767061248,0.6834391764685306,3.433872974370171,2.477000153059045
10941,20260804_isolated_FBs_200_microL_002_C2_segmentation,113,spore,12.06764389514475,12.06764389514475,37.05449479078041,0.6866333374591187,3.5753695093065376,2.635724037262937
10942,20260804_isolated_FBs_200_microL_002_C2_segmentation,114,spore,7.0197405664567505,7.0197405664567505,33.17367775859265,0.5344468774889208,3.269527683098919,2.2351967161722444
10943,20260804_isolated_FBs_200_microL_002_C2_segmentation,115,spore,12.462011342698501,12.462011342698501,35.1281899046753,0.7399807931300681,3.547351075425585,2.592801682264801
10944,20260804_isolated_FBs_200_microL_002_C2_segmentation,116,spore,10.726794573462,10.726794573462,35.07666482077978,0.6705726053876003,3.418418156524357,2.495099812112443
10945,20260804_isolated_FBs_200_microL_002_C2_segmentation,117,spore,13.066708095614251,13.066708095614251,30.889321311189253,0.8685334538173236,3.5201657355907994,2.5929224027762876
10949,20260804_isolated_FBs_200_microL_002_C2_segmentation,121,spore,16.8789267553005,16.8789267553005,39.13550034732064,0.813098424538305,3.6472123790372413,2.9508105184373172
10950,20260804_isolated_FBs_200_microL_002_C2_segmentation,122,spore,8.623501519842,8.623501519842,31.7358111448971,0.640801644474791,3.328590873258886,2.307791294309899
10951,20260804_isolated_FBs_200_microL_002_C2_segmentation,123,spore,13.01412576927375,13.01412576927375,31.423609455681422,0.8514739954931383,3.575760366884347,2.596346951542504
10952,20260804_isolated_FBs_200_microL_002_C2_segmentation,124,spore,7.9399312774155,7.9399312774155,30.99849364341513,0.6208995762644638,3.2362426662698787,2.321559130525563
10971,20260804_isolated_FBs_200_microL_002_C2_segmentation,10,vc,16.80005326578975,16.80005326578975,83.82132419942528,0.3784455295791891,5.816702768825998,2.4821684792905283
11046,20260804_isolated_FBs_200_microL_003_C2_segmentation,1,spore,14.486430906807751,14.486430906807751,42.291011166416496,0.6795326393250114,4.401220170176093,2.587490709045935
11047,20260804_isolated_FBs_200_microL_003_C2_segmentation,2,spore,12.1465173846555,12.1465173846555,29.70113273328259,0.8603575270312404,3.4161017300078296,2.6058856509192228
11048,20260804_isolated_FBs_200_microL_003_C2_segmentation,3,spore,8.9915778042255,8.9915778042255,26.849532188624494,0.7788216320207502,3.3794310032131047,2.2168459128687217
11049,20260804_isolated_FBs_200_microL_003_C2_segmentation,4,spore,6.96715824011625,6.96715824011625,31.013459829853048,0.5688149763292264,2.945429674594293,2.190762144655822
11050,20260804_isolated_FBs_200_microL_003_C2_segmentation,5,spore,12.093935058315001,12.093935058315001,29.81032144970451,0.854730536746487,3.508540310645853,2.5195802656684454
11054,20260804_isolated_FBs_200_microL_003_C2_segmentation,9,spore,18.16719375064275,18.16719375064275,41.998667937106596,0.7957448566938434,4.816385294834447,2.6510869573706186
11055,20260804_isolated_FBs_200_microL_003_C2_segmentation,10,spore,33.994473979133254,33.994473979133254,106.60846353994162,0.4760267122277289,5.424539256288464,3.658668250102994
11056,20260804_isolated_FBs_200_microL_003_C2_segmentation,11,spore,21.874247757648,21.874247757648,93.27540531813426,0.40551388643966707,5.722973178500249,2.774694825234525
11057,20260804_isolated_FBs_200_microL_003_C2_segmentation,12,spore,18.482687708685752,18.482687708685752,91.04435154892275,0.3713138948269812,5.958975785280565,2.829552470325366
11058,20260804_isolated_FBs_200_microL_003_C2_segmentation,13,spore,15.59065975995825,15.59065975995825,38.23304704290704,0.7893837996788524,4.615961810221692,2.504022659034485
11059,20260804_isolated_FBs_200_microL_003_C2_segmentation,14,spore,28.525912039721252,28.525912039721252,88.65351934518844,0.5092696981584774,5.538592402552943,3.176096970145991
11061,20260804_isolated_FBs_200_microL_003_C2_segmentation,16,spore,19.4028784196445,19.4028784196445,56.08115963136998,0.6226508435136799,4.843261276181852,2.83734923647839
11062,20260804_isolated_FBs_200_microL_003_C2_segmentation,17,spore,13.53994903267875,13.53994903267875,36.21955913682001,0.7584942935066838,3.9590248796345806,2.5500663925857037
11063,20260804_isolated_FBs_200_microL_003_C2_segmentation,18,spore,14.38126625412675,14.38126625412675,37.462630576201526,0.7633972761729074,4.342769057586353,2.471963718101295
11064,20260804_isolated_FBs_200_microL_003_C2_segmentation,19,spore,10.64792108395125,10.64792108395125,37.23795270770424,0.6285524800086189,4.054414662341583,2.3233100485394025
11065,20260804_isolated_FBs_200_microL_003_C2_segmentation,20,spore,14.27610160144575,14.27610160144575,39.34060226437123,0.7234072778311406,4.289977188079784,2.546550860904794
11066,20260804_isolated_FBs_200_microL_003_C2_segmentation,21,spore,15.77469790215,15.77469790215,42.06403045932152,0.7231259416881641,4.114063203546268,2.688291894368501
11067,20260804_isolated_FBs_200_microL_003_C2_segmentation,22,spore,17.562496997727,17.562496997727,46.0637235132264,0.7093315205874011,4.435470349883216,2.725456185225668
11068,20260804_isolated_FBs_200_microL_003_C2_segmentation,23,spore,17.79911746625925,17.79911746625925,58.26670713614553,0.5657995904297398,4.476497827108576,2.8814841108463307
11069,20260804_isolated_FBs_200_microL_003_C2_segmentation,24,spore,14.74934253851025,14.74934253851025,36.524143054907356,0.7963167737783376,3.9932383435311887,2.6727846113261218
11070,20260804_isolated_FBs_200_microL_003_C2_segmentation,25,spore,18.00944677162125,18.00944677162125,42.7287414829273,0.7776143583129964,4.661221231560708,2.701844515799948
11071,20260804_isolated_FBs_200_microL_003_C2_segmentation,26,spore,14.512722069978,14.512722069978,35.53061196809823,0.8098054382650806,4.001765115212346,2.6255798939005746
11072,20260804_isolated_FBs_200_microL_003_C2_segmentation,27,spore,18.324940729664252,18.324940729664252,58.95622191484792,0.5701417774609352,4.646127286835709,2.840296681960805
11073,20260804_isolated_FBs_200_microL_003_C2_segmentation,28,spore,13.53994903267875,13.53994903267875,33.57455986123322,0.8182483711521921,4.155221156781855,2.47355514014335
11074,20260804_isolated_FBs_200_microL_003_C2_segmentation,29,spore,18.95592864575025,18.95592864575025,46.16951114013288,0.7446614846840559,4.56067823735758,2.87629096103344
11075,20260804_isolated_FBs_200_microL_003_C2_segmentation,30,spore,17.06296489749225,17.06296489749225,43.65132676002176,0.7342709405985042,5.102481762480903,2.52422612904193
11076,20260804_isolated_FBs_200_microL_003_C2_segmentation,31,spore,16.64230628676825,16.64230628676825,44.93981653111442,0.7014474969052271,4.140461587699381,2.8513305696029567
11077,20260804_isolated_FBs_200_microL_003_C2_segmentation,32,spore,18.27235840332375,18.27235840332375,46.9603808811269,0.7144122902106125,4.486965688628633,2.780311231219391
11078,20260804_isolated_FBs_200_microL_003_C2_segmentation,33,spore,14.854507191191251,14.854507191191251,36.29091663726124,0.8052394044267928,4.046692366249014,2.6727824678808654
11079,20260804_isolated_FBs_200_microL_003_C2_segmentation,34,spore,17.95686444528075,17.95686444528075,47.45745160768224,0.6987685987020923,4.435614451210014,2.8622002440031302
11080,20260804_isolated_FBs_200_microL_003_C2_segmentation,35,spore,17.983155608451,17.983155608451,53.732975067063904,0.6177610259932641,4.738125591925343,2.717979842458622
11081,20260804_isolated_FBs_200_microL_003_C2_segmentation,36,spore,18.5615611981965,18.5615611981965,49.63886972807765,0.6829756835035419,4.127805609310487,2.9676066937586127
11082,20260804_isolated_FBs_200_microL_003_C2_segmentation,37,spore,14.72305137534,14.72305137534,37.51476701675105,0.774367449635612,3.8891281129896744,2.6740186899616902
11083,20260804_isolated_FBs_200_microL_003_C2_segmentation,38,spore,17.95686444528075,17.95686444528075,54.72811509556291,0.6059367639460521,4.435287406127059,2.8370020249767083
11084,20260804_isolated_FBs_200_microL_003_C2_segmentation,39,spore,19.665790051347,19.665790051347,82.53328479837992,0.4269030521888107,5.38667498525218,2.606367797062501
11086,20260804_isolated_FBs_200_microL_003_C2_segmentation,41,spore,11.857314589782751,11.857314589782751,38.29838566523909,0.6565904341905034,4.236631557100869,2.34470229618826
11087,20260804_isolated_FBs_200_microL_003_C2_segmentation,42,spore,17.562496997727,17.562496997727,42.49803318179639,0.7688461935116161,4.354386364951089,2.7887877465795747
11088,20260804_isolated_FBs_200_microL_003_C2_segmentation,43,spore,21.138095188881,21.138095188881,50.3511854140482,0.7342630226511694,4.69121795886521,2.954788579954756
11089,20260804_isolated_FBs_200_microL_003_C2_segmentation,44,spore,17.06296489749225,17.06296489749225,45.3356485506544,0.7069911158906578,4.400404956356558,2.784096664506171
11090,20260804_isolated_FBs_200_microL_003_C2_segmentation,45,spore,17.27329420285425,17.27329420285425,42.63745637163768,0.7578960027122692,4.072222403405545,2.8774182939256776
11091,20260804_isolated_FBs_200_microL_003_C2_segmentation,46,spore,11.5155294685695,11.5155294685695,33.40305615934223,0.7382790218254913,3.9347164148082867,2.327337591569425
11092,20260804_isolated_FBs_200_microL_003_C2_segmentation,47,spore,18.06202909796175,18.06202909796175,55.44886705271941,0.600393256843267,4.295862473663167,2.8966731733703615
11093,20260804_isolated_FBs_200_microL_003_C2_segmentation,48,spore,9.990642004695001,9.990642004695001,36.79201380663653,0.6097139941315316,3.3987925353194455,2.492638943400057
11094,20260804_isolated_FBs_200_microL_003_C2_segmentation,49,spore,14.06577229608375,14.06577229608375,44.163428621752374,0.6380632482216136,4.112790748596748,2.6234887841855365
11095,20260804_isolated_FBs_200_microL_003_C2_segmentation,50,spore,15.77469790215,15.77469790215,52.35305574519353,0.5810089058629418,4.096041847316209,2.781825811066364
11096,20260804_isolated_FBs_200_microL_003_C2_segmentation,51,spore,12.6723406480605,12.6723406480605,32.89760672073574,0.7990201148248431,3.916747965106447,2.4884728434218113
11097,20260804_isolated_FBs_200_microL_003_C2_segmentation,52,spore,12.96154344293325,12.96154344293325,40.97852022596995,0.6511769203629793,4.136360711157467,2.487806649584128
11098,20260804_isolated_FBs_200_microL_003_C2_segmentation,53,spore,16.537141634087252,16.537141634087252,45.71221147989704,0.6866870483870465,4.473347871919085,2.6996636541714647
11099,20260804_isolated_FBs_200_microL_003_C2_segmentation,54,spore,14.565304396318501,14.565304396318501,40.67977692948648,0.7090093110038093,4.31606681720251,2.538081199579523
11100,20260804_isolated_FBs_200_microL_003_C2_segmentation,55,spore,14.38126625412675,14.38126625412675,45.949179889817664,0.622402188868699,4.087013645348382,2.7032202682647704
11101,20260804_isolated_FBs_200_microL_003_C2_segmentation,56,spore,17.37845885553525,17.37845885553525,49.965094015224956,0.64936905495855,4.466348923244523,2.7675083644217113
11102,20260804_isolated_FBs_200_microL_003_C2_segmentation,57,spore,13.566240195849,13.566240195849,42.29293915513393,0.6504130678630043,4.199530960961915,2.470740023296707
11103,20260804_isolated_FBs_200_microL_003_C2_segmentation,58,spore,16.11648302336325,16.11648302336325,45.81954766948016,0.6734109547215507,4.382744932163901,2.6755816584316348
11104,20260804_isolated_FBs_200_microL_003_C2_segmentation,59,spore,14.1446457855945,14.1446457855945,40.182420723166246,0.7038974827014932,4.185133075747636,2.5644695585403428
11105,20260804_isolated_FBs_200_microL_003_C2_segmentation,60,spore,17.16812955017325,17.16812955017325,44.520254028260766,0.722894874181084,4.548663104470988,2.6705970635508978
11106,20260804_isolated_FBs_200_microL_003_C2_segmentation,61,spore,14.328683927786251,14.328683927786251,43.57228682445084,0.6547537169670118,4.198880586285796,2.586286718631722
11107,20260804_isolated_FBs_200_microL_003_C2_segmentation,62,spore,11.06857969467525,11.06857969467525,37.05417564463727,0.6481988152342592,3.3472107056046894,2.5954939997785496
11108,20260804_isolated_FBs_200_microL_003_C2_segmentation,63,spore,15.4066216177665,15.4066216177665,50.49293758010678,0.5930051035428249,3.811419519366992,2.896606836609256
11109,20260804_isolated_FBs_200_microL_003_C2_segmentation,64,spore,23.16251475299025,23.16251475299025,47.656950885078246,0.8245462317402444,4.989413968352512,2.9814480695300984
11110,20260804_isolated_FBs_200_microL_003_C2_segmentation,65,spore,10.91083271565375,10.91083271565375,33.60939565437711,0.707829544624597,3.547302010525987,2.4219326398708874
11111,20260804_isolated_FBs_200_microL_003_C2_segmentation,66,spore,14.039481132913501,14.039481132913501,41.885651423590964,0.6719230743711427,4.245116750912029,2.5048509257732476
11112,20260804_isolated_FBs_200_microL_003_C2_segmentation,67,spore,15.59065975995825,15.59065975995825,49.43303308058536,0.6105340107055572,3.695849615178398,2.9794293498427833
11113,20260804_isolated_FBs_200_microL_003_C2_segmentation,68,spore,16.01131837068225,16.01131837068225,45.387013032245875,0.676867898698881,4.345796090222441,2.710973182797865
11114,20260804_isolated_FBs_200_microL_003_C2_segmentation,69,spore,12.751214137571251,12.751214137571251,37.57575280427477,0.7024425224604635,3.715960289987684,2.592862115066788
11115,20260804_isolated_FBs_200_microL_003_C2_segmentation,70,spore,7.677019645713,7.677019645713,22.81235214252479,0.8249782374219579,2.791964600237209,2.27103358160931
11116,20260804_isolated_FBs_200_microL_003_C2_segmentation,71,spore,11.331491326377751,11.331491326377751,38.7934604172477,0.6289029773454647,3.631243977864831,2.539663332804463
11117,20260804_isolated_FBs_200_microL_003_C2_segmentation,72,spore,14.933380680702001,14.933380680702001,48.30409346187162,0.6071168399756788,3.6659206706597667,2.953174113794718
11118,20260804_isolated_FBs_200_microL_003_C2_segmentation,73,spore,15.222583475574751,15.222583475574751,48.62177291052876,0.6109123574257731,4.165459620267402,2.753787330339002
11119,20260804_isolated_FBs_200_microL_003_C2_segmentation,74,spore,15.59065975995825,15.59065975995825,44.03633772918772,0.6853555382746168,4.4079911890419705,2.617157556953827
11120,20260804_isolated_FBs_200_microL_003_C2_segmentation,75,spore,12.1465173846555,12.1465173846555,29.686334956865036,0.8607863902891221,3.6488660354159013,2.5023368292433146
11121,20260804_isolated_FBs_200_microL_003_C2_segmentation,76,spore,14.039481132913501,14.039481132913501,43.57136247473279,0.6459273724317907,4.172504312061799,2.5536257320786118
11122,20260804_isolated_FBs_200_microL_003_C2_segmentation,77,spore,14.01318996974325,14.01318996974325,39.647946870118176,0.7089595028371289,3.905127357693406,2.6467357763634953
11123,20260804_isolated_FBs_200_microL_003_C2_segmentation,78,spore,13.040416932444,13.040416932444,34.977315316630175,0.7659938868466885,3.9036771561222925,2.5300102004848006
11124,20260804_isolated_FBs_200_microL_003_C2_segmentation,79,spore,15.1962923124045,15.1962923124045,48.53953919262132,0.6112425347980912,4.229808872998569,2.6744625120126218
11125,20260804_isolated_FBs_200_microL_003_C2_segmentation,80,spore,15.59065975995825,15.59065975995825,55.49488174169832,0.5438438104707752,3.806305900213895,2.98509008293902
11126,20260804_isolated_FBs_200_microL_003_C2_segmentation,81,spore,16.01131837068225,16.01131837068225,50.520384358796676,0.6080914175389841,4.221219036606659,2.78113740800786
11127,20260804_isolated_FBs_200_microL_003_C2_segmentation,82,spore,13.355910890487001,13.355910890487001,42.5755916922172,0.6393997185490096,4.057944046249815,2.5576588722056544
11128,20260804_isolated_FBs_200_microL_003_C2_segmentation,83,spore,18.74559934038825,18.74559934038825,47.68519853811493,0.7156490233149921,4.216088679913134,2.923318224654938
11129,20260804_isolated_FBs_200_microL_003_C2_segmentation,84,spore,13.355910890487001,13.355910890487001,42.4926457615132,0.6406478311058171,4.07112772050159,2.525213573221575
11130,20260804_isolated_FBs_200_microL_003_C2_segmentation,85,spore,15.038545333383,15.038545333383,44.60205841005458,0.6605916937562822,4.275372450242182,2.6314165106882927
11131,20260804_isolated_FBs_200_microL_003_C2_segmentation,86,spore,14.8807983543615,14.8807983543615,49.46549981137556,0.5914697580519074,3.659705327456227,2.940333633280649
11132,20260804_isolated_FBs_200_microL_003_C2_segmentation,87,spore,12.43572017952825,12.43572017952825,40.76913723368434,0.6366976267993963,3.8219424261078885,2.5378382260397414
11133,20260804_isolated_FBs_200_microL_003_C2_segmentation,88,spore,11.357782489548,11.357782489548,35.97412483716194,0.6792394765800565,3.723315114821092,2.4341769934122306
11134,20260804_isolated_FBs_200_microL_003_C2_segmentation,89,spore,12.6723406480605,12.6723406480605,38.60227209818721,0.6809404750219147,3.854318149852437,2.5124959334853143
11135,20260804_isolated_FBs_200_microL_003_C2_segmentation,90,spore,7.36152568767,7.36152568767,27.33202580882083,0.6695620909360352,3.202184996825758,2.1262593577924527
11136,20260804_isolated_FBs_200_microL_003_C2_segmentation,91,spore,9.780312699333,9.780312699333,25.94968833570894,0.8522895009692643,3.453498433738226,2.240036958873481
11137,20260804_isolated_FBs_200_microL_003_C2_segmentation,92,spore,12.96154344293325,12.96154344293325,31.49232662981198,0.8473259824670656,3.5401486872060874,2.6150786978402314
11138,20260804_isolated_FBs_200_microL_003_C2_segmentation,93,spore,8.01880476692625,8.01880476692625,26.654421960494993,0.7268664368947939,2.773360155989386,2.2862212908749413
11139,20260804_isolated_FBs_200_microL_003_C2_segmentation,94,spore,12.12022622148525,12.12022622148525,29.65602728270339,0.8604222567771637,3.5599113699289533,2.506989429123529
11140,20260804_isolated_FBs_200_microL_003_C2_segmentation,95,spore,14.11835462242425,14.11835462242425,39.850436045741674,0.7088817093981451,4.016944144266028,2.6216519248155814
11141,20260804_isolated_FBs_200_microL_003_C2_segmentation,96,spore,8.28171639862875,8.28171639862875,31.514147830714364,0.6281433881955398,3.2934802088289796,2.2763578685858428
11142,20260804_isolated_FBs_200_microL_003_C2_segmentation,97,spore,7.33523452449975,7.33523452449975,30.95313957311387,0.5898235214013491,3.3842737292508223,2.1746366249876794
11143,20260804_isolated_FBs_200_microL_003_C2_segmentation,98,spore,5.12677681819875,5.12677681819875,25.639963026219306,0.5607849345698498,2.927163420300999,1.9320734630114835
11144,20260804_isolated_FBs_200_microL_003_C2_segmentation,99,spore,9.254489435928,9.254489435928,32.951475493165354,0.646910550894059,3.4730505206639073,2.3425602850976928
11145,20260804_isolated_FBs_200_microL_003_C2_segmentation,100,spore,11.8310234266125,11.8310234266125,32.448427153113485,0.7738177431401412,3.561998220592152,2.5038097960831562
11146,20260804_isolated_FBs_200_microL_003_C2_segmentation,101,spore,6.3098791608600004,6.3098791608600004,22.970479793536,0.7188883065242643,3.1536986935673403,1.9248477744839003
11152,20260804_isolated_FBs_200_microL_003_C2_segmentation,2,vc,6.33617032403025,6.33617032403025,75.9114857167172,0.21813625952687068,6.817133531076602,3.7953708343911563
11153,20260804_isolated_FBs_200_microL_003_C2_segmentation,3,vc,9.75402153616275,9.75402153616275,107.40535401576037,0.20554835256749804,6.715261498890851,3.5563617569292023
11252,20260804_isolated_FBs_200_microL_004_C2_segmentation,2,spore,10.9897062051645,10.9897062051645,33.85657612335024,0.7060440699282693,3.4474631580342607,2.460915796805287
11253,20260804_isolated_FBs_200_microL_004_C2_segmentation,3,spore,13.38220205365725,13.38220205365725,38.17279895303599,0.7140826942035159,4.116884355958086,2.484528921991083
11258,20260804_isolated_FBs_200_microL_004_C2_segmentation,8,spore,11.568111794910001,11.568111794910001,31.734731685738367,0.7794548165905709,3.4811213076243317,2.50215818786563
11259,20260804_isolated_FBs_200_microL_004_C2_segmentation,9,spore,6.3098791608600004,6.3098791608600004,29.269600493166536,0.5641761090206955,2.8581401483461963,2.127796538110714
11267,20260804_isolated_FBs_200_microL_004_C2_segmentation,17,spore,18.11461142430225,18.11461142430225,69.39714249179673,0.48064956234861544,3.588175981461939,3.26206715272406
11268,20260804_isolated_FBs_200_microL_004_C2_segmentation,18,spore,25.42355478563175,25.42355478563175,74.7267221488866,0.5595415930864617,5.488734375374298,3.062509155063232
11269,20260804_isolated_FBs_200_microL_004_C2_segmentation,19,spore,19.087384461601502,19.087384461601502,54.46325451177358,0.6341784532961524,4.668222076284409,2.851379798281849
11271,20260804_isolated_FBs_200_microL_004_C2_segmentation,21,spore,17.7202439767485,17.7202439767485,38.993851490730705,0.8429486559618419,4.586498806331545,2.689961324671046
11272,20260804_isolated_FBs_200_microL_004_C2_segmentation,22,spore,17.37845885553525,17.37845885553525,41.902311608824974,0.774319712584744,3.740733440137954,2.9967214141605987
11273,20260804_isolated_FBs_200_microL_004_C2_segmentation,23,spore,17.1944207133435,17.1944207133435,49.12398493931197,0.6558163415732712,4.150069473658501,2.8339569634147193
11274,20260804_isolated_FBs_200_microL_004_C2_segmentation,24,spore,15.32774812825575,15.32774812825575,40.81387069333113,0.7311310764193543,3.9303280465419728,2.737148371414242
11275,20260804_isolated_FBs_200_microL_004_C2_segmentation,25,spore,17.457332345046,17.457332345046,86.32646931085677,0.376986153248263,4.241275989471664,3.1835601984852695
11276,20260804_isolated_FBs_200_microL_004_C2_segmentation,26,spore,16.85263559213025,16.85263559213025,47.83103042330302,0.6645886819172728,4.465599635415821,2.7482612926324905
11277,20260804_isolated_FBs_200_microL_004_C2_segmentation,27,spore,16.90521791847075,16.90521791847075,52.20039460808654,0.6102262055798251,4.326831803462781,2.8032843740091
11279,20260804_isolated_FBs_200_microL_004_C2_segmentation,29,spore,17.0892560606625,17.0892560606625,55.53401412722646,0.5777507210780608,4.261854230397081,2.9024094954718183
11280,20260804_isolated_FBs_200_microL_004_C2_segmentation,30,spore,16.0376095338525,16.0376095338525,37.92275949558669,0.8109808821756543,3.8695683679958726,2.8329406530345222
11281,20260804_isolated_FBs_200_microL_004_C2_segmentation,31,spore,15.9324448811715,15.9324448811715,52.96449446798243,0.5781238810843844,4.2724037430898445,2.829812536038481
11282,20260804_isolated_FBs_200_microL_004_C2_segmentation,32,spore,16.1427741865335,16.1427741865335,55.87706049394343,0.5528016801636877,4.159350745753277,2.9199580066684407
11283,20260804_isolated_FBs_200_microL_004_C2_segmentation,33,spore,15.459203944107001,15.459203944107001,36.44103216746044,0.8235403310973868,4.466995823630811,2.538681221539555
11284,20260804_isolated_FBs_200_microL_004_C2_segmentation,34,spore,11.17374434735625,11.17374434735625,34.001781356703944,0.7108559580878338,3.971496860850955,2.3438503473381425
11285,20260804_isolated_FBs_200_microL_004_C2_segmentation,35,spore,15.985027207512001,15.985027207512001,44.04843020739668,0.6966734745532143,4.086492952619114,2.761037600683079
11286,20260804_isolated_FBs_200_microL_004_C2_segmentation,36,spore,18.27235840332375,18.27235840332375,45.43064598941662,0.7384678893244004,4.674465499647084,2.676401239911767
11287,20260804_isolated_FBs_200_microL_004_C2_segmentation,37,spore,14.197228111935,14.197228111935,38.171232042041495,0.74282011162374,4.138101618354982,2.5624577585853845
11288,20260804_isolated_FBs_200_microL_004_C2_segmentation,38,spore,18.53527003502625,18.53527003502625,76.02493150158138,0.445513325649191,5.12190449844884,2.592631228143663
11291,20260804_isolated_FBs_200_microL_004_C2_segmentation,41,spore,18.53527003502625,18.53527003502625,46.44976382850568,0.7291774440570086,4.641269562110565,2.74987449914489
11292,20260804_isolated_FBs_200_microL_004_C2_segmentation,42,spore,18.43010538234525,18.43010538234525,42.896618047295,0.7865861277119844,3.946671365004278,2.9516602283316025
11293,20260804_isolated_FBs_200_microL_004_C2_segmentation,43,spore,20.401942620114,20.401942620114,86.53196633960422,0.41727455213298503,5.315231441272461,2.636825954927699
11294,20260804_isolated_FBs_200_microL_004_C2_segmentation,44,spore,15.538077433617751,15.538077433617751,37.67017178334001,0.7993765024412808,4.134477362080524,2.6925036640079685
11295,20260804_isolated_FBs_200_microL_004_C2_segmentation,45,spore,16.510850470917,16.510850470917,41.729974470086376,0.7514192239487134,3.809793927243007,2.883724325003184
11296,20260804_isolated_FBs_200_microL_004_C2_segmentation,46,spore,15.354039291426,15.354039291426,46.93913102929706,0.6364498340004442,3.8512601113560105,2.866883434871665
11297,20260804_isolated_FBs_200_microL_004_C2_segmentation,47,spore,15.80098906532025,15.80098906532025,57.20090326523587,0.5323583692155881,3.9626495822655636,3.024600969132214
11298,20260804_isolated_FBs_200_microL_004_C2_segmentation,48,spore,17.036673734322,17.036673734322,51.01118506506709,0.6276852392150687,4.387812433234054,2.742919683607791
11300,20260804_isolated_FBs_200_microL_004_C2_segmentation,50,spore,14.854507191191251,14.854507191191251,44.00115021530982,0.664138913553282,4.321875708526703,2.616094252069623
11301,20260804_isolated_FBs_200_microL_004_C2_segmentation,51,spore,13.53994903267875,13.53994903267875,43.22941620887062,0.6355008077339839,3.9861355484474355,2.6079850984556114
11302,20260804_isolated_FBs_200_microL_004_C2_segmentation,52,spore,15.564368596788,15.564368596788,55.84929138448548,0.5397849796773281,4.04425491016901,2.9300359208679705
11303,20260804_isolated_FBs_200_microL_004_C2_segmentation,53,spore,14.092063459254,14.092063459254,39.50320216908439,0.7142247294965014,4.251389469300569,2.5087450259948136
11304,20260804_isolated_FBs_200_microL_004_C2_segmentation,54,spore,11.3052001632075,11.3052001632075,29.842532159352892,0.8162702305189631,3.6165054697757486,2.3961104519759173
11305,20260804_isolated_FBs_200_microL_004_C2_segmentation,55,spore,15.06483649655325,15.06483649655325,47.385228873115366,0.6225163420692235,4.40169769078293,2.5717882140072437
11306,20260804_isolated_FBs_200_microL_004_C2_segmentation,56,spore,16.616015123598,16.616015123598,44.382499119676545,0.7095074454545922,4.308749636371428,2.75585948759006
11307,20260804_isolated_FBs_200_microL_004_C2_segmentation,57,spore,14.933380680702001,14.933380680702001,43.65018666787756,0.6718465788839957,3.774021479042969,2.8603184716682697
11308,20260804_isolated_FBs_200_microL_004_C2_segmentation,58,spore,14.6704690489995,14.6704690489995,44.507695094454064,0.6511459643826597,4.332602061455833,2.604689078193449
11309,20260804_isolated_FBs_200_microL_004_C2_segmentation,59,spore,16.74747093944925,16.74747093944925,38.020336622591756,0.8325960037463631,3.806307103053801,2.9094934892148387
11310,20260804_isolated_FBs_200_microL_004_C2_segmentation,60,spore,13.066708095614251,13.066708095614251,40.31417375487116,0.6654832885230243,4.288539308159089,2.4560294193234937
11311,20260804_isolated_FBs_200_microL_004_C2_segmentation,61,spore,15.77469790215,15.77469790215,47.340722663178006,0.6425248692022089,4.225276825897658,2.787000227155147
11312,20260804_isolated_FBs_200_microL_004_C2_segmentation,62,spore,14.828216028021,14.828216028021,39.10793391424365,0.746354555929403,4.145818753901548,2.598332697194528
11313,20260804_isolated_FBs_200_microL_004_C2_segmentation,63,spore,11.883605752953,11.883605752953,29.211377301922084,0.8621131055842659,3.585125549133395,2.5166687467763458
11314,20260804_isolated_FBs_200_microL_004_C2_segmentation,64,spore,17.036673734322,17.036673734322,47.232025358625876,0.677908001130492,4.573131248410939,2.691518196897699
11315,20260804_isolated_FBs_200_microL_004_C2_segmentation,65,spore,16.090191860193002,16.090191860193002,48.837792343455945,0.6311059126986146,4.3634982327317395,2.778627608746734
11316,20260804_isolated_FBs_200_microL_004_C2_segmentation,66,spore,8.86012198837425,8.86012198837425,31.113032137461023,0.6655309464834892,3.4827087063644533,2.3110623040835354
11317,20260804_isolated_FBs_200_microL_004_C2_segmentation,67,spore,13.986898806573,13.986898806573,41.943114757718476,0.6693260598599998,4.245240659920609,2.5316517071257336
11318,20260804_isolated_FBs_200_microL_004_C2_segmentation,68,spore,16.16906534970375,16.16906534970375,50.48841011630833,0.6124665488063208,4.151413094549467,2.8457261762253316
11319,20260804_isolated_FBs_200_microL_004_C2_segmentation,69,spore,15.459203944107001,15.459203944107001,40.47633709940291,0.7414371419780372,3.836318999432962,2.736021243727073
11320,20260804_isolated_FBs_200_microL_004_C2_segmentation,70,spore,14.1446457855945,14.1446457855945,41.21652216923964,0.6862370551244116,4.3122457118524515,2.530561993542711
11321,20260804_isolated_FBs_200_microL_004_C2_segmentation,71,spore,16.64230628676825,16.64230628676825,57.51333430758846,0.5480976228667573,4.350696669133686,2.9030491430957777
11323,20260804_isolated_FBs_200_microL_004_C2_segmentation,73,spore,15.5117862704475,15.5117862704475,43.736025410846906,0.6877321905002244,4.4177593351161475,2.612516118273183
11324,20260804_isolated_FBs_200_microL_004_C2_segmentation,74,spore,13.0929992587845,13.0929992587845,32.334577752192374,0.8308252610481471,3.6710701537361374,2.5785715957848767
11325,20260804_isolated_FBs_200_microL_004_C2_segmentation,75,spore,15.64324208629875,15.64324208629875,43.090959387792324,0.7019655600496704,4.519148580764835,2.5817092516504445
11326,20260804_isolated_FBs_200_microL_004_C2_segmentation,76,spore,16.06390069702275,16.06390069702275,46.66053217730697,0.6598346387727688,4.4384773721981805,2.6799865090821937
11327,20260804_isolated_FBs_200_microL_004_C2_segmentation,77,spore,18.088320261132,18.088320261132,87.63276897147367,0.3802621352243763,5.412144359381243,2.6145849160685093
11328,20260804_isolated_FBs_200_microL_004_C2_segmentation,78,spore,23.425426384692752,23.425426384692752,79.43028331332684,0.49845162471693144,5.728326730827601,2.5218321868920017
11329,20260804_isolated_FBs_200_microL_004_C2_segmentation,79,spore,12.935252279763,12.935252279763,40.364553410350176,0.6601874154300889,4.222766292862058,2.451470448336379
11330,20260804_isolated_FBs_200_microL_004_C2_segmentation,80,spore,12.64604948489025,12.64604948489025,39.77995106687949,0.659867083143559,4.157719947533803,2.4638736182084333
11331,20260804_isolated_FBs_200_microL_004_C2_segmentation,81,spore,16.931509081641,16.931509081641,47.011076213674905,0.6782883787006762,4.535070610039451,2.7009119443143104
11332,20260804_isolated_FBs_200_microL_004_C2_segmentation,82,spore,13.22445507463575,13.22445507463575,39.205544966562286,0.6897978237068475,4.357837012979385,2.4198984555516976
11333,20260804_isolated_FBs_200_microL_004_C2_segmentation,83,spore,12.27797320050675,12.27797320050675,39.50313848018999,0.6515338398491174,4.185092771976481,2.429690824141222
11334,20260804_isolated_FBs_200_microL_004_C2_segmentation,84,spore,31.023572540895,31.023572540895,65.92934774776307,0.7242133904547348,5.95788246933131,3.2768204025892773
11335,20260804_isolated_FBs_200_microL_004_C2_segmentation,85,spore,15.32774812825575,15.32774812825575,42.72259964194245,0.6984661388339334,4.415751686600161,2.5996031731901
11336,20260804_isolated_FBs_200_microL_004_C2_segmentation,86,spore,12.935252279763,12.935252279763,37.703850722250365,0.7067758247632474,4.10179368651601,2.463111979559623
11337,20260804_isolated_FBs_200_microL_004_C2_segmentation,87,spore,13.6188225221895,13.6188225221895,42.861289824677556,0.643445737948046,4.20578330069662,2.5486409367635052
11338,20260804_isolated_FBs_200_microL_004_C2_segmentation,88,spore,14.854507191191251,14.854507191191251,41.088552944684935,0.7112169693206679,4.46381411428595,2.5318907517603337
11339,20260804_isolated_FBs_200_microL_004_C2_segmentation,89,spore,16.537141634087252,16.537141634087252,46.71894108588793,0.6718898769273844,4.420612431879642,2.6898702447072855
11340,20260804_isolated_FBs_200_microL_004_C2_segmentation,90,spore,13.355910890487001,13.355910890487001,34.53592545495012,0.7882464704926364,3.964802455849776,2.4722367450519527
11341,20260804_isolated_FBs_200_microL_004_C2_segmentation,91,spore,21.6113361259455,21.6113361259455,55.43965135323494,0.6767860204542209,4.654838456515579,3.096082886619719
11342,20260804_isolated_FBs_200_microL_004_C2_segmentation,92,spore,12.64604948489025,12.64604948489025,36.12991998606606,0.7265302632338713,3.9663439704442545,2.4718131888283588
11343,20260804_isolated_FBs_200_microL_004_C2_segmentation,93,spore,15.248874638745,15.248874638745,47.576867638111125,0.6250481512232687,3.6489250153360153,2.9857762654508755
11344,20260804_isolated_FBs_200_microL_004_C2_segmentation,94,spore,14.90708951753175,14.90708951753175,58.01592729814216,0.504892352509358,3.9013967505770393,2.943839174540241
11345,20260804_isolated_FBs_200_microL_004_C2_segmentation,95,spore,15.17000114923425,15.17000114923425,45.03440243943433,0.6580569230763057,4.409089720081573,2.57972344812075
11346,20260804_isolated_FBs_200_microL_004_C2_segmentation,96,spore,7.4666903403510005,7.4666903403510005,27.152107696350548,0.68040266184415,3.343918440305499,2.1316633169880954
11347,20260804_isolated_FBs_200_microL_004_C2_segmentation,97,spore,10.831959226143,10.831959226143,30.15976572221915,0.7849840609949613,3.603416372547912,2.3713201872765697
11348,20260804_isolated_FBs_200_microL_004_C2_segmentation,98,spore,13.066708095614251,13.066708095614251,32.59054600350196,0.823196055739522,3.61303918249881,2.6113478870197055
11349,20260804_isolated_FBs_200_microL_004_C2_segmentation,99,spore,11.778441100272001,11.778441100272001,32.83660469058675,0.7624026950637968,3.5995140850944285,2.515294777970417
11350,20260804_isolated_FBs_200_microL_004_C2_segmentation,100,spore,12.724922974401,12.724922974401,40.47171589976513,0.6512823090593569,4.229676196752371,2.4089547778035336
11351,20260804_isolated_FBs_200_microL_004_C2_segmentation,101,spore,12.69863181123075,12.69863181123075,30.176549536036596,0.8722731386658079,3.507335203881797,2.561892054756642
11352,20260804_isolated_FBs_200_microL_004_C2_segmentation,102,spore,9.885477352014,9.885477352014,26.34009967238338,0.8456652288443773,3.307931157919658,2.323322366153232
11353,20260804_isolated_FBs_200_microL_004_C2_segmentation,103,spore,15.827280228490501,15.827280228490501,49.96844150119351,0.6100880450192555,3.9701937190380416,2.910669392295206
11354,20260804_isolated_FBs_200_microL_004_C2_segmentation,104,spore,15.48549510727725,15.48549510727725,44.12267497903423,0.6809350467775503,4.3846711188425616,2.5933018500446727
11355,20260804_isolated_FBs_200_microL_004_C2_segmentation,105,spore,14.617886722659,14.617886722659,52.170595082014884,0.5541764445981725,4.177675477345668,2.691068771279363
11356,20260804_isolated_FBs_200_microL_004_C2_segmentation,106,spore,13.566240195849,13.566240195849,59.48047693826903,0.4624690607875035,3.9107307133317275,2.7729720004450695
11357,20260804_isolated_FBs_200_microL_004_C2_segmentation,107,spore,17.983155608451,17.983155608451,39.22536945379443,0.846241559208281,3.8028843032175748,3.0051437200664073
11358,20260804_isolated_FBs_200_microL_004_C2_segmentation,108,spore,7.4141080140105,7.4141080140105,22.552080832550196,0.8153362988069757,2.8319216626458625,2.2120611510447747
11359,20260804_isolated_FBs_200_microL_004_C2_segmentation,109,spore,12.2516820373365,12.2516820373365,39.292317848976445,0.6540941838253491,4.039040176471171,2.4338806213238904
11360,20260804_isolated_FBs_200_microL_004_C2_segmentation,110,spore,13.250746237806,13.250746237806,30.993060532916978,0.8737353051110881,3.5288515177134294,2.618319068825675
11361,20260804_isolated_FBs_200_microL_004_C2_segmentation,111,spore,8.6760838461825,8.6760838461825,34.391338486420665,0.5937234551937175,3.1975603432794717,2.3587398428777053
11362,20260804_isolated_FBs_200_microL_004_C2_segmentation,112,spore,10.33242712590825,10.33242712590825,34.21992860751432,0.6704091389905255,3.5226796399107787,2.403927545518926
11363,20260804_isolated_FBs_200_microL_004_C2_segmentation,113,spore,10.12209782054625,10.12209782054625,33.27375570258824,0.6800841513253654,3.4625874678554283,2.354102394155776
11364,20260804_isolated_FBs_200_microL_004_C2_segmentation,114,spore,6.28358799768975,6.28358799768975,23.02016222684756,0.7153428032933861,2.6540888239651674,2.1307587242043713
11365,20260804_isolated_FBs_200_microL_004_C2_segmentation,115,spore,7.887348951075,7.887348951075,31.921979083773124,0.6002723686102097,3.35565655195164,2.3038019855803884
11367,20260804_isolated_FBs_200_microL_004_C2_segmentation,117,spore,8.938995477885001,8.938995477885001,31.997294626964866,0.6509735495632534,3.3261076673851284,2.2361134479182745
11368,20260804_isolated_FBs_200_microL_004_C2_segmentation,118,spore,10.91083271565375,10.91083271565375,38.20152136788505,0.6227428219951736,3.4780041963999015,2.49352091859314
11369,20260804_isolated_FBs_200_microL_004_C2_segmentation,119,spore,6.835702424265,6.835702424265,23.138964318109664,0.7527700072972737,2.6555493001860206,2.192027578768253
11370,20260804_isolated_FBs_200_microL_004_C2_segmentation,120,spore,9.59627455714125,9.59627455714125,33.32756645121322,0.6552629783066378,3.492859575414383,2.33455797424346
11372,20260804_isolated_FBs_200_microL_004_C2_segmentation,122,spore,17.352167692365,17.352167692365,39.760332105856094,0.8152108387638297,4.2750052853778,2.842379896241791
11373,20260804_isolated_FBs_200_microL_004_C2_segmentation,123,spore,7.5455638298617504,7.5455638298617504,30.535121140742596,0.6092734806727405,3.3082123885675734,2.2556341326005316
11374,20260804_isolated_FBs_200_microL_004_C2_segmentation,124,spore,7.387816850840251,7.387816850840251,27.880012442647168,0.6579636606738991,3.338007955340657,2.2376656825830454
11376,20260804_isolated_FBs_200_microL_004_C2_segmentation,126,spore,8.4657545408205,8.4657545408205,29.768001706052914,0.674804894674191,3.1698986311400814,2.3015615352513534
11377,20260804_isolated_FBs_200_microL_004_C2_segmentation,127,spore,9.75402153616275,9.75402153616275,31.372096450836434,0.7037143217210733,3.438583271140269,2.354513401071518
11378,20260804_isolated_FBs_200_microL_004_C2_segmentation,128,spore,8.202842909118,8.202842909118,35.18862333121177,0.5589737898475163,3.288656669968562,2.325848524388123
11379,20260804_isolated_FBs_200_microL_004_C2_segmentation,129,spore,6.44133497671125,6.44133497671125,30.10786740406558,0.5560596555784587,3.0142170882204153,2.187138060627871
11380,20260804_isolated_FBs_200_microL_004_C2_segmentation,130,spore,10.2535536363975,10.2535536363975,30.37746662584865,0.7513613371666071,3.4731510373696635,2.358624205982316
11381,20260804_isolated_FBs_200_microL_004_C2_segmentation,131,spore,6.70424660841375,6.70424660841375,28.47154518120559,0.6039111866162865,3.03858670338321,2.1496376692490466
11382,20260804_isolated_FBs_200_microL_004_C2_segmentation,132,spore,5.468561939412,5.468561939412,25.622388491104765,0.5858412346485979,3.023162372369639,1.8775066355363632
11406,20260804_isolated_FBs_200_microL_004_C2_segmentation,17,vc,6.4939173030517505,6.4939173030517505,70.05645830398154,0.24027418667887251,5.8059973137069445,2.546429403254794
11493,20260804_isolated_FBs_200_microL_005_C2_segmentation,1,spore,14.1446457855945,14.1446457855945,29.57538163384985,0.9563462323514655,3.5166298035486805,2.759494700159929
11494,20260804_isolated_FBs_200_microL_005_C2_segmentation,2,spore,10.49017410492975,10.49017410492975,29.47137693362961,0.7863311765191449,3.467520252413093,2.40859734364341
11495,20260804_isolated_FBs_200_microL_005_C2_segmentation,3,spore,15.354039291426,15.354039291426,43.525033062441665,0.6863728767043771,4.033033996582248,2.7803011088867042
11496,20260804_isolated_FBs_200_microL_005_C2_segmentation,4,spore,10.200971310057,10.200971310057,22.95656879565731,0.9908429686627088,3.4670894132145746,2.3048511556586337
11498,20260804_isolated_FBs_200_microL_005_C2_segmentation,6,spore,10.80566806297275,10.80566806297275,42.42983412354324,0.5570752606680315,3.534969001492537,2.1588366669443477
11500,20260804_isolated_FBs_200_microL_005_C2_segmentation,8,spore,26.29116317025,26.29116317025,59.368562834703454,0.720223778420879,4.458169645463856,3.323705116997828
11501,20260804_isolated_FBs_200_microL_005_C2_segmentation,9,spore,6.96715824011625,6.96715824011625,23.38592915189593,0.754339085884689,3.4268933541536173,2.0624797003067026
11505,20260804_isolated_FBs_200_microL_005_C2_segmentation,13,spore,13.69769601170025,13.69769601170025,35.21395786213555,0.7862022822032774,4.054309997065056,2.4808276488997443
11507,20260804_isolated_FBs_200_microL_005_C2_segmentation,15,spore,10.22726247322725,10.22726247322725,18.485512285564425,1.2326096641819815,2.982478837339313,2.247667829362004
11508,20260804_isolated_FBs_200_microL_005_C2_segmentation,16,spore,12.1465173846555,12.1465173846555,22.521619601332247,1.1346250207921118,3.5230769417250585,2.5125455264701895
11509,20260804_isolated_FBs_200_microL_005_C2_segmentation,17,spore,7.80847546156425,7.80847546156425,20.619026037646982,0.9231242163910942,3.382718665483295,1.9963878904983454
11511,20260804_isolated_FBs_200_microL_005_C2_segmentation,19,spore,7.86105778790475,7.86105778790475,17.07275476217248,1.1198706131452627,3.081463821925488,1.9478794793096048
11512,20260804_isolated_FBs_200_microL_005_C2_segmentation,20,spore,7.387816850840251,7.387816850840251,19.43017676147085,0.9441002658696017,3.2985734522514587,1.8865539200359511
11513,20260804_isolated_FBs_200_microL_005_C2_segmentation,21,spore,10.2535536363975,10.2535536363975,26.734507514194206,0.8537450683022079,3.76597912812703,2.3372842736216812
11516,20260804_isolated_FBs_200_microL_005_C2_segmentation,24,spore,15.59065975995825,15.59065975995825,49.49844388815378,0.6097272071062669,5.648828011877721,2.1325290433135056
11524,20260804_isolated_FBs_200_microL_005_C2_segmentation,32,spore,10.595338757610751,10.595338757610751,25.106819141711142,0.9291852949373348,3.6301908276332857,2.2832763080524723
11525,20260804_isolated_FBs_200_microL_005_C2_segmentation,33,spore,6.4676261398815,6.4676261398815,19.284731062991348,0.8704967275694755,3.481664053540424,1.730021924632467
11526,20260804_isolated_FBs_200_microL_005_C2_segmentation,34,spore,6.80941126109475,6.80941126109475,25.632941050138342,0.6777851699160495,2.7501458190119035,2.2130673149743765
11527,20260804_isolated_FBs_200_microL_005_C2_segmentation,35,spore,5.33710612356075,5.33710612356075,27.493644864817924,0.5371831293528135,2.412102898037277,2.1617083034877846
11530,20260804_isolated_FBs_200_microL_005_C2_segmentation,38,spore,7.07232289279725,7.07232289279725,21.203027311618637,0.8403514854328284,2.4630819834780784,2.245898087815186
11531,20260804_isolated_FBs_200_microL_005_C2_segmentation,39,spore,14.696760212169751,14.696760212169751,37.40117914958045,0.775794272497104,3.668674968158174,2.7689642593560215
11534,20260804_isolated_FBs_200_microL_005_C2_segmentation,42,spore,13.17187274829525,13.17187274829525,31.573969591349112,0.8542532158590719,3.7208264859498215,2.505190860618931
11537,20260804_isolated_FBs_200_microL_005_C2_segmentation,45,spore,19.350296093304,19.350296093304,56.49833409390757,0.6169361590737646,5.118558375536931,2.793133854540105
11538,20260804_isolated_FBs_200_microL_005_C2_segmentation,46,spore,17.8254086294295,17.8254086294295,47.91884946859661,0.6886587532480489,4.7232249532623145,2.636122090790931
11539,20260804_isolated_FBs_200_microL_005_C2_segmentation,47,spore,16.8789267553005,16.8789267553005,44.223929582755616,0.7195428804303445,4.483772409626934,2.7296078357550466
11541,20260804_isolated_FBs_200_microL_005_C2_segmentation,49,spore,15.380330454596251,15.380330454596251,56.00862879310604,0.5339979976256327,4.003152691916149,2.8913094926032032
11542,20260804_isolated_FBs_200_microL_005_C2_segmentation,50,spore,17.37845885553525,17.37845885553525,47.16193240718048,0.687965573621021,4.203207445311093,2.8865232798019465
11544,20260804_isolated_FBs_200_microL_005_C2_segmentation,52,spore,14.854507191191251,14.854507191191251,35.86822217460572,0.8147288693828846,3.99895746103165,2.6765702504643407
11545,20260804_isolated_FBs_200_microL_005_C2_segmentation,53,spore,16.405685818236,16.405685818236,40.01665798883661,0.780260405568083,4.077017836736968,2.7796016705561297
11546,20260804_isolated_FBs_200_microL_005_C2_segmentation,54,spore,17.1944207133435,17.1944207133435,40.80863976907115,0.7894483194908343,4.39102434413597,2.7211696037096433
11547,20260804_isolated_FBs_200_microL_005_C2_segmentation,55,spore,18.1409025874725,18.1409025874725,41.36722570500594,0.8071117244613114,4.589776472769298,2.7224756825646055
11548,20260804_isolated_FBs_200_microL_005_C2_segmentation,56,spore,12.987834606103501,12.987834606103501,31.660745504020923,0.843957973493333,3.6881515441540635,2.441451567039391
11549,20260804_isolated_FBs_200_microL_005_C2_segmentation,57,spore,17.0892560606625,17.0892560606625,84.02516366916282,0.3818477144857906,4.078884817066176,3.0745280662303034
11550,20260804_isolated_FBs_200_microL_005_C2_segmentation,58,spore,17.6150793240675,17.6150793240675,57.19110964695878,0.5724602514254257,4.309121416450276,2.909678360342132
11551,20260804_isolated_FBs_200_microL_005_C2_segmentation,59,spore,8.22913407228825,8.22913407228825,27.78565495646012,0.7094137114769363,3.849116533693911,1.9879998581710996
11552,20260804_isolated_FBs_200_microL_005_C2_segmentation,60,spore,15.64324208629875,15.64324208629875,39.050232530575244,0.7746015191086407,3.931956908020425,2.770866985835838
11553,20260804_isolated_FBs_200_microL_005_C2_segmentation,61,spore,15.143709986064,15.143709986064,36.19193007776465,0.8178881254828584,4.247083732107653,2.620710863330239
11554,20260804_isolated_FBs_200_microL_005_C2_segmentation,62,spore,18.27235840332375,18.27235840332375,52.34319489177609,0.6409443161391662,4.526953018510647,2.819726905258484
11555,20260804_isolated_FBs_200_microL_005_C2_segmentation,63,spore,11.331491326377751,11.331491326377751,32.98027891166053,0.7397548948354886,3.997826961267009,2.2861137755660064
11556,20260804_isolated_FBs_200_microL_005_C2_segmentation,64,spore,13.22445507463575,13.22445507463575,33.04934880471035,0.8182884254385426,3.8472897631520526,2.5840333473443486
11557,20260804_isolated_FBs_200_microL_005_C2_segmentation,65,spore,14.8807983543615,14.8807983543615,35.23504876790551,0.8303478561380782,3.7389757572667497,2.7816529584001057
11558,20260804_isolated_FBs_200_microL_005_C2_segmentation,66,spore,17.69395281357825,17.69395281357825,43.17453268732734,0.7605709300217413,4.395383058464777,2.798200651422539
11559,20260804_isolated_FBs_200_microL_005_C2_segmentation,67,spore,16.16906534970375,16.16906534970375,37.81848176782924,0.8176547775896723,3.9620681213434206,2.8049335664564876
11560,20260804_isolated_FBs_200_microL_005_C2_segmentation,68,spore,14.59159555948875,14.59159555948875,35.80027516894658,0.8066149780730247,3.9395948071429987,2.6686643119838807
11561,20260804_isolated_FBs_200_microL_005_C2_segmentation,69,spore,17.0892560606625,17.0892560606625,47.08260103540927,0.6814580333451496,3.934898344701151,2.9313709140536197
11562,20260804_isolated_FBs_200_microL_005_C2_segmentation,70,spore,12.514593669039,12.514593669039,33.61353101940231,0.775498847773378,3.8611307880906423,2.437488421900995
11563,20260804_isolated_FBs_200_microL_005_C2_segmentation,71,spore,18.824472829899,18.824472829899,48.90195411922399,0.6997986911254129,4.60021585847796,2.8043120650850852
11564,20260804_isolated_FBs_200_microL_005_C2_segmentation,72,spore,6.3098791608600004,6.3098791608600004,32.729697330449824,0.5045329063725251,3.1384663983362486,2.147986313854309
11565,20260804_isolated_FBs_200_microL_005_C2_segmentation,73,spore,14.565304396318501,14.565304396318501,40.394192872123085,0.7140219561725317,4.383954199062736,2.5086657114808593
11566,20260804_isolated_FBs_200_microL_005_C2_segmentation,74,spore,14.8807983543615,14.8807983543615,35.13721045242268,0.8326599302743939,3.8035890500592333,2.6953999306800074
11567,20260804_isolated_FBs_200_microL_005_C2_segmentation,75,spore,15.985027207512001,15.985027207512001,36.528587776176295,0.8400919605552314,3.7032953555581196,2.8236614242769766
11568,20260804_isolated_FBs_200_microL_005_C2_segmentation,76,spore,15.380330454596251,15.380330454596251,36.830013446181766,0.8120685502594258,3.9834225096953624,2.68282746258146
11569,20260804_isolated_FBs_200_microL_005_C2_segmentation,77,spore,19.823537030368502,19.823537030368502,53.63549133986249,0.6604185935830392,4.595701944621871,2.9102460263183896
11570,20260804_isolated_FBs_200_microL_005_C2_segmentation,78,spore,17.1944207133435,17.1944207133435,40.58669520152811,0.7937653441955305,4.216757490766731,2.734785464613327
11571,20260804_isolated_FBs_200_microL_005_C2_segmentation,79,spore,17.772826303089,17.772826303089,43.08795670005712,0.7643622365174182,4.718534061747401,2.6749259796362432
11572,20260804_isolated_FBs_200_microL_005_C2_segmentation,80,spore,13.776569501211,13.776569501211,34.111629723378414,0.8147212563178691,4.280668718019915,2.4983970298953113
11573,20260804_isolated_FBs_200_microL_005_C2_segmentation,81,spore,11.988770405634,11.988770405634,39.487093970912014,0.6415227271482028,4.124704708935107,2.4364429549605076
11574,20260804_isolated_FBs_200_microL_005_C2_segmentation,82,spore,18.6667258508775,18.6667258508775,47.06730767965696,0.7230087178423744,4.570352688731801,2.858812071265225
11575,20260804_isolated_FBs_200_microL_005_C2_segmentation,83,spore,13.0929992587845,13.0929992587845,33.359469578887186,0.8053000944250323,3.9467845921955935,2.527768650416162
11576,20260804_isolated_FBs_200_microL_005_C2_segmentation,84,spore,16.48455930774675,16.48455930774675,39.11754158035073,0.8007509560446059,3.7926146488263646,2.8711033693879293
11577,20260804_isolated_FBs_200_microL_005_C2_segmentation,85,spore,18.9822198089205,18.9822198089205,80.76606355782901,0.42607547826086667,5.633414051882841,2.7165485193807717
11578,20260804_isolated_FBs_200_microL_005_C2_segmentation,86,spore,15.4066216177665,15.4066216177665,72.11136607521007,0.4152267708622159,4.107307580025386,3.2830486854362344
11579,20260804_isolated_FBs_200_microL_005_C2_segmentation,87,spore,17.247003039684,17.247003039684,43.50349450020823,0.7420543931257954,3.9788341477178295,2.8929858614745814
11580,20260804_isolated_FBs_200_microL_005_C2_segmentation,88,spore,16.74747093944925,16.74747093944925,42.03691298275433,0.7530424592797315,4.097554332678674,2.7736310696702007
11581,20260804_isolated_FBs_200_microL_005_C2_segmentation,89,spore,14.80192486485075,14.80192486485075,35.06798741097616,0.8313528936791219,4.443955546065897,2.50797030550427
11582,20260804_isolated_FBs_200_microL_005_C2_segmentation,90,spore,15.222583475574751,15.222583475574751,37.633315166053904,0.7892911315393514,4.280788826621694,2.6068694151891396
11583,20260804_isolated_FBs_200_microL_005_C2_segmentation,91,spore,15.7221155758095,15.7221155758095,37.820382785018,0.8024762613643515,3.996246137788048,2.758080311269025
11584,20260804_isolated_FBs_200_microL_005_C2_segmentation,92,spore,15.222583475574751,15.222583475574751,36.3396492283273,0.8173893403417137,3.973115667250848,2.7208117567343875
11585,20260804_isolated_FBs_200_microL_005_C2_segmentation,93,spore,6.96715824011625,6.96715824011625,27.047918140339995,0.6522099160265917,3.4896384779865732,1.9976196211813235
11586,20260804_isolated_FBs_200_microL_005_C2_segmentation,94,spore,13.434784379997751,13.434784379997751,36.452574243887796,0.7497383425235475,4.050576549124704,2.504944381038307
11587,20260804_isolated_FBs_200_microL_005_C2_segmentation,95,spore,11.54182063173975,11.54182063173975,39.388025638348054,0.6270508964525523,4.036124110756549,2.404643970798544
11588,20260804_isolated_FBs_200_microL_005_C2_segmentation,96,spore,15.301456965085501,15.301456965085501,37.50056660346078,0.7948188377878503,4.4269865857963575,2.5805505957550294
11589,20260804_isolated_FBs_200_microL_005_C2_segmentation,97,spore,22.89960312128775,22.89960312128775,85.99356938966812,0.45349251047201816,5.2767951898100725,2.6850648478021037
11590,20260804_isolated_FBs_200_microL_005_C2_segmentation,98,spore,14.696760212169751,14.696760212169751,35.89902991804361,0.8082563967640461,3.913750590951246,2.6776784829411575
11591,20260804_isolated_FBs_200_microL_005_C2_segmentation,99,spore,17.588788160897252,17.588788160897252,43.12916012533313,0.7583512419546027,4.488671097248787,2.754389334945054
11592,20260804_isolated_FBs_200_microL_005_C2_segmentation,100,spore,12.22539087416625,12.22539087416625,35.07447613170699,0.7317028842027092,4.123077441969291,2.418327283981215
11593,20260804_isolated_FBs_200_microL_005_C2_segmentation,101,spore,9.5174010676305,9.5174010676305,28.078371162790134,0.773495505649801,3.817098572744846,2.2088486572722377
11594,20260804_isolated_FBs_200_microL_005_C2_segmentation,102,spore,12.908961116592751,12.908961116592751,32.64993687549264,0.8150719989987181,3.7882838251544886,2.5796272162231038
11595,20260804_isolated_FBs_200_microL_005_C2_segmentation,103,spore,16.16906534970375,16.16906534970375,40.77745275096053,0.7583225584860768,3.8103224995415363,2.866420898968644
11596,20260804_isolated_FBs_200_microL_005_C2_segmentation,104,spore,16.247938839214502,16.247938839214502,39.45922956722309,0.7862024147927925,4.405795422192107,2.6275678647591323
11597,20260804_isolated_FBs_200_microL_005_C2_segmentation,105,spore,18.16719375064275,18.16719375064275,44.39034441149553,0.7528714733353261,4.380817584582488,2.790737872009024
11598,20260804_isolated_FBs_200_microL_005_C2_segmentation,106,spore,15.879862554831,15.879862554831,39.144012269237194,0.7805186386140524,4.137449665960278,2.6982098703020125
11599,20260804_isolated_FBs_200_microL_005_C2_segmentation,107,spore,10.148388983716501,10.148388983716501,34.73919860086207,0.6525228621781833,3.4761087008620963,2.1016202583052066
11600,20260804_isolated_FBs_200_microL_005_C2_segmentation,108,spore,14.407557417297001,14.407557417297001,34.93162707756659,0.8197074497161343,3.7680090290690433,2.7089230385687353
11601,20260804_isolated_FBs_200_microL_005_C2_segmentation,109,spore,15.7221155758095,15.7221155758095,44.56315946471866,0.6810549284486539,3.7250157452749457,2.8830809642514645
11602,20260804_isolated_FBs_200_microL_005_C2_segmentation,110,spore,10.9897062051645,10.9897062051645,28.495982852976468,0.8388633206055435,3.4305414120977824,2.4006960897144585
11603,20260804_isolated_FBs_200_microL_005_C2_segmentation,111,spore,11.43665597905875,11.43665597905875,30.48600173981605,0.805223348622039,3.706207976569774,2.4206001539536097
11604,20260804_isolated_FBs_200_microL_005_C2_segmentation,112,spore,9.80660386250325,9.80660386250325,29.815839877647782,0.7431038281712715,3.5418630076744826,2.322732401272178
11605,20260804_isolated_FBs_200_microL_005_C2_segmentation,113,spore,13.0929992587845,13.0929992587845,41.69747025041814,0.6442689170472504,4.232712101164573,2.473173772529054
11606,20260804_isolated_FBs_200_microL_005_C2_segmentation,114,spore,13.3033285641465,13.3033285641465,31.07889670152767,0.8736257166748348,3.58739372735121,2.5949562201566314
11607,20260804_isolated_FBs_200_microL_005_C2_segmentation,115,spore,12.724922974401,12.724922974401,30.925960574797177,0.8523102303982741,3.62780142768633,2.549833061550383
11608,20260804_isolated_FBs_200_microL_005_C2_segmentation,116,spore,12.093935058315001,12.093935058315001,29.52835858439183,0.8628922593333521,3.5730500002140633,2.48307190661126
11609,20260804_isolated_FBs_200_microL_005_C2_segmentation,117,spore,12.85637879025225,12.85637879025225,38.0439598683344,0.6976070314719519,4.06136755515592,2.4685057002084334
11610,20260804_isolated_FBs_200_microL_005_C2_segmentation,118,spore,16.4582681445765,16.4582681445765,42.05966834955271,0.7439453549502565,4.1207643965563525,2.774906192816117
11611,20260804_isolated_FBs_200_microL_005_C2_segmentation,119,spore,8.4657545408205,8.4657545408205,25.558992525608915,0.7859305579352295,3.055305369455316,2.2873329065676056
11612,20260804_isolated_FBs_200_microL_005_C2_segmentation,120,spore,12.6723406480605,12.6723406480605,31.396750862312153,0.8372155964398741,3.6881938553163165,2.5435565061644234
11613,20260804_isolated_FBs_200_microL_005_C2_segmentation,121,spore,16.58972396042775,16.58972396042775,46.36245301210893,0.678490583785846,4.095666634463613,2.7653348625510104
11614,20260804_isolated_FBs_200_microL_005_C2_segmentation,122,spore,15.538077433617751,15.538077433617751,40.667463095998684,0.7404605026737302,4.2282812246541175,2.6358830108514453
11615,20260804_isolated_FBs_200_microL_005_C2_segmentation,123,spore,17.4047500187055,17.4047500187055,44.06906496472552,0.7369909391399285,3.7617448909995845,3.0143996193613374
11616,20260804_isolated_FBs_200_microL_005_C2_segmentation,124,spore,14.11835462242425,14.11835462242425,42.392832919743306,0.6663684231211287,4.281338348012489,2.5447560848314317
11617,20260804_isolated_FBs_200_microL_005_C2_segmentation,125,spore,12.987834606103501,12.987834606103501,30.783954276971045,0.8679956569078809,3.5644493163971847,2.6030230416938007
11618,20260804_isolated_FBs_200_microL_005_C2_segmentation,126,spore,13.32961972731675,13.32961972731675,31.328238026486435,0.8678140182515114,3.665852449042638,2.6297428536671084
11619,20260804_isolated_FBs_200_microL_005_C2_segmentation,127,spore,5.678891244774,5.678891244774,26.350533151239805,0.5841670885204706,3.2786508358590107,1.9448723937589911
11620,20260804_isolated_FBs_200_microL_005_C2_segmentation,128,spore,17.53620583455675,17.53620583455675,42.62373844450921,0.7658134847091768,3.8782203030227502,2.9413669563896088
11621,20260804_isolated_FBs_200_microL_005_C2_segmentation,129,spore,14.95967184387225,14.95967184387225,35.577929953775744,0.8252486578809924,3.656673377213329,2.7673586444989122
11622,20260804_isolated_FBs_200_microL_005_C2_segmentation,130,spore,11.252617836867,11.252617836867,28.059528989712078,0.8654449754703247,3.6187310056609063,2.412073344484482
11623,20260804_isolated_FBs_200_microL_005_C2_segmentation,131,spore,12.3568466900175,12.3568466900175,34.14266169624129,0.7570510891610247,3.8967008516288497,2.453674823672106
11624,20260804_isolated_FBs_200_microL_005_C2_segmentation,132,spore,16.6685974499385,16.6685974499385,44.459490053214054,0.7097722565096137,4.266220625883118,2.7203336507233513
11625,20260804_isolated_FBs_200_microL_005_C2_segmentation,133,spore,12.462011342698501,12.462011342698501,29.766063187787267,0.8732826260192328,3.5446759243654347,2.50282305092106
11626,20260804_isolated_FBs_200_microL_005_C2_segmentation,134,spore,12.908961116592751,12.908961116592751,30.68607366715628,0.8672353982116972,3.6346584948012723,2.5780403259620637
11627,20260804_isolated_FBs_200_microL_005_C2_segmentation,135,spore,12.27797320050675,12.27797320050675,29.884720254630263,0.8612304642905896,3.597751716841699,2.4809435156942317
11628,20260804_isolated_FBs_200_microL_005_C2_segmentation,136,spore,10.963415041994251,10.963415041994251,28.679560066924886,0.8321639087359238,3.5527574865984914,2.3054410848981863
11629,20260804_isolated_FBs_200_microL_005_C2_segmentation,137,spore,13.461075543168,13.461075543168,31.70266729389953,0.8631935022568741,3.689119562307729,2.625541603179531
11630,20260804_isolated_FBs_200_microL_005_C2_segmentation,138,spore,12.304264363677001,12.304264363677001,34.62513833808825,0.7443828801212997,3.746455514533323,2.517936545134497
11631,20260804_isolated_FBs_200_microL_005_C2_segmentation,139,spore,18.16719375064275,18.16719375064275,39.82479181747443,0.8391813861103723,3.9071638029026454,2.9723743741004056
11632,20260804_isolated_FBs_200_microL_005_C2_segmentation,140,spore,15.4066216177665,15.4066216177665,35.76196813918081,0.837274099717894,3.71425790490757,2.793113353211907
11633,20260804_isolated_FBs_200_microL_005_C2_segmentation,141,spore,16.4582681445765,16.4582681445765,37.31455525189901,0.838549319110688,3.6987019955833276,2.9210526629468654
11634,20260804_isolated_FBs_200_microL_005_C2_segmentation,142,spore,15.95873604434175,15.95873604434175,36.908737340223325,0.830527334838466,3.746401899256542,2.8478345265886804
11635,20260804_isolated_FBs_200_microL_005_C2_segmentation,143,spore,14.64417788582925,14.64417788582925,34.69978294729195,0.8341945792749976,3.681319389327455,2.750432500951239
11636,20260804_isolated_FBs_200_microL_005_C2_segmentation,144,spore,18.27235840332375,18.27235840332375,43.16092277478121,0.777302038455284,4.037181092239946,2.934283119518735
11637,20260804_isolated_FBs_200_microL_005_C2_segmentation,145,spore,14.74934253851025,14.74934253851025,33.24039304776439,0.8749832687209582,3.5919317529576533,2.7609931971371036
11638,20260804_isolated_FBs_200_microL_005_C2_segmentation,146,spore,13.1981639114655,13.1981639114655,31.183959058413798,0.8660877275252823,3.584593392363855,2.628619322187242
11639,20260804_isolated_FBs_200_microL_005_C2_segmentation,147,spore,14.95967184387225,14.95967184387225,38.2740647517945,0.7671157776144172,3.876065297379577,2.707161143060241
11640,20260804_isolated_FBs_200_microL_005_C2_segmentation,148,spore,12.22539087416625,12.22539087416625,29.94709658073191,0.8569810859053855,3.6797482504689154,2.537188622522467
11641,20260804_isolated_FBs_200_microL_005_C2_segmentation,149,spore,15.27516580191525,15.27516580191525,35.60699910434938,0.8361278824323832,3.9282989960526438,2.717667848682827
11642,20260804_isolated_FBs_200_microL_005_C2_segmentation,150,spore,6.65166428207325,6.65166428207325,23.481599630017655,0.7284112758207268,2.9634852540868093,2.100919130117662
11644,20260804_isolated_FBs_200_microL_005_C2_segmentation,152,spore,11.673276447591,11.673276447591,31.54843179932804,0.788802349041351,3.887669636796968,2.358743266166924
11650,20260804_isolated_FBs_200_microL_005_C2_segmentation,2,vc,9.622565720311501,9.622565720311501,58.47924415488626,0.37411888475549204,5.623102658795484,2.631826693679422
11698,20260804_isolated_FBs_200_microL_005_C2_segmentation,50,vc,8.28171639862875,8.28171639862875,90.70218551132913,0.21824615893083968,5.364630649738212,3.001046536422218
11716,20260804_isolated_FBs_200_microL_005_C2_segmentation,68,vc,6.44133497671125,6.44133497671125,35.24860456964993,0.47496264272889155,3.7638306149849736,1.7369764298006904
11749,20260804_isolated_FBs_200_microL_006_C2_segmentation,1,spore,18.3512318928345,18.3512318928345,67.45179848271327,0.4988087609776382,4.229314561169409,2.8158876098575316
11752,20260804_isolated_FBs_200_microL_006_C2_segmentation,4,spore,11.96247924246375,11.96247924246375,29.207263668679833,0.8660455170985352,3.575760542637242,2.507333928439106
11757,20260804_isolated_FBs_200_microL_006_C2_segmentation,9,spore,13.960607643402751,13.960607643402751,44.918206938122665,0.624210774320107,6.125915376165508,2.412480796779209
11758,20260804_isolated_FBs_200_microL_006_C2_segmentation,10,spore,15.538077433617751,15.538077433617751,50.84766813503661,0.5922130015197181,4.102752125625188,2.753846971615629
11759,20260804_isolated_FBs_200_microL_006_C2_segmentation,11,spore,12.908961116592751,12.908961116592751,34.406811991361316,0.7734529233040063,3.9970957987642053,2.5441165333145177
11760,20260804_isolated_FBs_200_microL_006_C2_segmentation,12,spore,10.70050341029175,10.70050341029175,27.8316481163724,0.8437517231867877,3.609215900599061,2.4497757882112237
11761,20260804_isolated_FBs_200_microL_006_C2_segmentation,13,spore,12.22539087416625,12.22539087416625,28.147487117779225,0.9117721677988968,3.4813087640642792,2.658535846256273
11762,20260804_isolated_FBs_200_microL_006_C2_segmentation,14,spore,11.59440295808025,11.59440295808025,47.49309416531635,0.5216180202166788,4.564536432351563,2.7082389494736097
11763,20260804_isolated_FBs_200_microL_006_C2_segmentation,15,spore,14.01318996974325,14.01318996974325,40.11865099909272,0.7006414224194019,3.8864061343599503,2.769937661685266
11764,20260804_isolated_FBs_200_microL_006_C2_segmentation,16,spore,12.43572017952825,12.43572017952825,32.18732463053246,0.806454504103851,3.9750372791811546,2.494439379983572
11765,20260804_isolated_FBs_200_microL_006_C2_segmentation,17,spore,25.89679572269625,25.89679572269625,60.812128128482705,0.6960780568747171,4.767146814152192,3.362373399839797
11766,20260804_isolated_FBs_200_microL_006_C2_segmentation,18,spore,11.5155294685695,11.5155294685695,29.343920704058906,0.8404049300709162,3.5017184650979836,2.4876967096475364
11767,20260804_isolated_FBs_200_microL_006_C2_segmentation,19,spore,9.149324783247,9.149324783247,34.26358074464133,0.6174153275966106,3.3595574642447903,2.570556558498217
11769,20260804_isolated_FBs_200_microL_006_C2_segmentation,21,spore,11.75214993710175,11.75214993710175,29.08851666885449,0.8593579481114704,3.616321521056789,2.5281875928133193
11770,20260804_isolated_FBs_200_microL_006_C2_segmentation,22,spore,13.48736670633825,13.48736670633825,46.615735728999894,0.5878091722396691,5.056911276837824,2.0551061024797046
11771,20260804_isolated_FBs_200_microL_006_C2_segmentation,23,spore,12.59346715854975,12.59346715854975,25.417234234695712,1.029878620373586,3.5513514109737674,2.6245813502659847
11772,20260804_isolated_FBs_200_microL_006_C2_segmentation,24,spore,12.33055552684725,12.33055552684725,31.282098666987565,0.825106493823765,3.594969200310288,2.613808567521802
11773,20260804_isolated_FBs_200_microL_006_C2_segmentation,25,spore,12.33055552684725,12.33055552684725,35.72811871036899,0.7224299426400057,3.9739795453547706,2.535036144145342
11774,20260804_isolated_FBs_200_microL_006_C2_segmentation,26,spore,12.462011342698501,12.462011342698501,31.428790479456737,0.8270819662588111,3.6384991576889996,2.535869159424537
11775,20260804_isolated_FBs_200_microL_006_C2_segmentation,27,spore,14.828216028021,14.828216028021,69.29661318409676,0.4212093969490035,5.804568183786967,2.638527687894034
11776,20260804_isolated_FBs_200_microL_006_C2_segmentation,28,spore,5.363397286731,5.363397286731,9.246854664306902,1.6024460049667264,2.878047777805969,1.6171610613955392
11777,20260804_isolated_FBs_200_microL_006_C2_segmentation,29,spore,10.85825038931325,10.85825038931325,28.52420592774487,0.831337037455611,3.4127879764259754,2.584859045539108
11778,20260804_isolated_FBs_200_microL_006_C2_segmentation,30,spore,8.2554252354585,8.2554252354585,20.14362436861714,0.9806321842048552,2.9827622042787283,2.290333438367503
11779,20260804_isolated_FBs_200_microL_006_C2_segmentation,31,spore,8.38688105130975,8.38688105130975,16.184541451846044,1.2334381613538192,2.6772063344473613,2.2916866578499206
11780,20260804_isolated_FBs_200_microL_006_C2_segmentation,32,spore,9.70143920982225,9.70143920982225,19.13375347812195,1.1496740483689218,2.9120138800519353,2.4434721225684544
11781,20260804_isolated_FBs_200_microL_006_C2_segmentation,33,spore,6.940867076946001,6.940867076946001,15.794543312757266,1.114088102320905,2.678178473859085,2.2041579151370962
11782,20260804_isolated_FBs_200_microL_006_C2_segmentation,34,spore,7.887348951075,7.887348951075,17.991114275036328,1.0650747753812138,3.138658233525013,2.214102231274512
11783,20260804_isolated_FBs_200_microL_006_C2_segmentation,35,spore,9.543692230800751,9.543692230800751,21.103321686638523,1.0310449254128828,2.943528612215622,2.4887887987340767
11785,20260804_isolated_FBs_200_microL_006_C2_segmentation,37,spore,13.38220205365725,13.38220205365725,26.439353079329184,1.0309834374496991,3.5671081787935712,2.577527585881112
11786,20260804_isolated_FBs_200_microL_006_C2_segmentation,38,spore,8.492045703990751,8.492045703990751,28.22169155177969,0.7132513989149416,3.4180688733949283,2.3749802980610326
11787,20260804_isolated_FBs_200_microL_006_C2_segmentation,39,spore,8.80753966203375,8.80753966203375,18.100241666870907,1.1394698090561959,3.179685909510073,2.239985193749382
11788,20260804_isolated_FBs_200_microL_006_C2_segmentation,40,spore,7.9399312774155,7.9399312774155,16.628523089690177,1.1574660878912573,2.854460477034371,2.2708214126647324
11789,20260804_isolated_FBs_200_microL_006_C2_segmentation,41,spore,15.459203944107001,15.459203944107001,38.506164978229904,0.7793728540270867,3.501494827480408,2.7778518216668546
11790,20260804_isolated_FBs_200_microL_006_C2_segmentation,42,spore,7.80847546156425,7.80847546156425,16.00176244596765,1.1894891152159852,2.540716826451254,2.30704326804719
11791,20260804_isolated_FBs_200_microL_006_C2_segmentation,43,spore,9.622565720311501,9.622565720311501,19.555150746053187,1.1187942189085833,2.7538163227657986,2.494805933926952
11792,20260804_isolated_FBs_200_microL_006_C2_segmentation,44,spore,11.17374434735625,11.17374434735625,29.796904327019455,0.8111704691784187,3.5077198340336357,2.5376613281914695
11793,20260804_isolated_FBs_200_microL_006_C2_segmentation,45,spore,8.4657545408205,8.4657545408205,17.663554796022705,1.1372338970203941,2.8950423776529446,2.3656552952930214
11794,20260804_isolated_FBs_200_microL_006_C2_segmentation,46,spore,7.80847546156425,7.80847546156425,17.297979962027554,1.1003552030661163,2.987083075559201,2.211767164019135
11796,20260804_isolated_FBs_200_microL_006_C2_segmentation,48,spore,9.5174010676305,9.5174010676305,22.378485500771433,0.9705077628973803,2.8017392098979617,2.5326596829073424
11797,20260804_isolated_FBs_200_microL_006_C2_segmentation,49,spore,6.17842334500875,6.17842334500875,13.918024886944005,1.169925725993451,2.4173688540532323,2.134826762805029
11799,20260804_isolated_FBs_200_microL_006_C2_segmentation,51,spore,10.437591778589251,10.437591778589251,20.3457310174704,1.1352138929256168,3.3401788451053487,2.349400008008821
11800,20260804_isolated_FBs_200_microL_006_C2_segmentation,52,spore,8.570919193501501,8.570919193501501,17.920970182798502,1.1301624517547049,3.0586505013096223,2.2796470346073034
11801,20260804_isolated_FBs_200_microL_006_C2_segmentation,53,spore,8.518336867161,8.518336867161,16.75211571799426,1.2040679616978522,2.6578414707684086,2.2699930200286538
11802,20260804_isolated_FBs_200_microL_006_C2_segmentation,54,spore,5.75776473428475,5.75776473428475,24.915915439213283,0.6235097079891236,3.3573921979659196,2.003058572955403
11803,20260804_isolated_FBs_200_microL_006_C2_segmentation,55,spore,6.33617032403025,6.33617032403025,27.17212462777308,0.6094130575437918,3.3290450602814534,2.007813540592707
11804,20260804_isolated_FBs_200_microL_006_C2_segmentation,56,spore,11.489238305399251,11.489238305399251,25.26436431686253,0.9746228163094023,3.4705426266071715,2.554208190327265
11805,20260804_isolated_FBs_200_microL_006_C2_segmentation,57,spore,9.8328950256735,9.8328950256735,20.55354027801667,1.0799038460213448,3.1990336410935774,2.3741221522673777
11806,20260804_isolated_FBs_200_microL_006_C2_segmentation,58,spore,9.28078059909825,9.28078059909825,19.801173894409317,1.0785729494141407,2.7878647189523025,2.5113058624062314
11807,20260804_isolated_FBs_200_microL_006_C2_segmentation,59,spore,8.38688105130975,8.38688105130975,15.695675718465631,1.2718554720924848,2.5996889406061263,2.2870926305988837
11808,20260804_isolated_FBs_200_microL_006_C2_segmentation,60,spore,7.9925136037560005,7.9925136037560005,16.939345266106585,1.1412385337807898,2.7719084214768075,2.258800811690333
11809,20260804_isolated_FBs_200_microL_006_C2_segmentation,61,spore,8.8864131515445,8.8864131515445,19.01375441826474,1.0911905044631065,3.19240041783225,2.265287245067483
11810,20260804_isolated_FBs_200_microL_006_C2_segmentation,62,spore,13.723987174870501,13.723987174870501,25.18097500731391,1.1008592219197908,3.542587053679593,2.681584744287717
11811,20260804_isolated_FBs_200_microL_006_C2_segmentation,63,spore,9.780312699333,9.780312699333,19.331695273021932,1.1440614291501832,3.351282709963126,2.3131766964978118
11812,20260804_isolated_FBs_200_microL_006_C2_segmentation,64,spore,14.8807983543615,14.8807983543615,24.411634007292083,1.1985001576138414,3.552862260143675,2.7551244579647047
11813,20260804_isolated_FBs_200_microL_006_C2_segmentation,65,spore,8.59721035667175,8.59721035667175,19.94688686703344,1.017452247516424,2.7314487672914387,2.3892057084490417
11814,20260804_isolated_FBs_200_microL_006_C2_segmentation,66,spore,12.830087627082001,12.830087627082001,33.151650666427194,0.7994636378616458,3.4898880683138285,2.748301352802014
11815,20260804_isolated_FBs_200_microL_006_C2_segmentation,67,spore,9.543692230800751,9.543692230800751,27.117388301330266,0.8023808374384236,3.376247280014255,2.4809108963630577
11816,20260804_isolated_FBs_200_microL_006_C2_segmentation,68,spore,10.85825038931325,10.85825038931325,26.96640273463045,0.8793619632956271,3.1666647653712188,2.5753408841193206
11817,20260804_isolated_FBs_200_microL_006_C2_segmentation,69,spore,8.17655174594775,8.17655174594775,16.60213229079431,1.1822256581798973,2.777892142320874,2.2892160994183
11818,20260804_isolated_FBs_200_microL_006_C2_segmentation,70,spore,8.07138709326675,8.07138709326675,16.42739775360571,1.184533831317495,2.5401539629348746,2.3857621950718326
11821,20260804_isolated_FBs_200_microL_006_C2_segmentation,73,spore,8.833830825204,8.833830825204,15.618927478141462,1.323119189148135,2.670001135575816,2.224081379785344
11822,20260804_isolated_FBs_200_microL_006_C2_segmentation,74,spore,6.677955445243501,6.677955445243501,12.654982898038153,1.3551423153439135,2.436444665210172,2.164594383124791
11826,20260804_isolated_FBs_200_microL_006_C2_segmentation,78,spore,6.4676261398815,6.4676261398815,12.515807568425597,1.3412874231736935,2.4167684395666296,2.0748881188688926
11827,20260804_isolated_FBs_200_microL_006_C2_segmentation,79,spore,7.5455638298617504,7.5455638298617504,13.61173396708499,1.3667795436769175,2.5495124490368584,2.190229437825942
11828,20260804_isolated_FBs_200_microL_006_C2_segmentation,80,spore,8.9915778042255,8.9915778042255,18.782078023261548,1.1133483979908925,2.8959672964397565,2.108218393577344
11830,20260804_isolated_FBs_200_microL_006_C2_segmentation,82,spore,10.9897062051645,10.9897062051645,18.00386949881176,1.3277276199732577,2.9957589650596836,2.2338076622447907
11832,20260804_isolated_FBs_200_microL_006_C2_segmentation,84,spore,5.8366382237955,5.8366382237955,12.4645304713717,1.2577183120514803,2.333934434632463,2.035657878564221
11837,20260804_isolated_FBs_200_microL_006_C2_segmentation,89,spore,5.4159796130715,5.4159796130715,12.004566721152925,1.2423834248703574,2.4002555441542954,1.991495634596703
11838,20260804_isolated_FBs_200_microL_006_C2_segmentation,90,spore,10.22726247322725,10.22726247322725,16.98758145073321,1.3412987102739105,2.895328967755718,2.233568988917206
11840,20260804_isolated_FBs_200_microL_006_C2_segmentation,92,spore,9.780312699333,9.780312699333,16.71091374349331,1.3234851942528167,2.8539874526918876,2.2349698922186896
11843,20260804_isolated_FBs_200_microL_006_C2_segmentation,95,spore,6.8882847506055,6.8882847506055,13.524889798756412,1.294467398953936,2.415110854654811,2.1401603040766344
11844,20260804_isolated_FBs_200_microL_006_C2_segmentation,96,spore,5.33710612356075,5.33710612356075,11.044973169672556,1.3371804493243198,2.3038779671978733,1.9784800717424746
11845,20260804_isolated_FBs_200_microL_006_C2_segmentation,97,spore,6.70424660841375,6.70424660841375,16.940523895893605,1.0149795095386036,2.6218917013275576,2.049001012571196
11846,20260804_isolated_FBs_200_microL_006_C2_segmentation,98,spore,7.4141080140105,7.4141080140105,14.071904548222893,1.3066838290009104,2.560641468389212,2.1499843806686525
11847,20260804_isolated_FBs_200_microL_006_C2_segmentation,99,spore,6.65166428207325,6.65166428207325,12.86836138341118,1.3291717131026533,2.384674683643141,2.153359619123303
11872,20260804_isolated_FBs_200_microL_006_C2_segmentation,5,vc,5.49485310258225,5.49485310258225,52.049886897026035,0.28931329539380923,4.620829955497431,3.192870407123755
11933,20260804_isolated_FBs_usual_001_C2_segmentation,1,spore,9.43852757811975,9.43852757811975,27.891776689560828,0.7743621395653456,3.5076337610848216,2.2522871235699937
11934,20260804_isolated_FBs_usual_001_C2_segmentation,2,spore,17.22071187651375,17.22071187651375,37.39442993513521,0.8624050174396675,3.6215899109568674,2.9974520489925247
11935,20260804_isolated_FBs_usual_001_C2_segmentation,3,spore,14.775633701680501,14.775633701680501,34.86742610639871,0.8351445398101766,4.267654909461532,2.538069174249173
11936,20260804_isolated_FBs_usual_001_C2_segmentation,4,spore,7.2826521981592505,7.2826521981592505,26.42001357281663,0.6877186487026643,3.306148224537336,2.2390198746886534
11937,20260804_isolated_FBs_usual_001_C2_segmentation,5,spore,11.410364815888501,11.410364815888501,24.025541686802747,1.0201811380389656,3.481982198215158,2.4494927915783276
11945,20260804_isolated_FBs_usual_001_C2_segmentation,13,spore,8.01880476692625,8.01880476692625,14.280873309357005,1.3566540573692454,2.6030968046569267,2.1661985661203427
11948,20260804_isolated_FBs_usual_001_C2_segmentation,16,spore,7.0197405664567505,7.0197405664567505,14.757387780845333,1.2014029011229195,2.543542447054897,2.1233262517136717
11951,20260804_isolated_FBs_usual_001_C2_segmentation,19,spore,5.705182407944251,5.705182407944251,15.791243071787212,0.9777942870064652,2.483652774198332,2.051472918286467
11952,20260804_isolated_FBs_usual_001_C2_segmentation,20,spore,5.33710612356075,5.33710612356075,11.019177556095766,1.3403107546468007,2.591638796913836,1.5181001564047902
11953,20260804_isolated_FBs_usual_001_C2_segmentation,21,spore,5.442270776241751,5.442270776241751,11.086058047011903,1.3496683806381622,2.563239523365211,1.572167483764801
11956,20260804_isolated_FBs_usual_001_C2_segmentation,24,spore,5.38968844990125,5.38968844990125,11.71319957732947,1.269163837163613,2.35506738529831,1.9941440303470193
11972,20260804_isolated_FBs_usual_001_C2_segmentation,40,spore,5.2582326340500005,5.2582326340500005,8.879398410727788,1.6468742753032566,2.9348142547640195,2.356080457693621e-08
12007,20260804_isolated_FBs_usual_002_C2_segmentation,1,spore,6.8882847506055,6.8882847506055,18.523919656063647,0.9451309033940823,2.6134909332539684,2.218193564787147
12011,20260804_isolated_FBs_usual_002_C2_segmentation,5,spore,7.256361034989,7.256361034989,50.88363940414007,0.3562202028606345,5.232301626029969,3.120358303288872
12012,20260804_isolated_FBs_usual_002_C2_segmentation,6,spore,20.717436578157002,20.717436578157002,46.78221109573634,0.7797595915303818,4.648428375501481,2.939986525354083
12013,20260804_isolated_FBs_usual_002_C2_segmentation,7,spore,10.937123878824,10.937123878824,30.879871093178192,0.7716328944685156,3.5860922651150187,2.426471636723341
12014,20260804_isolated_FBs_usual_002_C2_segmentation,8,spore,17.746535139918752,17.746535139918752,41.106810972974955,0.8004103960514624,4.761136060552013,2.669966837807214
12016,20260804_isolated_FBs_usual_002_C2_segmentation,10,spore,18.324940729664252,18.324940729664252,40.675661155531174,0.8263763685705181,4.5873499907739435,2.7551624277176217
12017,20260804_isolated_FBs_usual_002_C2_segmentation,11,spore,17.772826303089,17.772826303089,44.95847427037767,0.7325606014152817,4.575500282203736,2.748464339890214
12018,20260804_isolated_FBs_usual_002_C2_segmentation,12,spore,18.508978871856,18.508978871856,40.643996609169896,0.8325481455982867,4.711551066262187,2.729937959304946
12019,20260804_isolated_FBs_usual_002_C2_segmentation,13,spore,18.53527003502625,18.53527003502625,59.03212118995167,0.573757462594564,4.381446178535303,3.0167232453458244
12020,20260804_isolated_FBs_usual_002_C2_segmentation,14,spore,18.5615611981965,18.5615611981965,49.586044082826575,0.6837032799843501,4.631373831738306,2.856968824342641
12021,20260804_isolated_FBs_usual_002_C2_segmentation,15,spore,15.827280228490501,15.827280228490501,90.49034107556966,0.3368884283756168,6.676243932778838,2.8532935150572274
12024,20260804_isolated_FBs_usual_002_C2_segmentation,18,spore,14.4601397436375,14.4601397436375,34.948092913311456,0.8213135152981702,3.9853107286801297,2.561641681153519
12025,20260804_isolated_FBs_usual_002_C2_segmentation,19,spore,18.482687708685752,18.482687708685752,40.28421325525032,0.8391881097794902,4.754630051445936,2.6520362360148853
12026,20260804_isolated_FBs_usual_002_C2_segmentation,20,spore,18.482687708685752,18.482687708685752,48.60061356476585,0.6955886005549501,4.645105201608323,2.7922183503068325
12027,20260804_isolated_FBs_usual_002_C2_segmentation,21,spore,19.823537030368502,19.823537030368502,46.233780902448444,0.7661470696404022,5.045846920283934,2.7309429389459527
12028,20260804_isolated_FBs_usual_002_C2_segmentation,22,spore,18.90334631940975,18.90334631940975,44.606331606543755,0.7693313139298793,5.177176528282123,2.6110447668456325
12029,20260804_isolated_FBs_usual_002_C2_segmentation,23,spore,18.482687708685752,18.482687708685752,43.25562385096438,0.7815407516050354,4.882007089924427,2.6713283460857205
12030,20260804_isolated_FBs_usual_002_C2_segmentation,24,spore,12.015061568804251,12.015061568804251,32.58402024551568,0.7785684330018939,3.844777470786033,2.4216987615895147
12031,20260804_isolated_FBs_usual_002_C2_segmentation,25,spore,18.4563965455155,18.4563965455155,45.78649351048091,0.7376403771974205,4.856138195148261,2.687318296207288
12032,20260804_isolated_FBs_usual_002_C2_segmentation,26,spore,18.1409025874725,18.1409025874725,39.695027833291896,0.8411122172572307,4.737154030288404,2.710048957932622
12033,20260804_isolated_FBs_usual_002_C2_segmentation,27,spore,17.6150793240675,17.6150793240675,46.622241154873656,0.7022321578029646,4.449696281707551,2.8007901573486444
12034,20260804_isolated_FBs_usual_002_C2_segmentation,28,spore,13.776569501211,13.776569501211,33.90340517559926,0.819725029959018,4.168044276228504,2.4950739197613774
12035,20260804_isolated_FBs_usual_002_C2_segmentation,29,spore,10.726794573462,10.726794573462,39.77477949705728,0.5913659563824384,3.406036602687061,2.5645637602564344
12036,20260804_isolated_FBs_usual_002_C2_segmentation,30,spore,17.772826303089,17.772826303089,42.480768653359725,0.7752874534584624,4.549974096760809,2.716396553698896
12038,20260804_isolated_FBs_usual_002_C2_segmentation,32,spore,18.06202909796175,18.06202909796175,48.66127228858922,0.6841400627713983,4.767801674379616,2.709367215633377
12039,20260804_isolated_FBs_usual_002_C2_segmentation,33,spore,19.63949888817675,19.63949888817675,45.69955604004733,0.7702985464658176,4.8695163432038315,2.7717142404419386
12040,20260804_isolated_FBs_usual_002_C2_segmentation,34,spore,14.9859630070425,14.9859630070425,35.476976732145026,0.8285663510184343,4.583712611842706,2.421398149987353
12041,20260804_isolated_FBs_usual_002_C2_segmentation,35,spore,19.139966787942,19.139966787942,47.386964557791856,0.7302182577961719,4.48563293664272,2.8582075500008837
12042,20260804_isolated_FBs_usual_002_C2_segmentation,36,spore,11.80473226344225,11.80473226344225,34.326754719082025,0.7303910991267857,3.927841137380676,2.384565370183896
12043,20260804_isolated_FBs_usual_002_C2_segmentation,37,spore,14.565304396318501,14.565304396318501,34.81675237822122,0.828404105565156,4.309480820553657,2.5370812258193367
12044,20260804_isolated_FBs_usual_002_C2_segmentation,38,spore,11.936188079293501,11.936188079293501,29.26516550952131,0.8630651401123411,3.6138008232911862,2.4918720198936324
12045,20260804_isolated_FBs_usual_002_C2_segmentation,39,spore,9.70143920982225,9.70143920982225,69.24040404268484,0.31769860568873176,6.548802294544352,2.908887285546816
12046,20260804_isolated_FBs_usual_002_C2_segmentation,40,spore,11.06857969467525,11.06857969467525,27.889245319069907,0.8612091319628804,3.526441875172274,2.41518037536985
12047,20260804_isolated_FBs_usual_002_C2_segmentation,41,spore,16.379394655065752,16.379394655065752,37.59314039377189,0.8296738766942935,4.6786813826073255,2.553620998427011
12048,20260804_isolated_FBs_usual_002_C2_segmentation,42,spore,11.857314589782751,11.857314589782751,29.53946184188261,0.8512800201756167,3.5852981555946193,2.4596915675970763
12049,20260804_isolated_FBs_usual_002_C2_segmentation,43,spore,14.828216028021,14.828216028021,35.6712184644756,0.818261497822117,4.425052660866617,2.4894069471189217
12050,20260804_isolated_FBs_usual_002_C2_segmentation,44,spore,12.33055552684725,12.33055552684725,31.308688811582456,0.8244057394386487,3.823421178119503,2.4905920089958022
12051,20260804_isolated_FBs_usual_002_C2_segmentation,45,spore,18.8770551562395,18.8770551562395,43.38531344115651,0.7902494730855761,4.632634514575635,2.7675498972441765
12052,20260804_isolated_FBs_usual_002_C2_segmentation,46,spore,18.00944677162125,18.00944677162125,59.34485529684798,0.5598881777294215,4.3424133676223775,2.9952271102532344
12053,20260804_isolated_FBs_usual_002_C2_segmentation,47,spore,16.694888613108752,16.694888613108752,38.26045945351191,0.8256379130012875,4.660825282471224,2.614259460952926
12054,20260804_isolated_FBs_usual_002_C2_segmentation,48,spore,14.74934253851025,14.74934253851025,36.88776008566413,0.7884671689188758,4.1375294366914,2.63348915881263
12055,20260804_isolated_FBs_usual_002_C2_segmentation,49,spore,15.69582441263925,15.69582441263925,39.16767527544032,0.7740085356140539,4.2542992175602405,2.665376526870931
12056,20260804_isolated_FBs_usual_002_C2_segmentation,50,spore,16.721179776279,16.721179776279,45.7085074275156,0.6918283614903361,4.264655923637505,2.8114385982144703
12057,20260804_isolated_FBs_usual_002_C2_segmentation,51,spore,15.012254170212751,15.012254170212751,35.86700432985671,0.8205145596125465,4.569790846147322,2.49870574895665
12058,20260804_isolated_FBs_usual_002_C2_segmentation,52,spore,13.90802531706225,13.90802531706225,36.13363489868753,0.7740151372134768,3.951757669891387,2.597515143773596
12059,20260804_isolated_FBs_usual_002_C2_segmentation,53,spore,9.675148046652,9.675148046652,37.67921990467263,0.5827567347019503,3.4246077401352233,2.4427361862411754
12060,20260804_isolated_FBs_usual_002_C2_segmentation,54,spore,13.776569501211,13.776569501211,34.67886146584511,0.8013951049302005,4.272768051464221,2.4862992492448988
12061,20260804_isolated_FBs_usual_002_C2_segmentation,55,spore,18.8770551562395,18.8770551562395,41.949626233462645,0.8172950313244423,4.778062173147556,2.729287958563531
12062,20260804_isolated_FBs_usual_002_C2_segmentation,56,spore,13.040416932444,13.040416932444,33.37042730959606,0.802878832275045,4.395285535440158,2.367023088125274
12063,20260804_isolated_FBs_usual_002_C2_segmentation,57,spore,18.6667258508775,18.6667258508775,47.04121341420369,0.7234097785302076,4.622859440664273,2.8016345365639417
12064,20260804_isolated_FBs_usual_002_C2_segmentation,58,spore,17.7202439767485,17.7202439767485,40.06940301108382,0.8203220471189653,4.6199887639995865,2.7318339793912965
12065,20260804_isolated_FBs_usual_002_C2_segmentation,59,spore,12.1465173846555,12.1465173846555,29.12674903286833,0.8773239018057754,3.583794203363607,2.4400984735554703
12066,20260804_isolated_FBs_usual_002_C2_segmentation,60,spore,8.70237500935275,8.70237500935275,27.518714162829806,0.7435003605496684,3.5495649582517688,2.056507361958025
12067,20260804_isolated_FBs_usual_002_C2_segmentation,61,spore,17.299585366024502,17.299585366024502,39.458819008099724,0.8197797213996137,4.597291909658034,2.676408406023105
12068,20260804_isolated_FBs_usual_002_C2_segmentation,62,spore,16.3531034918955,16.3531034918955,38.49129983730859,0.8094468499967132,4.513604000589424,2.581566326419185
12069,20260804_isolated_FBs_usual_002_C2_segmentation,63,spore,17.6150793240675,17.6150793240675,41.95435407979569,0.7803632716053137,4.656459143854627,2.660330034690848
12071,20260804_isolated_FBs_usual_002_C2_segmentation,65,spore,15.11741882289375,15.11741882289375,39.02012846069745,0.7577289141708938,4.507980914996714,2.520111055892355
12072,20260804_isolated_FBs_usual_002_C2_segmentation,66,spore,16.01131837068225,16.01131837068225,38.13621807222053,0.805560008105078,4.6695596403017605,2.533941463496852
12073,20260804_isolated_FBs_usual_002_C2_segmentation,67,spore,11.06857969467525,11.06857969467525,27.8754531134219,0.8616352406760067,3.602311228463562,2.3893249879209892
12074,20260804_isolated_FBs_usual_002_C2_segmentation,68,spore,13.355910890487001,13.355910890487001,33.16461447160397,0.8208393728915441,4.025590528757037,2.4476267420325746
12077,20260804_isolated_FBs_usual_002_C2_segmentation,71,spore,9.911768515184251,9.911768515184251,25.774018371246527,0.8657704485566402,3.627676134357173,2.289939888385184
12078,20260804_isolated_FBs_usual_002_C2_segmentation,72,spore,11.2000355105265,11.2000355105265,27.611350815140092,0.8767505971135006,3.6168786500377106,2.3705603678664167
12081,20260804_isolated_FBs_usual_002_C2_segmentation,75,spore,9.22819827275775,9.22819827275775,25.137417723808976,0.846398218032993,3.5833437550553153,2.1992439611909678
12082,20260804_isolated_FBs_usual_002_C2_segmentation,76,spore,5.7314735711145,5.7314735711145,23.299251128322695,0.6647418552581431,2.77994646272386,1.9582992924448364
12083,20260804_isolated_FBs_usual_002_C2_segmentation,77,spore,9.85918618884375,9.85918618884375,28.175836743571693,0.7891653609974641,3.6066132178779116,2.2381993111700265
12084,20260804_isolated_FBs_usual_002_C2_segmentation,78,spore,5.468561939412,5.468561939412,25.919043073543524,0.5791360300487614,3.1177837749134225,1.9572482773156785
12085,20260804_isolated_FBs_usual_002_C2_segmentation,79,spore,12.0413527319745,12.0413527319745,29.886781023895054,0.8500709374438297,3.7105503581869463,2.497662803900777
12086,20260804_isolated_FBs_usual_002_C2_segmentation,80,spore,11.331491326377751,11.331491326377751,28.342460709126936,0.8608046777704099,3.629983853235024,2.428693039441158
12087,20260804_isolated_FBs_usual_002_C2_segmentation,81,spore,11.7258587739315,11.7258587739315,30.066868259874543,0.8301547093695809,3.5194554090013006,2.451603510678177
12108,20260804_isolated_FBs_usual_002_C2_segmentation,16,vc,6.02067636598725,6.02067636598725,30.51325011850943,0.5245165275870779,3.134214579356466,2.0185411330979672
12117,20260804_isolated_FBs_usual_002_C2_segmentation,25,vc,5.968094039646751,5.968094039646751,33.66904102650399,0.4725819712047637,3.5717054099915404,1.8241176781084112
12130,20260804_isolated_FBs_usual_003_C2_segmentation,1,spore,9.254489435928,9.254489435928,42.80765094302847,0.4979637213082642,5.99592973895976,1.9187198705637594
12131,20260804_isolated_FBs_usual_003_C2_segmentation,2,spore,12.43572017952825,12.43572017952825,38.427639622863396,0.6754932954014082,4.209461840413482,2.384984763497221
12132,20260804_isolated_FBs_usual_003_C2_segmentation,3,spore,12.7775053007415,12.7775053007415,39.62186796336563,0.667083027792512,4.060374485908846,2.3829790191226228
12133,20260804_isolated_FBs_usual_003_C2_segmentation,4,spore,15.354039291426,15.354039291426,34.808341451534616,0.8582541111106033,3.554733977055594,2.79013167912166
12134,20260804_isolated_FBs_usual_003_C2_segmentation,5,spore,13.145581585125,13.145581585125,40.22522502175599,0.6696360801291479,4.337422932492086,2.4071833351239182
12137,20260804_isolated_FBs_usual_003_C2_segmentation,8,spore,10.437591778589251,10.437591778589251,29.573335703425094,0.7809993686334492,3.6749855760747,2.2896421222859296
12140,20260804_isolated_FBs_usual_003_C2_segmentation,11,spore,38.700592186608,38.700592186608,98.95855004673196,0.559125382366394,6.556701976923606,3.458878681911986
12141,20260804_isolated_FBs_usual_003_C2_segmentation,12,spore,16.3531034918955,16.3531034918955,36.33477311717648,0.8574888112032767,3.6215405416322115,2.948939900779266
12142,20260804_isolated_FBs_usual_003_C2_segmentation,13,spore,19.087384461601502,19.087384461601502,45.46682179848075,0.7596621259528058,4.5287548449345945,2.8138896064639822
12143,20260804_isolated_FBs_usual_003_C2_segmentation,14,spore,11.042288531505001,11.042288531505001,29.19011800297529,0.8215254105581584,3.3149924617040174,2.5046716604499664
12144,20260804_isolated_FBs_usual_003_C2_segmentation,15,spore,16.11648302336325,16.11648302336325,39.06898000092279,0.7897668518677848,3.9796014104401936,2.7759244770616434
12145,20260804_isolated_FBs_usual_003_C2_segmentation,16,spore,15.11741882289375,15.11741882289375,35.53650269772407,0.8320087044251168,4.272917877783638,2.5370046376522324
12146,20260804_isolated_FBs_usual_003_C2_segmentation,17,spore,16.48455930774675,16.48455930774675,39.128680476731446,0.800523003509088,4.52558642826577,2.6218406703857613
12147,20260804_isolated_FBs_usual_003_C2_segmentation,18,spore,16.48455930774675,16.48455930774675,38.413210777602316,0.8154332372769081,4.305739211651758,2.6927226259154455
12148,20260804_isolated_FBs_usual_003_C2_segmentation,19,spore,17.53620583455675,17.53620583455675,43.2261256368382,0.7551413222586865,4.245902425190498,2.780016620143431
12149,20260804_isolated_FBs_usual_003_C2_segmentation,20,spore,16.1427741865335,16.1427741865335,40.543368090738355,0.7618738742802218,4.0825255113648415,2.723862904363144
12150,20260804_isolated_FBs_usual_003_C2_segmentation,21,spore,14.74934253851025,14.74934253851025,40.72021956547953,0.7142591094267787,3.588215760717799,2.4724464954720853
12151,20260804_isolated_FBs_usual_003_C2_segmentation,22,spore,17.588788160897252,17.588788160897252,41.95576150543201,0.7795604458584485,4.07153715529552,2.8352500234845874
12152,20260804_isolated_FBs_usual_003_C2_segmentation,23,spore,16.16906534970375,16.16906534970375,39.283599480145185,0.7871595960620259,4.184992531790596,2.6918065994749916
12153,20260804_isolated_FBs_usual_003_C2_segmentation,24,spore,15.1962923124045,15.1962923124045,39.06430934415327,0.75950225339053,4.290798749732287,2.5699962399930456
12154,20260804_isolated_FBs_usual_003_C2_segmentation,25,spore,15.9324448811715,15.9324448811715,37.78714887507171,0.8103294377338571,4.3881867251081905,2.6265584270520916
12155,20260804_isolated_FBs_usual_003_C2_segmentation,26,spore,18.929637482580002,18.929637482580002,52.08956137465904,0.6594192514638451,4.55549546475178,2.8564794051439955
12156,20260804_isolated_FBs_usual_003_C2_segmentation,27,spore,15.80098906532025,15.80098906532025,38.24782528290465,0.7961597647631539,4.303599681151065,2.6409713848761633
12157,20260804_isolated_FBs_usual_003_C2_segmentation,28,spore,8.2554252354585,8.2554252354585,26.484036852177717,0.7458638753848016,3.5911469653267902,2.0403571642559495
12158,20260804_isolated_FBs_usual_003_C2_segmentation,29,spore,18.43010538234525,18.43010538234525,45.81114505852467,0.7365431411647942,4.584038600904141,2.7495119515687305
12159,20260804_isolated_FBs_usual_003_C2_segmentation,30,spore,14.933380680702001,14.933380680702001,43.806326478904296,0.6694519019891773,4.3695859135401385,2.532763028002895
12160,20260804_isolated_FBs_usual_003_C2_segmentation,31,spore,18.11461142430225,18.11461142430225,40.123801395177004,0.8313196907343893,4.642831911216428,2.6388577914139226
12161,20260804_isolated_FBs_usual_003_C2_segmentation,32,spore,9.49110990446025,9.49110990446025,27.091897849516833,0.8001830789739691,3.318620873350775,2.3244241354763204
12162,20260804_isolated_FBs_usual_003_C2_segmentation,33,spore,16.85263559213025,16.85263559213025,40.38427415101232,0.7871371253300362,4.524077474829466,2.670593428548107
12163,20260804_isolated_FBs_usual_003_C2_segmentation,34,spore,14.039481132913501,14.039481132913501,34.63832156338929,0.8125086437884389,3.99062889246552,2.6187808164078414
12164,20260804_isolated_FBs_usual_003_C2_segmentation,35,spore,10.358718289078501,10.358718289078501,30.497048632812785,0.7535238342061157,3.729898318775453,2.3206581258067245
12165,20260804_isolated_FBs_usual_003_C2_segmentation,36,spore,14.407557417297001,14.407557417297001,71.50963149653677,0.400417598957616,3.892831590746212,3.2553661910612535
12166,20260804_isolated_FBs_usual_003_C2_segmentation,37,spore,17.16812955017325,17.16812955017325,44.50069852704593,0.7232125449606035,4.131118221663453,2.86598653662497
12167,20260804_isolated_FBs_usual_003_C2_segmentation,38,spore,8.75495733569325,8.75495733569325,24.61723210908864,0.8344767865588532,3.2458084429336806,2.27403909389768
12168,20260804_isolated_FBs_usual_003_C2_segmentation,39,spore,9.85918618884375,9.85918618884375,30.76488063556632,0.7227524994665743,3.478975266399735,2.3290060444947134
12169,20260804_isolated_FBs_usual_003_C2_segmentation,40,spore,14.95967184387225,14.95967184387225,33.81519349827662,0.8682676603945426,3.624229458108236,2.7900477977787523
12170,20260804_isolated_FBs_usual_003_C2_segmentation,41,spore,10.095806657376,10.095806657376,26.219009870995407,0.8615791634104474,3.577887081408942,2.2647036731004118
12172,20260804_isolated_FBs_usual_003_C2_segmentation,43,spore,9.22819827275775,9.22819827275775,31.23245423623785,0.6812229806358553,3.4315992155063917,2.3183262336919315
12173,20260804_isolated_FBs_usual_003_C2_segmentation,44,spore,10.27984479956775,10.27984479956775,29.533966522488182,0.7741409685796903,3.553257393657757,2.3598135275181393
12174,20260804_isolated_FBs_usual_003_C2_segmentation,45,spore,11.042288531505001,11.042288531505001,28.082413640667173,0.8539302918716514,3.6715840950190692,2.3799993353507993
12175,20260804_isolated_FBs_usual_003_C2_segmentation,46,spore,6.59908195573275,6.59908195573275,19.67907657363763,0.8645731755318469,2.4213405651188578,2.165473053765813
12178,20260804_isolated_FBs_usual_003_C2_segmentation,49,spore,6.65166428207325,6.65166428207325,20.84008402222991,0.8207386268965001,3.221518436835922,1.9159222393371491
12179,20260804_isolated_FBs_usual_003_C2_segmentation,50,spore,11.936188079293501,11.936188079293501,29.18227550901934,0.8655166100079987,3.6285658648948163,2.484258043792545
12180,20260804_isolated_FBs_usual_003_C2_segmentation,51,spore,12.514593669039,12.514593669039,31.584004642773756,0.8253308872630637,3.573188773131056,2.547194434703719
12181,20260804_isolated_FBs_usual_003_C2_segmentation,52,spore,13.9343164802325,13.9343164802325,32.42628322377625,0.8635962203118975,3.6514092273497534,2.680907518733901
12183,20260804_isolated_FBs_usual_003_C2_segmentation,54,spore,16.16906534970375,16.16906534970375,35.954100753019745,0.8600538367256022,3.6356831375149827,2.8801751098717747
12184,20260804_isolated_FBs_usual_003_C2_segmentation,55,spore,12.33055552684725,12.33055552684725,29.580378180507484,0.8725737917568559,3.5674565780038012,2.535890234387341
12185,20260804_isolated_FBs_usual_003_C2_segmentation,56,spore,11.988770405634,11.988770405634,29.449734042314468,0.860173072360486,3.667828625937759,2.516593405914988
12186,20260804_isolated_FBs_usual_003_C2_segmentation,57,spore,9.59627455714125,9.59627455714125,25.53059446156999,0.8553784552649788,3.4705768203893115,2.2453192907008384
12187,20260804_isolated_FBs_usual_003_C2_segmentation,58,spore,5.705182407944251,5.705182407944251,20.29847494284752,0.760677208696641,2.3245743845889515,2.1380582540827273
12188,20260804_isolated_FBs_usual_003_C2_segmentation,59,spore,10.49017410492975,10.49017410492975,26.951946602168135,0.8598363168319693,3.3663305969544486,2.40766047097949
12189,20260804_isolated_FBs_usual_003_C2_segmentation,60,spore,12.987834606103501,12.987834606103501,30.606373696047193,0.8730318357941431,3.5741312596808967,2.5701301824049696
12190,20260804_isolated_FBs_usual_003_C2_segmentation,61,spore,9.80660386250325,9.80660386250325,29.540927382614555,0.7500192687336262,3.586982935472603,2.290484515935699
12191,20260804_isolated_FBs_usual_003_C2_segmentation,62,spore,14.197228111935,14.197228111935,32.7544235604012,0.8656650236569645,3.634245934484802,2.6914903716260112
12192,20260804_isolated_FBs_usual_003_C2_segmentation,63,spore,9.07045129373625,9.07045129373625,31.802931516743392,0.6613574257504979,3.4230985651000987,2.2429224514043486
12193,20260804_isolated_FBs_usual_003_C2_segmentation,64,spore,9.385945251779251,9.385945251779251,28.533888385864937,0.7541224054497432,3.5952703883911967,2.262567602257382
12194,20260804_isolated_FBs_usual_003_C2_segmentation,65,spore,11.7258587739315,11.7258587739315,30.723812918140922,0.8124041227705779,3.632011396604708,2.4428360454334186
12195,20260804_isolated_FBs_usual_003_C2_segmentation,66,spore,11.54182063173975,11.54182063173975,28.785701154682375,0.858005738797325,3.6202051789499174,2.472605200850933
12196,20260804_isolated_FBs_usual_003_C2_segmentation,67,spore,11.96247924246375,11.96247924246375,28.974261168236062,0.8730100008453475,3.6057573319890195,2.5011092693621495
12266,20260804_isolated_FBs_usual_004_C2_segmentation,1,spore,7.5192726666915,7.5192726666915,25.16909888291371,0.7374518678108011,2.634352594327782,2.326865827436475
12267,20260804_isolated_FBs_usual_004_C2_segmentation,2,spore,9.622565720311501,9.622565720311501,27.57048779898259,0.7935365440062154,3.425261396574753,2.313376823970278
12276,20260804_isolated_FBs_usual_004_C2_segmentation,11,spore,29.656432056042,29.656432056042,90.9460796447033,0.5094631091244979,5.708523083488753,3.220803778050135
12277,20260804_isolated_FBs_usual_004_C2_segmentation,12,spore,15.4066216177665,15.4066216177665,53.86318727104727,0.5559004432321711,4.007428913806074,2.8391128257682885
12278,20260804_isolated_FBs_usual_004_C2_segmentation,13,spore,14.696760212169751,14.696760212169751,35.52385044424332,0.8167926676311247,3.8043788655679998,2.7241860497959136
12279,20260804_isolated_FBs_usual_004_C2_segmentation,14,spore,16.82634442896,16.82634442896,39.141906609674486,0.8112760672584791,4.237349516048356,2.7814924614059016
12280,20260804_isolated_FBs_usual_004_C2_segmentation,15,spore,15.06483649655325,15.06483649655325,37.1931592461209,0.7931049672603777,4.086072805916433,2.608823507630002
12282,20260804_isolated_FBs_usual_004_C2_segmentation,17,spore,16.32681232872525,16.32681232872525,39.137942961034184,0.7952195755016885,4.207071555153046,2.735344894992475
12283,20260804_isolated_FBs_usual_004_C2_segmentation,18,spore,11.2000355105265,11.2000355105265,28.042592004923996,0.8632678573376416,3.581812974726824,2.409501733284632
12284,20260804_isolated_FBs_usual_004_C2_segmentation,19,spore,17.247003039684,17.247003039684,46.23000913409299,0.6982901326401987,4.410592688754308,2.751281597897862
12285,20260804_isolated_FBs_usual_004_C2_segmentation,20,spore,14.43384858046725,14.43384858046725,34.93295915352411,0.8206730622942882,4.0461106338135835,2.6082586030345514
12286,20260804_isolated_FBs_usual_004_C2_segmentation,21,spore,12.987834606103501,12.987834606103501,30.575440873250514,0.8739150720877563,3.6251878870437535,2.5558728816099716
12287,20260804_isolated_FBs_usual_004_C2_segmentation,22,spore,9.675148046652,9.675148046652,25.84634160296772,0.8495523078299995,3.5185176359419064,2.249945038284875
12288,20260804_isolated_FBs_usual_004_C2_segmentation,23,spore,15.879862554831,15.879862554831,37.02856688705882,0.8251097391769344,4.578995923754768,2.5532921064456318
12289,20260804_isolated_FBs_usual_004_C2_segmentation,24,spore,19.42916958281475,19.42916958281475,51.02116135792995,0.6850200406129701,4.559397769942867,2.88105310834123
12290,20260804_isolated_FBs_usual_004_C2_segmentation,25,spore,14.53901323314825,14.53901323314825,35.75189379950192,0.8057649290688907,4.389676124956333,2.4985800081643217
12291,20260804_isolated_FBs_usual_004_C2_segmentation,26,spore,15.4066216177665,15.4066216177665,37.54311303107352,0.797551594964698,4.016769514430221,2.687629929996585
12292,20260804_isolated_FBs_usual_004_C2_segmentation,27,spore,15.879862554831,15.879862554831,37.28940732807258,0.8193380736109432,4.525602405263492,2.5711462497091886
12293,20260804_isolated_FBs_usual_004_C2_segmentation,28,spore,17.69395281357825,17.69395281357825,38.91546407919084,0.8438109439587441,4.411990044708811,2.7462817673188007
12295,20260804_isolated_FBs_usual_004_C2_segmentation,30,spore,17.5099146713865,17.5099146713865,40.31900743089271,0.8087798303756519,4.51230313332378,2.7185421741810614
12296,20260804_isolated_FBs_usual_004_C2_segmentation,31,spore,16.27423000238475,16.27423000238475,124.97659630157348,0.24849771419768327,6.467317008584021,3.244100089636457
12299,20260804_isolated_FBs_usual_004_C2_segmentation,34,spore,11.38407365271825,11.38407365271825,30.48385946906614,0.8028097498776813,3.6560657740719917,2.3825536988398204
12302,20260804_isolated_FBs_usual_004_C2_segmentation,37,spore,12.22539087416625,12.22539087416625,32.13345387350138,0.7986721703959996,3.566793750949328,2.505631460820137
12303,20260804_isolated_FBs_usual_004_C2_segmentation,38,spore,18.6667258508775,18.6667258508775,49.19284163827105,0.6917688152271042,4.407274404997185,2.8552731754922593
12304,20260804_isolated_FBs_usual_004_C2_segmentation,39,spore,16.95780024481125,16.95780024481125,38.59003725004727,0.8271582457407329,4.528033833197406,2.6262319795761524
12305,20260804_isolated_FBs_usual_004_C2_segmentation,40,spore,14.039481132913501,14.039481132913501,35.17913205346083,0.800017909305086,4.35482766474493,2.429149425580612
12306,20260804_isolated_FBs_usual_004_C2_segmentation,41,spore,6.2310056713492505,6.2310056713492505,20.48850470193085,0.7992438290307564,3.233013410840639,1.8911748388071365
12307,20260804_isolated_FBs_usual_004_C2_segmentation,42,spore,18.90334631940975,18.90334631940975,63.76784444477031,0.5381559938751952,4.488120266822175,2.3319390183292104
12308,20260804_isolated_FBs_usual_004_C2_segmentation,43,spore,14.3549750909565,14.3549750909565,34.20928506276519,0.834978107298154,3.9241183381386393,2.646383321768773
12309,20260804_isolated_FBs_usual_004_C2_segmentation,44,spore,10.7793768998025,10.7793768998025,29.69925721593889,0.7945739237565882,3.5043593666789654,2.385902708802055
12310,20260804_isolated_FBs_usual_004_C2_segmentation,45,spore,10.91083271565375,10.91083271565375,28.152493075264896,0.8450307813785624,3.63703036895087,2.3669026427528688
12311,20260804_isolated_FBs_usual_004_C2_segmentation,46,spore,6.7568289347542505,6.7568289347542505,24.03519899519516,0.7191150062931305,2.8859387143483874,2.1387120786393683
12313,20260804_isolated_FBs_usual_004_C2_segmentation,48,spore,9.70143920982225,9.70143920982225,30.155945993474276,0.7294607778660189,3.549016679576977,2.3418612159571026
12322,20260804_isolated_FBs_usual_004_C2_segmentation,57,spore,12.80379646391175,12.80379646391175,30.758213871018647,0.8604959948585851,3.668849853347824,2.5999052201520176
12323,20260804_isolated_FBs_usual_004_C2_segmentation,58,spore,9.59627455714125,9.59627455714125,28.281405501831525,0.7721794608517634,3.6223399648274786,2.289697674563634
12325,20260804_isolated_FBs_usual_004_C2_segmentation,60,spore,9.12303362007675,9.12303362007675,26.831512227526716,0.7869222489344484,3.4298704052092095,2.276835124650062
12362,20260804_isolated_FBs_usual_004_C2_segmentation,31,vc,6.02067636598725,6.02067636598725,36.70768780010011,0.43600414400148924,3.5612627664593575,2.444095472101275
12369,20260804_isolated_FBs_usual_004_C2_segmentation,38,vc,9.385945251779251,9.385945251779251,99.05383173807672,0.2172358622459158,6.005019368687597,2.6962552880999056
12386,20260804_isolated_FBs_usual_004_C2_segmentation,55,vc,6.33617032403025,6.33617032403025,38.40708952844183,0.43114559714579753,3.5457375053742015,2.0355629037820693
12423,20260804_isolated_FBs_usual_006_C2_segmentation,1,spore,11.96247924246375,11.96247924246375,35.486857707067415,0.7127940144989923,3.296287948688985,2.852587749334853
12424,20260804_isolated_FBs_usual_006_C2_segmentation,2,spore,17.69395281357825,17.69395281357825,28.302482055713746,1.16022666897603,3.594343433582256,3.016294374132416
12425,20260804_isolated_FBs_usual_006_C2_segmentation,3,spore,11.568111794910001,11.568111794910001,29.091028556302014,0.8502892710646233,3.5154302336187477,2.4517749739218093
12426,20260804_isolated_FBs_usual_006_C2_segmentation,4,spore,6.7568289347542505,6.7568289347542505,20.061091672094335,0.8615718705243318,2.6090273659417025,2.140606403528005
12427,20260804_isolated_FBs_usual_006_C2_segmentation,5,spore,6.152132181838501,6.152132181838501,25.13864093245504,0.6458913004027095,3.121366069391757,2.0383985477688844
12428,20260804_isolated_FBs_usual_006_C2_segmentation,6,spore,11.147453184186,11.147453184186,28.73382599258268,0.8398616905809542,3.2651967728297544,2.5357781907997494
12432,20260804_isolated_FBs_usual_006_C2_segmentation,10,spore,16.616015123598,16.616015123598,38.215207032300256,0.8240100216303069,4.523148188599134,2.611997948589946
12433,20260804_isolated_FBs_usual_006_C2_segmentation,11,spore,17.772826303089,17.772826303089,41.39408041103556,0.7956405027768414,4.411467064568234,2.794861471110059
12434,20260804_isolated_FBs_usual_006_C2_segmentation,12,spore,17.37845885553525,17.37845885553525,45.9407123338439,0.7062534347705219,4.085486415039129,2.8940193410220427
12435,20260804_isolated_FBs_usual_006_C2_segmentation,13,spore,17.746535139918752,17.746535139918752,40.66003276805269,0.8092054189671835,4.4611629670044275,2.6809784199083078
12436,20260804_isolated_FBs_usual_006_C2_segmentation,14,spore,18.508978871856,18.508978871856,55.49561447722216,0.6097433882916296,4.386532748332875,2.935251947242651
12437,20260804_isolated_FBs_usual_006_C2_segmentation,15,spore,16.694888613108752,16.694888613108752,38.072626635686404,0.8297112304843854,3.8769059839794986,2.868793120413707
12438,20260804_isolated_FBs_usual_006_C2_segmentation,16,spore,23.63575569005475,23.63575569005475,50.22397235948457,0.7930235051975301,4.8707816467344776,3.033026739052106
12439,20260804_isolated_FBs_usual_006_C2_segmentation,17,spore,17.588788160897252,17.588788160897252,39.74709923658567,0.8228789716407715,4.66048068996897,2.6557354920770297
12440,20260804_isolated_FBs_usual_006_C2_segmentation,18,spore,17.8254086294295,17.8254086294295,46.54802173228856,0.7089395833385984,4.317277604828956,2.825511716387684
12441,20260804_isolated_FBs_usual_006_C2_segmentation,19,spore,13.881734153892001,13.881734153892001,34.071267285126424,0.819832226205276,4.408520408971074,2.4360848286527395
12442,20260804_isolated_FBs_usual_006_C2_segmentation,20,spore,18.00944677162125,18.00944677162125,43.11148048705594,0.7707107831693357,4.709468120397864,2.6903682563344873
12443,20260804_isolated_FBs_usual_006_C2_segmentation,21,spore,17.32587652919475,17.32587652919475,45.89566146890016,0.7055199536856388,4.417896020065127,2.7800707373623577
12444,20260804_isolated_FBs_usual_006_C2_segmentation,22,spore,10.411300615419,10.411300615419,36.79035975165261,0.626739039305031,3.934737923470265,2.353173168780061
12445,20260804_isolated_FBs_usual_006_C2_segmentation,23,spore,14.80192486485075,14.80192486485075,36.93676965560817,0.7892913506363318,3.869184397692064,2.7156082781914064
12446,20260804_isolated_FBs_usual_006_C2_segmentation,24,spore,11.489238305399251,11.489238305399251,30.843479884541086,0.7983283985769912,3.6860351325024405,2.3727460925192077
12447,20260804_isolated_FBs_usual_006_C2_segmentation,25,spore,16.6685974499385,16.6685974499385,46.979842593053455,0.6716947277086539,4.4586812611376345,2.7139253562692143
12448,20260804_isolated_FBs_usual_006_C2_segmentation,26,spore,18.4563965455155,18.4563965455155,48.248130918860625,0.7000056934934207,4.669189619925841,2.7924979881772094
12449,20260804_isolated_FBs_usual_006_C2_segmentation,27,spore,14.249810438275501,14.249810438275501,34.834333676493564,0.8159859386807838,4.374775715094704,2.450310271027197
12450,20260804_isolated_FBs_usual_006_C2_segmentation,28,spore,16.195356512874,16.195356512874,38.28320087221826,0.8086046307565479,4.535826201245569,2.5339798970353593
12451,20260804_isolated_FBs_usual_006_C2_segmentation,29,spore,15.85357139166075,15.85357139166075,38.724115851942805,0.7881109389253103,4.063493362841068,2.7309824069530753
12452,20260804_isolated_FBs_usual_006_C2_segmentation,30,spore,17.431041181875752,17.431041181875752,52.187847845240626,0.6229649648813151,4.556551383408,2.4496998800365803
12453,20260804_isolated_FBs_usual_006_C2_segmentation,31,spore,13.723987174870501,13.723987174870501,41.66683007242523,0.6652943961791475,4.373410919918054,2.465903258577913
12454,20260804_isolated_FBs_usual_006_C2_segmentation,32,spore,17.141838387003002,17.141838387003002,41.96502168311187,0.7661284736740093,4.353212438178489,2.7136776519715453
12455,20260804_isolated_FBs_usual_006_C2_segmentation,33,spore,14.64417788582925,14.64417788582925,44.90861830489844,0.6445615992931273,4.254143911458424,2.5984463870131664
12456,20260804_isolated_FBs_usual_006_C2_segmentation,34,spore,15.827280228490501,15.827280228490501,40.12865506868259,0.7596852856380317,4.224203389328239,2.7016301324960033
12457,20260804_isolated_FBs_usual_006_C2_segmentation,35,spore,15.5117862704475,15.5117862704475,44.57072595256792,0.6748526508539459,4.470758447552626,2.6257739206437636
12458,20260804_isolated_FBs_usual_006_C2_segmentation,36,spore,16.64230628676825,16.64230628676825,51.265148658960726,0.6148996470650125,3.970497028815003,2.963462313061534
12459,20260804_isolated_FBs_usual_006_C2_segmentation,37,spore,15.091127659723501,15.091127659723501,35.257005442012,0.8376318137888674,4.294801795365912,2.557071766433295
12460,20260804_isolated_FBs_usual_006_C2_segmentation,38,spore,26.9747334126765,26.9747334126765,57.082148372894,0.7620004981929758,5.303688594149313,3.119123177325294
12461,20260804_isolated_FBs_usual_006_C2_segmentation,39,spore,14.27610160144575,14.27610160144575,39.89591869334674,0.7133380787908118,4.339818687486307,2.4907934668161653
12462,20260804_isolated_FBs_usual_006_C2_segmentation,40,spore,16.74747093944925,16.74747093944925,38.40301916047072,0.8242992614925795,4.54113378563529,2.620447239932804
12463,20260804_isolated_FBs_usual_006_C2_segmentation,41,spore,15.43291278093675,15.43291278093675,42.69260076813633,0.7021503448920932,4.154563802835695,2.7324686216331444
12464,20260804_isolated_FBs_usual_006_C2_segmentation,42,spore,8.96528664105525,8.96528664105525,34.21972973665825,0.6098883472169176,3.466779361088312,2.3199907154868407
12465,20260804_isolated_FBs_usual_006_C2_segmentation,43,spore,14.565304396318501,14.565304396318501,35.14795689545947,0.820597928304897,4.182162685637172,2.5828452108501776
12466,20260804_isolated_FBs_usual_006_C2_segmentation,44,spore,12.12022622148525,12.12022622148525,29.494159279273084,0.8651443724846418,3.673098279230183,2.5365110942178015
12467,20260804_isolated_FBs_usual_006_C2_segmentation,45,spore,8.43946337765025,8.43946337765025,28.143119309204486,0.7122871583424246,3.438145276726203,2.110581916629875
12468,20260804_isolated_FBs_usual_006_C2_segmentation,46,spore,9.780312699333,9.780312699333,26.579278490251543,0.83210110199421,3.2742155020957187,2.3017349309505115
12469,20260804_isolated_FBs_usual_006_C2_segmentation,47,spore,13.01412576927375,13.01412576927375,30.600529310407264,0.8743765842947414,3.548452343529681,2.6014419112798035
12470,20260804_isolated_FBs_usual_006_C2_segmentation,48,spore,11.6206941212505,11.6206941212505,28.56941036394603,0.8684354845348703,3.446750457871226,2.459825896501654
12471,20260804_isolated_FBs_usual_006_C2_segmentation,49,spore,9.33336292543875,9.33336292543875,28.565977560532538,0.7504592865975378,3.408197985734531,2.2692245596168066
12472,20260804_isolated_FBs_usual_006_C2_segmentation,50,spore,6.677955445243501,6.677955445243501,20.234835702035152,0.8475138161541994,2.438762894387901,2.201236554145482
12473,20260804_isolated_FBs_usual_006_C2_segmentation,51,spore,12.59346715854975,12.59346715854975,30.272010711068766,0.864715144863812,3.4908893179074916,2.529493490521814
12474,20260804_isolated_FBs_usual_006_C2_segmentation,52,spore,11.410364815888501,11.410364815888501,28.178129438706666,0.869837883077381,3.4165102325937737,2.484993369810954
12475,20260804_isolated_FBs_usual_006_C2_segmentation,53,spore,12.6723406480605,12.6723406480605,30.069665801259845,0.8741650031362665,3.5675317447943695,2.5677752104002476
12476,20260804_isolated_FBs_usual_006_C2_segmentation,54,spore,13.461075543168,13.461075543168,31.277021078852297,0.8749406263248188,3.5742278855043614,2.6357823771346314
12477,20260804_isolated_FBs_usual_006_C2_segmentation,55,spore,7.6244373193725,7.6244373193725,29.72445984964017,0.6302439499960474,3.270207731384771,2.0869244655608594
12478,20260804_isolated_FBs_usual_006_C2_segmentation,56,spore,12.2516820373365,12.2516820373365,34.61072082769392,0.7425698153465725,3.551145977495676,2.580142681802141
12479,20260804_isolated_FBs_usual_006_C2_segmentation,57,spore,5.33710612356075,5.33710612356075,25.565116167153406,0.5777060463653781,2.3726547842456793,2.1959037512291655
12506,20260804_isolated_FBs_usual_006_C2_segmentation,24,vc,11.410364815888501,11.410364815888501,37.44798991483346,0.6545185606967989,3.626948360995261,2.3027607804831045
12554,20260804_isolated_FBs_usual_008_C2_segmentation,1,spore,12.06764389514475,12.06764389514475,25.834376484570537,0.9848448032508432,3.4802426075906654,2.5524885737366008
12555,20260804_isolated_FBs_usual_008_C2_segmentation,2,spore,13.277037400976251,13.277037400976251,36.65037245958265,0.7398434803493737,3.695017643095723,2.663050247698888
12556,20260804_isolated_FBs_usual_008_C2_segmentation,3,spore,12.80379646391175,12.80379646391175,25.111173817099782,1.0540056804111664,3.52774375693799,2.5674811669047366
12557,20260804_isolated_FBs_usual_008_C2_segmentation,4,spore,13.881734153892001,13.881734153892001,31.9044237501342,0.8755125347745135,3.9082234240678053,2.6221356122900525
12558,20260804_isolated_FBs_usual_008_C2_segmentation,5,spore,17.772826303089,17.772826303089,86.08884774497051,0.38256763579630393,6.215815365095626,2.836412410434839
12559,20260804_isolated_FBs_usual_008_C2_segmentation,6,spore,9.75402153616275,9.75402153616275,43.877765760327875,0.5031476236839157,3.6186021543738724,2.299558079904463
12560,20260804_isolated_FBs_usual_008_C2_segmentation,7,spore,11.489238305399251,11.489238305399251,24.08232324106365,1.0224605681224876,3.4659276003374764,2.499794980218669
12561,20260804_isolated_FBs_usual_008_C2_segmentation,8,spore,12.908961116592751,12.908961116592751,26.29629782405047,1.0120074504157195,3.4307616121298143,2.685946470623973
12562,20260804_isolated_FBs_usual_008_C2_segmentation,9,spore,8.9915778042255,8.9915778042255,26.128787609038866,0.8003048894202938,3.400076014680276,2.296193612147168
12563,20260804_isolated_FBs_usual_008_C2_segmentation,10,spore,13.17187274829525,13.17187274829525,42.24272136170978,0.6385044379573281,4.2184929700010825,2.1821668793370512
12564,20260804_isolated_FBs_usual_008_C2_segmentation,11,spore,12.6723406480605,12.6723406480605,30.060562912921792,0.87442971629003,3.471388434903283,2.6032581122361704
12565,20260804_isolated_FBs_usual_008_C2_segmentation,12,spore,11.857314589782751,11.857314589782751,37.07014712427333,0.6783451273725588,3.415496063513544,2.5820727099199092
12566,20260804_isolated_FBs_usual_008_C2_segmentation,13,spore,10.437591778589251,10.437591778589251,36.22281761661191,0.6376300363273725,3.2225401832123133,2.5431100694015263
12567,20260804_isolated_FBs_usual_008_C2_segmentation,14,spore,11.6206941212505,11.6206941212505,30.5509215681,0.8121093721177729,3.4493476803582452,2.500906748058628
12568,20260804_isolated_FBs_usual_008_C2_segmentation,15,spore,10.75308573663225,10.75308573663225,35.3021819886079,0.6673771208951222,3.3914240651847862,2.484484483422364
12569,20260804_isolated_FBs_usual_008_C2_segmentation,16,spore,10.64792108395125,10.64792108395125,35.155409151121724,0.6657868046495011,3.398424903617161,2.4830345314605817
12570,20260804_isolated_FBs_usual_008_C2_segmentation,17,spore,7.7296019720535005,7.7296019720535005,28.79068333083401,0.6566544711468477,3.007306136764359,2.199559987163491
12571,20260804_isolated_FBs_usual_008_C2_segmentation,18,spore,14.696760212169751,14.696760212169751,43.70383783262761,0.6639147042418473,3.9537964392381575,2.6658945268972105
12572,20260804_isolated_FBs_usual_008_C2_segmentation,19,spore,14.74934253851025,14.74934253851025,42.88622249295216,0.6781848825058454,3.44554712306641,2.8989607281217262
12573,20260804_isolated_FBs_usual_008_C2_segmentation,20,spore,12.6723406480605,12.6723406480605,34.986746337074024,0.7513087740774215,3.456784848957801,2.6369038527182598
12574,20260804_isolated_FBs_usual_008_C2_segmentation,21,spore,13.0929992587845,13.0929992587845,34.45950833377611,0.7795927829740749,3.48257043809286,2.672077884248229
12575,20260804_isolated_FBs_usual_008_C2_segmentation,22,spore,11.27890900003725,11.27890900003725,33.34578502981216,0.7293812142575883,3.4372983397095807,2.4997647433571473
12576,20260804_isolated_FBs_usual_008_C2_segmentation,23,spore,17.247003039684,17.247003039684,75.08480579813686,0.4299399707710828,5.645808956808386,2.67919589063178
12577,20260804_isolated_FBs_usual_008_C2_segmentation,24,spore,13.11929042195475,13.11929042195475,36.9436218360796,0.7281455815811928,3.889132176888672,2.493714533905982
12578,20260804_isolated_FBs_usual_008_C2_segmentation,25,spore,13.066708095614251,13.066708095614251,40.995511048324374,0.6544230877584541,3.7870624581202694,2.515421208792558
12579,20260804_isolated_FBs_usual_008_C2_segmentation,26,spore,8.4657545408205,8.4657545408205,31.73739015388649,0.6329314779354752,3.201388061385974,2.2844422646112825
12580,20260804_isolated_FBs_usual_008_C2_segmentation,27,spore,11.147453184186,11.147453184186,30.903872396337725,0.7808872417506253,3.501528411804294,2.418661031295414
12581,20260804_isolated_FBs_usual_008_C2_segmentation,28,spore,9.64885688348175,9.64885688348175,33.29604346472138,0.6582770858526543,3.324485908331732,2.3906036927650423
12583,20260804_isolated_FBs_usual_008_C2_segmentation,30,spore,7.9925136037560005,7.9925136037560005,29.126287627119524,0.6637245982800137,3.0536672880103257,2.2249798237026517
12584,20260804_isolated_FBs_usual_008_C2_segmentation,31,spore,7.571854993032,7.571854993032,25.972279757723484,0.7179743203026518,3.080046547860165,2.1697389121109407
12586,20260804_isolated_FBs_usual_008_C2_segmentation,33,spore,8.938995477885001,8.938995477885001,32.547033073589006,0.6399782251316479,3.258616521594562,2.3607166463675244
12593,20260804_isolated_FBs_usual_008_C2_segmentation,40,spore,6.9934494032865,6.9934494032865,22.240694957163193,0.7951762416616415,2.4737679781899122,2.2225908276249613
12594,20260804_isolated_FBs_usual_008_C2_segmentation,41,spore,7.0986140559675,7.0986140559675,20.433767521096676,0.8741474994717469,2.4885043097347994,2.1893884559779306
12595,20260804_isolated_FBs_usual_008_C2_segmentation,42,spore,6.2310056713492505,6.2310056713492505,22.808706838209254,0.7179412259205274,2.340251441838616,2.202210704532203
12598,20260804_isolated_FBs_usual_008_C2_segmentation,45,spore,12.43572017952825,12.43572017952825,42.15051700934204,0.6158314242644427,3.475552738902535,2.57469314472864
12599,20260804_isolated_FBs_usual_008_C2_segmentation,46,spore,12.935252279763,12.935252279763,48.31167222355231,0.5515886526895601,4.38163951425263,2.1672740041951197
12601,20260804_isolated_FBs_usual_008_C2_segmentation,48,spore,17.90428211894025,17.90428211894025,41.19494539939695,0.8034240005807612,4.915469018460495,2.562529873893556
12602,20260804_isolated_FBs_usual_008_C2_segmentation,49,spore,21.21696867839175,21.21696867839175,61.41013587075831,0.6035310566728784,4.930125327999484,2.5801750448146
12603,20260804_isolated_FBs_usual_008_C2_segmentation,50,spore,15.564368596788,15.564368596788,36.03554537750786,0.8365797797466982,3.7094442847727707,2.7862140044889614
12604,20260804_isolated_FBs_usual_008_C2_segmentation,51,spore,16.931509081641,16.931509081641,41.04323635867898,0.7769140422379155,4.043409923591219,2.8275008139255045
12605,20260804_isolated_FBs_usual_008_C2_segmentation,52,spore,14.828216028021,14.828216028021,35.529200392967255,0.8215322699933149,4.322759808490865,2.525904089728467
12606,20260804_isolated_FBs_usual_008_C2_segmentation,53,spore,14.74934253851025,14.74934253851025,35.02860335641489,0.8303153701723571,3.742821315362723,2.7394229230762193
12607,20260804_isolated_FBs_usual_008_C2_segmentation,54,spore,13.8291518275515,13.8291518275515,33.780806001272445,0.8247920763556832,3.8914082435072817,2.554584986389454
12608,20260804_isolated_FBs_usual_008_C2_segmentation,55,spore,14.512722069978,14.512722069978,35.69998161255697,0.8059635186627615,3.9802836774263444,2.602586096175831
12609,20260804_isolated_FBs_usual_008_C2_segmentation,56,spore,17.141838387003002,17.141838387003002,40.00108960282063,0.803743056226952,4.255220426713229,2.775681716725385
12610,20260804_isolated_FBs_usual_008_C2_segmentation,57,spore,14.092063459254,14.092063459254,33.635299120844266,0.8388260137688263,3.7875623869525405,2.639537415170883
12611,20260804_isolated_FBs_usual_008_C2_segmentation,58,spore,16.379394655065752,16.379394655065752,38.462404884741964,0.8109229420541681,4.542241550714431,2.6201320435907265
12612,20260804_isolated_FBs_usual_008_C2_segmentation,59,spore,17.48362350821625,17.48362350821625,42.399575037816675,0.7683225585609968,4.173189556912501,2.8327343726906364
12613,20260804_isolated_FBs_usual_008_C2_segmentation,60,spore,19.79724586719825,19.79724586719825,41.37700793108458,0.8553192104196423,4.728242222220666,2.77254515963887
12614,20260804_isolated_FBs_usual_008_C2_segmentation,61,spore,9.622565720311501,9.622565720311501,30.946658358699743,0.7069645242785887,3.427458267960585,2.2314993691957454
12615,20260804_isolated_FBs_usual_008_C2_segmentation,62,spore,10.2535536363975,10.2535536363975,29.99517192350447,0.7609375936213985,3.775114345438422,2.245594208482485
12616,20260804_isolated_FBs_usual_008_C2_segmentation,63,spore,9.3070717622685,9.3070717622685,27.029265153691654,0.791635498980555,3.062189943705167,2.332815028125046
12617,20260804_isolated_FBs_usual_008_C2_segmentation,64,spore,8.80753966203375,8.80753966203375,24.687441173762085,0.8354320227379575,3.103605802634156,2.2587600272909927
12618,20260804_isolated_FBs_usual_008_C2_segmentation,65,spore,10.27984479956775,10.27984479956775,28.983466854399012,0.7888446735711677,3.5408269553312475,2.285580060072704
12619,20260804_isolated_FBs_usual_008_C2_segmentation,66,spore,16.80005326578975,16.80005326578975,53.475174931838424,0.5932062020762768,4.590848746001824,2.7188718237178415
12620,20260804_isolated_FBs_usual_008_C2_segmentation,67,spore,12.093935058315001,12.093935058315001,32.53852229096171,0.7830654331948205,3.966251462611627,2.370595085273553
12621,20260804_isolated_FBs_usual_008_C2_segmentation,68,spore,17.5099146713865,17.5099146713865,39.229682902458684,0.8312379193059525,4.550089203457294,2.6492303392743084
12622,20260804_isolated_FBs_usual_008_C2_segmentation,69,spore,17.16812955017325,17.16812955017325,38.049781672308086,0.8458251800612033,4.346909305795334,2.7298669226868375
12623,20260804_isolated_FBs_usual_008_C2_segmentation,70,spore,14.9859630070425,14.9859630070425,35.069586495965815,0.838191495628291,3.8383124074222916,2.693679667269843
12624,20260804_isolated_FBs_usual_008_C2_segmentation,71,spore,12.59346715854975,12.59346715854975,29.98639206179503,0.8729515065832739,3.616465858289398,2.528741227827934
12625,20260804_isolated_FBs_usual_008_C2_segmentation,72,spore,7.49298150352125,7.49298150352125,22.184974414227955,0.834695936640707,3.0593694743437383,2.0826971962980974
12626,20260804_isolated_FBs_usual_008_C2_segmentation,73,spore,13.8291518275515,13.8291518275515,32.10518628976574,0.8678392603390599,3.6255127898999175,2.698837800954246
12627,20260804_isolated_FBs_usual_008_C2_segmentation,74,spore,15.27516580191525,15.27516580191525,35.63597183402709,0.8354480944017232,4.261648278244377,2.5551166511168124
12628,20260804_isolated_FBs_usual_008_C2_segmentation,75,spore,12.199099710996,12.199099710996,29.571169295885753,0.8666308554976305,3.648754974260513,2.5351629422045847
12629,20260804_isolated_FBs_usual_008_C2_segmentation,76,spore,11.462947142229,11.462947142229,30.396279144915198,0.8088374043420673,4.113267287587419,2.2848623988747105
12630,20260804_isolated_FBs_usual_008_C2_segmentation,77,spore,13.8291518275515,13.8291518275515,34.88282308212705,0.798735270283608,4.13834083527852,2.5495818446008234
12631,20260804_isolated_FBs_usual_008_C2_segmentation,78,spore,11.489238305399251,11.489238305399251,28.329448750092233,0.8691741981985146,3.608361268672479,2.4473739073704954
12632,20260804_isolated_FBs_usual_008_C2_segmentation,79,spore,11.147453184186,11.147453184186,28.05640675159778,0.8601400702752193,3.594289750915911,2.405579755380171
12633,20260804_isolated_FBs_usual_008_C2_segmentation,80,spore,12.383137853187751,12.383137853187751,30.875695231333445,0.83834192237628,3.655258321333758,2.516266140036342
12634,20260804_isolated_FBs_usual_008_C2_segmentation,81,spore,12.5671759953795,12.5671759953795,30.141949155596556,0.8672372487444647,3.587061024908378,2.5297582826022427
12635,20260804_isolated_FBs_usual_008_C2_segmentation,82,spore,17.247003039684,17.247003039684,39.49835379410964,0.8172988519591815,4.589144263529243,2.649140656984471
12636,20260804_isolated_FBs_usual_008_C2_segmentation,83,spore,12.33055552684725,12.33055552684725,31.345134857655157,0.8234471750649867,4.048602818539911,2.407040801133786
12637,20260804_isolated_FBs_usual_008_C2_segmentation,84,spore,12.015061568804251,12.015061568804251,29.459041920891217,0.8611579986741692,3.561982597962886,2.4683288164570962
12638,20260804_isolated_FBs_usual_008_C2_segmentation,85,spore,17.22071187651375,17.22071187651375,38.584870918606796,0.8357976386233078,4.438001482952303,2.692582315762518
12639,20260804_isolated_FBs_usual_008_C2_segmentation,86,spore,14.302392764616,14.302392764616,35.38481316777455,0.805266596630806,4.479954401938802,2.4283748882823075
12640,20260804_isolated_FBs_usual_008_C2_segmentation,87,spore,14.8807983543615,14.8807983543615,35.63237645017791,0.8210888557000776,4.4569311666693405,2.4764449419378116
12641,20260804_isolated_FBs_usual_008_C2_segmentation,88,spore,17.431041181875752,17.431041181875752,38.67499205641056,0.8406259205618339,4.338854005537244,2.7307933739983548
12643,20260804_isolated_FBs_usual_008_C2_segmentation,90,spore,12.514593669039,12.514593669039,32.451536415778264,0.8032671933051228,4.213271985534537,2.3624007249584933
12644,20260804_isolated_FBs_usual_008_C2_segmentation,91,spore,12.6723406480605,12.6723406480605,30.64457080840306,0.8577653008687903,3.683898791438254,2.501502939986319
12645,20260804_isolated_FBs_usual_008_C2_segmentation,92,spore,13.67140484853,13.67140484853,31.761009794258257,0.8705597533993031,3.637714241145691,2.6454412697989333
12646,20260804_isolated_FBs_usual_008_C2_segmentation,93,spore,15.95873604434175,15.95873604434175,52.24073934635251,0.5867779751775071,3.4524915618787126,3.179861377305216
12647,20260804_isolated_FBs_usual_008_C2_segmentation,94,spore,13.01412576927375,13.01412576927375,31.18166985492667,0.8580806101959784,3.6656517986709574,2.575315088010698
12648,20260804_isolated_FBs_usual_008_C2_segmentation,95,spore,16.537141634087252,16.537141634087252,45.381700027101964,0.6916881376772764,3.922171047994086,2.904180431322601
12649,20260804_isolated_FBs_usual_008_C2_segmentation,96,spore,13.4084932168275,13.4084932168275,33.82254345814427,0.8069832344662067,4.233078583481904,2.446411590336847
12650,20260804_isolated_FBs_usual_008_C2_segmentation,97,spore,14.22351927510525,14.22351927510525,32.986848769218355,0.8606264160285846,3.6906136552143476,2.667004290997562
12651,20260804_isolated_FBs_usual_008_C2_segmentation,98,spore,14.512722069978,14.512722069978,34.2598100777922,0.839843616509228,3.991509344072577,2.650512930915851
12652,20260804_isolated_FBs_usual_008_C2_segmentation,99,spore,14.696760212169751,14.696760212169751,34.90251983098865,0.8313331160439804,4.180232521133467,2.577121025120689
12653,20260804_isolated_FBs_usual_008_C2_segmentation,100,spore,16.06390069702275,16.06390069702275,36.93926682686168,0.8334825793502149,4.056735404949129,2.7548028733876655
12654,20260804_isolated_FBs_usual_008_C2_segmentation,101,spore,14.27610160144575,14.27610160144575,32.48124495140389,0.8761757141662866,3.631869718700747,2.7350111248787323
12655,20260804_isolated_FBs_usual_008_C2_segmentation,102,spore,16.58972396042775,16.58972396042775,45.502718443013464,0.6913100774259237,3.876928405393048,2.9718623997383595
12656,20260804_isolated_FBs_usual_008_C2_segmentation,103,spore,16.300521165555,16.300521165555,37.358168652514905,0.8322098902663811,4.4081302733690775,2.6137439852238606
12657,20260804_isolated_FBs_usual_008_C2_segmentation,104,spore,14.407557417297001,14.407557417297001,33.6821731451652,0.8501148314504554,3.6494568223426325,2.659439480237779
12658,20260804_isolated_FBs_usual_008_C2_segmentation,105,spore,16.694888613108752,16.694888613108752,37.83271682901082,0.8349727046154061,4.372150752728765,2.6750076622013745
12659,20260804_isolated_FBs_usual_008_C2_segmentation,106,spore,16.43197698140625,16.43197698140625,37.12443326043598,0.8419458693731173,4.097273749168212,2.7762681859652174
12660,20260804_isolated_FBs_usual_008_C2_segmentation,107,spore,17.247003039684,17.247003039684,40.397561031711476,0.7991066387612494,4.085728113533587,2.8290969618925867
12661,20260804_isolated_FBs_usual_008_C2_segmentation,108,spore,16.537141634087252,16.537141634087252,37.81587374251151,0.8300742643184587,4.18464256032329,2.7136730759692784
12662,20260804_isolated_FBs_usual_008_C2_segmentation,109,spore,10.85825038931325,10.85825038931325,28.32216369526696,0.8372675586119863,3.52098565022993,2.3936105969641
12663,20260804_isolated_FBs_usual_008_C2_segmentation,110,spore,8.097678256437,8.097678256437,23.494821448183032,0.8300144507489277,3.3734899657280963,2.111532350793029
12664,20260804_isolated_FBs_usual_008_C2_segmentation,111,spore,7.86105778790475,7.86105778790475,23.033787891746123,0.8300535037245853,3.216598806855946,2.157869714426758
12666,20260804_isolated_FBs_usual_008_C2_segmentation,113,spore,9.96435084152475,9.96435084152475,27.206317561637142,0.8230894500695825,3.4363497526029954,2.342964266206848
12667,20260804_isolated_FBs_usual_008_C2_segmentation,114,spore,5.02161216551775,5.02161216551775,16.344699823196407,0.8676327845756195,2.2646482001727075,1.964944274780805
12668,20260804_isolated_FBs_usual_008_C2_segmentation,115,spore,12.69863181123075,12.69863181123075,32.96961855548979,0.7983772555208999,3.5920860475481136,2.565929277072087
12673,20260804_isolated_FBs_usual_008_C2_segmentation,120,spore,5.5211442657525005,5.5211442657525005,17.491271771085522,0.8636719208015378,2.325184021525947,2.0182548808198835
12674,20260804_isolated_FBs_usual_008_C2_segmentation,121,spore,10.726794573462,10.726794573462,29.33424293775908,0.8018427667311993,3.5963647481117804,2.40695649752444
12675,20260804_isolated_FBs_usual_008_C2_segmentation,122,spore,7.33523452449975,7.33523452449975,21.73704093907808,0.8398976582235663,3.2818501814435237,1.9044067323622702
12678,20260804_isolated_FBs_usual_008_C2_segmentation,2,vc,5.5211442657525005,5.5211442657525005,56.76408558346716,0.26613165934967625,4.234640860259934,2.4362825984187078
12715,20260804_isolated_FBs_usual_008_C2_segmentation,39,vc,7.96622244058575,7.96622244058575,29.19458387132262,0.6607189878544967,3.5264527017314258,2.0694583248800886
